2026-01-22 00:12:57,194 - __main__ - INFO - User initialization complete.
2026-01-22 00:13:12,587 - __main__ - INFO - User initialization complete.
2026-01-22 00:14:13,132 - __main__ - INFO - User initialization complete.
2026-01-22 00:14:22,272 - __main__ - INFO - User initialization complete.
2026-01-22 00:14:33,272 - __main__ - INFO - User initialization complete.
2026-01-22 00:14:58,164 - __main__ - INFO - User initialization complete.
2026-01-22 00:15:49,239 - __main__ - INFO - User initialization complete.
2026-01-22 00:16:03,112 - __main__ - INFO - User initialization complete.
2026-01-22 00:17:34,429 - __main__ - INFO - User initialization complete.
2026-01-22 00:18:32,806 - __main__ - INFO - User initialization complete.
2026-01-22 00:18:48,936 - __main__ - INFO - User initialization complete.
2026-01-22 00:19:02,372 - __main__ - INFO - User initialization complete.
2026-01-22 00:19:12,833 - __main__ - INFO - User initialization complete.
2026-01-22 00:21:18,059 - __main__ - INFO - Fetching graph data for ACK: 32906250036984
2026-01-22 00:21:18,150 - __main__ - INFO - Found 86 transactions for ACK 32906250036984
2026-01-22 00:21:18,160 - __main__ - INFO - Built hierarchy with 2 root children
2026-01-22 00:22:50,128 - __main__ - INFO - User initialization complete.
2026-01-22 00:23:36,160 - __main__ - INFO - Fetching graph data for ACK: 22912250105209
2026-01-22 00:23:36,242 - __main__ - INFO - Found 196 transactions for ACK 22912250105209
2026-01-22 00:23:36,250 - __main__ - INFO - Built hierarchy with 1 root children
2026-01-22 00:26:09,727 - __main__ - INFO - User initialization complete.
2026-01-22 00:26:23,404 - __main__ - INFO - User initialization complete.
2026-01-22 00:26:58,589 - __main__ - INFO - User initialization complete.
2026-01-22 00:27:01,771 - __main__ - INFO - User initialization complete.
2026-01-22 00:29:55,803 - __main__ - INFO - User initialization complete.
2026-01-22 00:33:46,725 - __main__ - INFO - User initialization complete.
2026-01-22 00:33:55,915 - __main__ - INFO - User initialization complete.
2026-01-22 00:34:55,122 - __main__ - INFO - User initialization complete.
2026-01-22 00:35:29,564 - __main__ - INFO - User initialization complete.
2026-01-22 00:35:32,649 - __main__ - INFO - User initialization complete.
2026-01-22 00:36:59,558 - __main__ - INFO - User initialization complete.
2026-01-22 00:39:00,395 - __main__ - INFO - User initialization complete.
2026-01-22 00:39:17,139 - __main__ - INFO - User initialization complete.
2026-01-22 00:42:02,031 - __main__ - INFO - User initialization complete.
2026-01-22 00:42:14,297 - __main__ - INFO - User initialization complete.
2026-01-22 00:43:46,438 - __main__ - INFO - User initialization complete.
2026-01-22 00:44:05,805 - __main__ - INFO - User initialization complete.
2026-01-22 12:33:45,987 - __main__ - INFO - User initialization complete.
2026-01-22 12:33:49,450 - __main__ - INFO - User initialization complete.
2026-01-22 12:34:13,588 - __main__ - INFO - Fetching graph data for ACK: 22912250105209
2026-01-22 12:34:13,726 - __main__ - INFO - Found 196 transactions for ACK 22912250105209
2026-01-22 12:34:13,734 - __main__ - INFO - Built hierarchy with 1 root children
2026-01-22 12:36:59,467 - __main__ - INFO - User initialization complete.
2026-01-22 12:37:36,991 - __main__ - INFO - User initialization complete.
2026-01-22 12:37:47,102 - __main__ - INFO - User initialization complete.
2026-01-22 12:38:15,105 - __main__ - INFO - User initialization complete.
2026-01-22 12:42:20,066 - __main__ - INFO - Fetching graph data for ACK: 22912250105209
2026-01-22 12:42:20,175 - __main__ - INFO - Found 196 transactions for ACK 22912250105209
2026-01-22 12:42:20,188 - __main__ - INFO - Built hierarchy with 1 root children
2026-01-22 12:44:09,137 - __main__ - INFO - User initialization complete.
2026-01-22 12:44:23,218 - __main__ - INFO - User initialization complete.
2026-01-22 12:50:15,492 - __main__ - INFO - User initialization complete.
2026-01-22 12:50:28,564 - __main__ - INFO - User initialization complete.
2026-01-22 12:50:41,057 - __main__ - INFO - User initialization complete.
2026-01-22 12:50:54,024 - __main__ - INFO - User initialization complete.
2026-01-22 12:51:05,187 - __main__ - INFO - User initialization complete.
2026-01-22 12:53:57,280 - __main__ - INFO - User initialization complete.
2026-01-22 12:54:50,044 - __main__ - INFO - User initialization complete.
2026-01-22 12:55:19,403 - __main__ - INFO - User initialization complete.
2026-01-22 12:58:35,267 - __main__ - INFO - User initialization complete.
2026-01-22 12:58:38,405 - __main__ - INFO - User initialization complete.
2026-01-22 12:59:00,116 - __main__ - INFO - Fetching graph data for ACK: 22912250105209
2026-01-22 12:59:00,204 - __main__ - INFO - Found 196 transactions for ACK 22912250105209
2026-01-22 12:59:00,211 - __main__ - INFO - Built hierarchy with 1 root children
2026-01-22 13:03:49,191 - __main__ - INFO - Fetching graph data for ACK: 22912250105209
2026-01-22 13:03:59,842 - __main__ - INFO - Found 196 transactions for ACK 22912250105209
2026-01-22 13:04:00,040 - __main__ - INFO - Built hierarchy with 1 root children
2026-01-22 13:04:15,700 - __main__ - INFO - Fetching graph data for ACK: 22912250105209
2026-01-22 13:04:18,723 - __main__ - INFO - Found 196 transactions for ACK 22912250105209
2026-01-22 13:04:18,856 - __main__ - INFO - Built hierarchy with 1 root children
2026-01-22 13:13:15,106 - __main__ - INFO - Fetching graph data for ACK: 22912250105209
2026-01-22 13:13:29,151 - __main__ - INFO - Found 196 transactions for ACK 22912250105209
2026-01-22 13:13:29,359 - __main__ - INFO - Built hierarchy with 1 root children
2026-01-22 13:15:14,995 - __main__ - INFO - [atm_data] Rows extracted: 27
2026-01-22 13:17:47,573 - __main__ - INFO - User initialization complete.
2026-01-22 13:19:00,335 - __main__ - INFO - Fetching graph data for ACK: 22912250105209
2026-01-22 13:19:00,363 - __main__ - INFO - Found 196 transactions for ACK 22912250105209
2026-01-22 13:19:00,366 - __main__ - INFO - Built hierarchy with 1 root children
2026-01-22 13:19:04,521 - __main__ - INFO - [atm_data] Built layer map for 313 accounts
2026-01-22 13:19:04,522 - __main__ - INFO - [atm_data] Found account column: Account No./ (Wallet /PG/PA) Id
2026-01-22 13:19:04,529 - __main__ - INFO - [atm_data] Rows extracted: 27
2026-01-22 13:20:00,492 - __main__ - INFO - [atm_data] Built layer map for 313 accounts
2026-01-22 13:20:00,493 - __main__ - INFO - [atm_data] Found account column: Account No./ (Wallet /PG/PA) Id
2026-01-22 13:20:00,500 - __main__ - INFO - [atm_data] Rows extracted: 27
2026-01-22 13:21:12,237 - __main__ - INFO - User initialization complete.
2026-01-22 13:22:33,364 - __main__ - INFO - User initialization complete.
2026-01-22 13:22:35,241 - __main__ - INFO - User initialization complete.
2026-01-22 13:22:56,829 - __main__ - INFO - Fetching graph data for ACK: 22912250105209
2026-01-22 13:22:56,873 - __main__ - INFO - Found 196 transactions for ACK 22912250105209
2026-01-22 13:22:56,879 - __main__ - INFO - Built hierarchy with 1 root children
2026-01-22 13:25:57,221 - __main__ - INFO - Fetching graph data for ACK: 22912250105209
2026-01-22 13:25:58,769 - __main__ - INFO - Found 196 transactions for ACK 22912250105209
2026-01-22 13:25:58,800 - __main__ - INFO - Built hierarchy with 1 root children
2026-01-22 13:26:15,859 - __main__ - INFO - [atm_data] Built layer map for 158 accounts
2026-01-22 13:26:15,860 - __main__ - INFO - [atm_data] Found account column: Account No./ (Wallet /PG/PA) Id
2026-01-22 13:26:15,870 - __main__ - INFO - [atm_data] Rows extracted: 27
2026-01-22 13:26:39,228 - __main__ - INFO - Fetching graph data for ACK: 22903250021752
2026-01-22 13:26:39,397 - __main__ - INFO - Found 3923 transactions for ACK 22903250021752
2026-01-22 13:26:40,098 - __main__ - INFO - Built hierarchy with 3 root children
2026-01-22 13:27:07,591 - __main__ - INFO - [atm_data] Built layer map for 2205 accounts
2026-01-22 13:27:07,592 - __main__ - INFO - [atm_data] Found account column: Account No./ (Wallet /PG/PA) Id
2026-01-22 13:27:07,597 - __main__ - INFO - [atm_data] Rows extracted: 219
2026-01-22 13:33:39,869 - __main__ - INFO - Fetching graph data for ACK: 22903250021752
2026-01-22 13:33:40,235 - __main__ - INFO - Found 3923 transactions for ACK 22903250021752
2026-01-22 13:33:42,420 - __main__ - INFO - Built hierarchy with 3 root children
2026-01-22 14:54:51,859 - __main__ - INFO - User initialization complete.
2026-01-22 14:54:57,205 - __main__ - INFO - User initialization complete.
2026-01-22 15:00:45,846 - __main__ - INFO - Fetching graph data for ACK: 22912250105209
2026-01-22 15:00:45,948 - __main__ - INFO - Found 196 transactions for ACK 22912250105209
2026-01-22 15:00:45,957 - __main__ - INFO - Built hierarchy with 1 root children
2026-01-22 15:02:01,777 - __main__ - INFO - Fetching graph data for ACK: 32906250036984
2026-01-22 15:02:05,432 - __main__ - INFO - Found 86 transactions for ACK 32906250036984
2026-01-22 15:02:05,533 - __main__ - INFO - Built hierarchy with 2 root children
2026-01-22 15:08:54,623 - __main__ - INFO - User initialization complete.
2026-01-22 15:09:40,994 - __main__ - INFO - User initialization complete.
2026-01-22 15:10:05,914 - __main__ - INFO - User initialization complete.
2026-01-22 15:10:29,291 - __main__ - INFO - User initialization complete.
2026-01-22 15:12:05,996 - __main__ - INFO - User initialization complete.
2026-01-22 15:13:19,603 - __main__ - INFO - User initialization complete.
2026-01-22 15:13:24,694 - __main__ - INFO - User initialization complete.
2026-01-22 15:16:35,323 - __main__ - INFO - User initialization complete.
2026-01-22 15:18:04,589 - __main__ - INFO - User initialization complete.
2026-01-22 15:19:09,293 - __main__ - INFO - User initialization complete.
2026-01-22 15:20:03,547 - __main__ - INFO - User initialization complete.
2026-01-22 15:23:00,453 - __main__ - INFO - User initialization complete.
2026-01-22 15:25:33,928 - __main__ - INFO - User initialization complete.
2026-01-22 15:25:41,669 - __main__ - INFO - User initialization complete.
2026-01-22 15:35:55,939 - __main__ - INFO - Fetching graph data for ACK: 22903250021752
2026-01-22 15:35:56,531 - __main__ - INFO - Found 3923 transactions for ACK 22903250021752
2026-01-22 15:36:01,384 - __main__ - INFO - Built hierarchy with 3 root children
2026-01-22 15:43:44,780 - __main__ - INFO - User initialization complete.
2026-01-22 15:51:38,434 - __main__ - INFO - User initialization complete.
2026-01-22 15:53:22,671 - __main__ - INFO - User initialization complete.
2026-01-22 15:54:35,639 - __main__ - INFO - User initialization complete.
2026-01-22 15:54:38,862 - __main__ - INFO - User initialization complete.
2026-01-22 15:56:31,334 - __main__ - INFO - User initialization complete.
2026-01-22 15:56:53,701 - __main__ - INFO - User initialization complete.
2026-01-22 15:58:09,265 - __main__ - INFO - User initialization complete.
2026-01-22 15:58:24,408 - __main__ - INFO - User initialization complete.
2026-01-22 15:59:28,013 - __main__ - INFO - User initialization complete.
2026-01-22 15:59:31,323 - __main__ - INFO - User initialization complete.
2026-01-22 15:59:51,361 - __main__ - INFO - Fetching graph data for ACK: 22903250021752
2026-01-22 15:59:51,764 - __main__ - INFO - Found 3923 transactions for ACK 22903250021752
2026-01-22 15:59:54,302 - __main__ - INFO - Built hierarchy with 3 root children
2026-01-22 16:02:50,576 - __main__ - INFO - User initialization complete.
2026-01-22 16:05:29,540 - __main__ - INFO - User initialization complete.
2026-01-22 16:05:34,370 - __main__ - INFO - User initialization complete.
2026-01-22 16:06:45,890 - __main__ - INFO - User initialization complete.
2026-01-22 16:07:33,041 - __main__ - INFO - User initialization complete.
2026-01-22 16:08:46,473 - __main__ - INFO - User initialization complete.
2026-01-22 16:08:50,613 - __main__ - INFO - User initialization complete.
2026-01-22 20:42:36,759 - __main__ - INFO - User initialization complete.
2026-01-22 20:42:40,324 - __main__ - INFO - User initialization complete.
2026-01-22 21:11:30,523 - __main__ - INFO - User initialization complete.
2026-01-22 21:17:04,755 - __main__ - INFO - User initialization complete.
2026-01-22 21:29:18,635 - __main__ - INFO - User initialization complete.
2026-01-22 21:29:23,290 - __main__ - INFO - User initialization complete.
2026-01-22 21:29:43,789 - __main__ - INFO - Fetching graph data for ACK: 32902250007381
2026-01-22 21:29:43,868 - __main__ - INFO - Found 101 transactions for ACK 32902250007381
2026-01-22 21:29:43,884 - __main__ - INFO - Built hierarchy with 3 root children
2026-01-22 21:29:46,998 - __main__ - INFO - Fetching graph data for ACK: 32902250007381
2026-01-22 21:29:47,030 - __main__ - INFO - Found 101 transactions for ACK 32902250007381
2026-01-22 21:29:47,041 - __main__ - INFO - Built hierarchy with 3 root children
2026-01-22 21:31:16,526 - __main__ - INFO - Fetching graph data for ACK: 32902250007381
2026-01-22 21:31:17,434 - __main__ - INFO - Found 101 transactions for ACK 32902250007381
2026-01-22 21:31:17,455 - __main__ - INFO - Built hierarchy with 3 root children
2026-01-22 21:36:31,838 - __main__ - INFO - User initialization complete.
2026-01-22 21:36:40,822 - __main__ - INFO - User initialization complete.
2026-01-22 21:36:50,583 - __main__ - INFO - Fetching graph data for ACK: 32909250059373
2026-01-22 21:36:51,478 - __main__ - INFO - Found 7349 transactions for ACK 32909250059373
2026-01-22 21:37:00,885 - __main__ - INFO - Built hierarchy with 2 root children
2026-01-22 21:50:34,748 - __main__ - INFO - User initialization complete.
2026-01-22 21:50:38,769 - __main__ - INFO - User initialization complete.
2026-01-22 21:51:01,311 - __main__ - INFO - User initialization complete.
2026-01-22 21:51:06,283 - __main__ - INFO - User initialization complete.
2026-01-22 21:51:29,910 - __main__ - INFO - Fetching graph data for ACK: 22903250021752
2026-01-22 21:51:30,415 - __main__ - INFO - Found 3923 transactions for ACK 22903250021752
2026-01-22 21:51:32,706 - __main__ - INFO - Built hierarchy with 3 root children
2026-01-22 21:55:18,201 - __main__ - INFO - Fetching graph data for ACK: 22903250021752
2026-01-22 21:56:15,395 - __main__ - INFO - Found 3923 transactions for ACK 22903250021752
2026-01-22 21:56:22,752 - __main__ - INFO - Built hierarchy with 3 root children
2026-01-22 22:00:40,395 - __main__ - INFO - User initialization complete.
2026-01-22 22:01:27,797 - __main__ - INFO - User initialization complete.
2026-01-22 22:01:28,171 - __main__ - INFO - User initialization complete.
2026-01-22 22:01:40,473 - __main__ - INFO - User initialization complete.
2026-01-22 22:01:40,564 - __main__ - INFO - User initialization complete.
2026-01-22 22:02:07,751 - __main__ - INFO - User initialization complete.
2026-01-22 22:02:08,174 - __main__ - INFO - User initialization complete.
2026-01-22 22:02:32,303 - __main__ - INFO - User initialization complete.
2026-01-22 22:02:37,990 - __main__ - INFO - User initialization complete.
2026-01-22 22:02:57,752 - __main__ - INFO - Fetching graph data for ACK: 22903250021752
2026-01-22 22:02:58,238 - __main__ - INFO - Found 3923 transactions for ACK 22903250021752
2026-01-22 22:03:00,290 - __main__ - INFO - Built hierarchy with 3 root children
2026-01-22 22:07:00,632 - __main__ - INFO - Fetching graph data for ACK: 22903250021752
2026-01-22 22:07:49,254 - __main__ - INFO - Found 3923 transactions for ACK 22903250021752
2026-01-22 22:08:02,909 - __main__ - INFO - Built hierarchy with 3 root children
2026-01-22 22:14:32,904 - __main__ - INFO - User initialization complete.
2026-01-22 22:14:36,967 - __main__ - INFO - User initialization complete.
2026-01-22 22:15:13,229 - __main__ - INFO - Fetching graph data for ACK: 22912250105209
2026-01-22 22:15:13,375 - __main__ - INFO - Found 196 transactions for ACK 22912250105209
2026-01-22 22:15:13,383 - __main__ - INFO - Built hierarchy with 1 root children
2026-01-22 22:49:32,533 - __main__ - INFO - User initialization complete.
2026-01-22 22:50:15,022 - __main__ - INFO - User initialization complete.
2026-01-22 22:50:19,766 - __main__ - INFO - User initialization complete.
2026-01-22 22:53:11,772 - __main__ - INFO - User initialization complete.
2026-01-22 22:53:11,921 - __main__ - INFO - User initialization complete.
2026-01-22 22:53:23,767 - __main__ - INFO - User initialization complete.
2026-01-22 22:53:27,678 - __main__ - INFO - User initialization complete.
2026-01-22 22:54:13,935 - __main__ - INFO - Existing file and record deleted: BankAction_CompleteTrail22_12_2025_10_37_13.xlsx
2026-01-22 22:54:27,175 - __main__ - WARNING - Invalid to_account: 9510575448@kotak811
2026-01-22 22:54:42,305 - __main__ - WARNING - Invalid to_account: 0103SL00IPAY
2026-01-22 22:54:43,593 - __main__ - WARNING - Invalid to_account: ZGLLFL000000002952
2026-01-22 22:54:44,128 - __main__ - WARNING - Invalid to_account: eazypay2000012242@icici
2026-01-22 22:54:44,146 - __main__ - WARNING - Invalid to_account: shaikhbakir941@oksbi
2026-01-22 22:54:44,160 - __main__ - WARNING - Invalid to_account: 9769852225@ybl
2026-01-22 22:54:45,447 - __main__ - WARNING - Invalid to_account: xxxxx
2026-01-22 22:54:46,483 - __main__ - WARNING - Invalid to_account: xxxx
2026-01-22 22:54:49,771 - __main__ - WARNING - Invalid to_account: ZGLLFL000000002952
2026-01-22 22:54:50,726 - __main__ - WARNING - Invalid to_account: amazonupi@apl
2026-01-22 22:54:50,738 - __main__ - WARNING - Invalid to_account: hrtradingco74524265894@sbi
2026-01-22 22:54:50,759 - __main__ - WARNING - Invalid to_account: urbantraders7530@sbi
2026-01-22 22:54:51,618 - __main__ - WARNING - Invalid to_account: 0103SL00IPAY
2026-01-22 22:54:51,630 - __main__ - WARNING - Invalid to_account: 0103SL00IPAY
2026-01-22 22:54:51,773 - __main__ - WARNING - Invalid from_account: shaikhbakir941@oksbi
2026-01-22 22:54:52,159 - __main__ - WARNING - Invalid to_account: ZGLLFL000000002952
2026-01-22 22:54:52,536 - __main__ - WARNING - Invalid from_account: 0103SL00IPAY
2026-01-22 22:54:52,624 - __main__ - WARNING - Invalid from_account: 0103SL00IPAY
2026-01-22 22:54:53,018 - __main__ - WARNING - Invalid to_account: CMSUBSPL17305334588
2026-01-22 22:54:53,155 - __main__ - WARNING - Invalid amount: 0.0
2026-01-22 22:54:54,721 - __main__ - WARNING - Invalid to_account: FPPI22d1825042eb
2026-01-22 22:54:54,735 - __main__ - WARNING - Invalid to_account: FPPI22d1825042eb
2026-01-22 22:54:54,765 - __main__ - WARNING - Invalid to_account: FPPI22d1825042eb
2026-01-22 22:54:54,905 - __main__ - WARNING - Invalid to_account: FPPIba1f83b53e0e
2026-01-22 22:54:54,933 - __main__ - WARNING - Invalid to_account: FPPIba1f83b53e0e
2026-01-22 22:54:55,378 - __main__ - WARNING - Invalid from_account: eazypay2000012242@icici
2026-01-22 22:54:56,276 - __main__ - WARNING - Invalid to_account: nan
2026-01-22 22:54:56,291 - __main__ - WARNING - Invalid to_account: nan
2026-01-22 22:54:56,832 - __main__ - WARNING - Invalid to_account: na
2026-01-22 22:54:56,871 - __main__ - WARNING - Invalid to_account: na
2026-01-22 22:54:56,932 - __main__ - WARNING - Invalid to_account: na
2026-01-22 22:54:56,941 - __main__ - WARNING - Invalid to_account: na
2026-01-22 22:54:56,960 - __main__ - WARNING - Invalid to_account: na
2026-01-22 22:54:56,973 - __main__ - WARNING - Invalid to_account: na
2026-01-22 22:54:56,990 - __main__ - WARNING - Invalid to_account: na
2026-01-22 22:54:57,022 - __main__ - WARNING - Invalid to_account: na
2026-01-22 22:54:57,035 - __main__ - WARNING - Invalid to_account: na
2026-01-22 22:54:57,064 - __main__ - WARNING - Invalid to_account: na
2026-01-22 22:54:58,241 - __main__ - WARNING - Invalid to_account: nan
2026-01-22 22:54:58,280 - __main__ - WARNING - Invalid to_account: Policynumber831365930
2026-01-22 22:54:58,417 - __main__ - WARNING - Invalid from_account: 9769852225@ybl
2026-01-22 22:54:59,306 - __main__ - WARNING - Invalid to_account: FPPI776b9a9c06b6
2026-01-22 22:55:00,303 - __main__ - WARNING - Invalid to_account: FPPI776b9a9c06b6
2026-01-22 22:55:01,176 - __main__ - WARNING - Invalid to_account: FPPI776b9a9c06b6
2026-01-22 22:55:02,613 - __main__ - WARNING - Invalid amount: 0.0
2026-01-22 22:55:03,695 - __main__ - WARNING - Invalid to_account: BCR2DN6T7WPKL7YZ
2026-01-22 22:55:03,710 - __main__ - WARNING - Invalid to_account: sbspradharaman@fino
2026-01-22 22:55:05,677 - __main__ - WARNING - Invalid to_account: PPIW0884509
2026-01-22 22:55:07,354 - __main__ - WARNING - Invalid to_account: ZGLLFL000000002513
2026-01-22 22:55:10,433 - __main__ - WARNING - Invalid to_account: 56400538
2026-01-22 22:55:12,150 - __main__ - WARNING - Invalid to_account: ZGLLFL000000002513
2026-01-22 22:55:14,140 - __main__ - WARNING - Invalid to_account: FPPIeae2f53e5458
2026-01-22 22:55:14,460 - __main__ - WARNING - Invalid to_account: nan
2026-01-22 22:55:14,842 - __main__ - WARNING - Invalid to_account: FPPIb39dd249044b
2026-01-22 22:55:15,081 - __main__ - WARNING - Invalid to_account: na
2026-01-22 22:55:15,279 - __main__ - WARNING - Invalid to_account: FPPI776b9a9c06b6
2026-01-22 22:55:17,601 - __main__ - WARNING - Invalid to_account: XXXXXXXXXXXXXXX
2026-01-22 22:55:18,519 - __main__ - WARNING - Invalid to_account: ZGLLFL000000008629
2026-01-22 22:55:20,956 - __main__ - WARNING - Invalid to_account: FPPIc62ebf3bc0cb
2026-01-22 22:55:21,275 - __main__ - WARNING - Invalid amount: 0.0
2026-01-22 22:55:21,821 - __main__ - WARNING - Invalid amount: 0.0
2026-01-22 22:55:23,086 - __main__ - WARNING - Invalid amount: 0.0
2026-01-22 22:55:25,160 - __main__ - WARNING - Invalid to_account: AUC036066000000008
2026-01-22 22:55:25,385 - __main__ - WARNING - Invalid to_account: FPPIc62ebf3bc0cb
2026-01-22 22:55:25,717 - __main__ - WARNING - Invalid amount: 0.0
2026-01-22 22:55:27,027 - __main__ - WARNING - Invalid to_account: XXXXXXXXXXXXXX
2026-01-22 22:55:27,546 - __main__ - WARNING - Invalid to_account: ZGLLFL000000008853
2026-01-22 22:55:28,272 - __main__ - WARNING - Invalid amount: 0.0
2026-01-22 22:55:32,346 - __main__ - WARNING - Invalid to_account: FPPIc62ebf3bc0cb
2026-01-22 22:55:32,389 - __main__ - WARNING - Invalid amount: 0.0
2026-01-22 22:55:34,023 - __main__ - WARNING - Invalid to_account: nan
2026-01-22 22:55:34,151 - __main__ - WARNING - Invalid to_account: CMSUBSPL17305334588
2026-01-22 22:55:34,224 - __main__ - WARNING - Invalid to_account: ekart@ybl
2026-01-22 22:55:34,243 - __main__ - WARNING - Invalid to_account: 6070936171965178@axl
2026-01-22 22:55:34,262 - __main__ - WARNING - Invalid to_account: 9395469870@ybl
2026-01-22 22:55:34,360 - __main__ - WARNING - Invalid from_account: 6070936171965178@axl
2026-01-22 22:55:34,381 - __main__ - WARNING - Invalid to_account: nan
2026-01-22 22:55:34,494 - __main__ - WARNING - Invalid from_account: XXXXXXXXXXXXXX
2026-01-22 22:55:34,532 - __main__ - WARNING - Invalid from_account: xxxx
2026-01-22 22:55:35,543 - __main__ - WARNING - Invalid amount: 0.0
2026-01-22 22:55:37,534 - __main__ - WARNING - Invalid amount: 0.0
2026-01-22 22:55:37,666 - __main__ - WARNING - Invalid amount: 0.0
2026-01-22 22:55:38,015 - __main__ - WARNING - Invalid to_account: 60117353025091375086
2026-01-22 22:55:40,255 - __main__ - WARNING - Invalid amount: 0.0
2026-01-22 22:55:40,649 - __main__ - WARNING - Invalid amount: 0.0
2026-01-22 22:55:41,638 - __main__ - WARNING - Invalid to_account: na
2026-01-22 22:55:41,653 - __main__ - WARNING - Invalid to_account: na
2026-01-22 22:55:41,947 - __main__ - WARNING - Invalid to_account: na
2026-01-22 22:55:41,960 - __main__ - WARNING - Invalid to_account: na
2026-01-22 22:55:42,001 - __main__ - WARNING - Invalid to_account: na
2026-01-22 22:55:42,014 - __main__ - WARNING - Invalid to_account: na
2026-01-22 22:55:42,033 - __main__ - WARNING - Invalid to_account: na
2026-01-22 22:55:42,169 - __main__ - WARNING - Invalid to_account: na
2026-01-22 22:55:42,180 - __main__ - WARNING - Invalid to_account: na
2026-01-22 22:55:42,193 - __main__ - WARNING - Invalid to_account: na
2026-01-22 22:55:42,206 - __main__ - WARNING - Invalid to_account: na
2026-01-22 22:55:42,221 - __main__ - WARNING - Invalid to_account: na
2026-01-22 22:55:42,238 - __main__ - WARNING - Invalid to_account: na
2026-01-22 22:55:42,354 - __main__ - WARNING - Invalid to_account: CITIG012111
2026-01-22 22:55:42,366 - __main__ - WARNING - Invalid from_account: CITIG012111
2026-01-22 22:55:42,380 - __main__ - WARNING - Invalid to_account: 60117274242593937042
2026-01-22 22:55:42,569 - __main__ - WARNING - Invalid to_account: na
2026-01-22 22:55:43,328 - __main__ - WARNING - Invalid to_account: nan
2026-01-22 22:55:43,341 - __main__ - WARNING - Invalid to_account: nan
2026-01-22 22:55:43,356 - __main__ - WARNING - Invalid to_account: nan
2026-01-22 22:55:43,368 - __main__ - WARNING - Invalid to_account: nan
2026-01-22 22:55:43,685 - __main__ - WARNING - Invalid to_account: nan
2026-01-22 22:55:43,697 - __main__ - WARNING - Invalid to_account: nan
2026-01-22 22:55:43,770 - __main__ - WARNING - Invalid to_account: Na
2026-01-22 22:55:43,867 - __main__ - WARNING - Invalid to_account: XXXXXXXXXXXX6741
2026-01-22 22:55:43,879 - __main__ - WARNING - Invalid to_account: XXXXXXXXXXXX6741
2026-01-22 22:55:43,939 - __main__ - WARNING - Invalid to_account: XXXXXXXXXXXX7238
2026-01-22 22:55:43,987 - __main__ - WARNING - Invalid to_account: XXXXXXXXXXXX7238
2026-01-22 22:55:44,017 - __main__ - WARNING - Invalid to_account: XXXXXXXXXXXX2734
2026-01-22 22:55:44,175 - __main__ - WARNING - Invalid to_account: XXXXXXXXXXXX7238
2026-01-22 22:55:44,191 - __main__ - WARNING - Invalid to_account: XXXXXXXXXXXX7238
2026-01-22 22:55:44,305 - __main__ - WARNING - Invalid to_account: XXXXXXXXXXXX8682
2026-01-22 22:55:44,629 - __main__ - WARNING - Invalid amount: 0.0
2026-01-22 22:55:44,693 - __main__ - WARNING - Invalid to_account: OMBKMBK1314909
2026-01-22 22:55:44,707 - __main__ - WARNING - Invalid to_account: OMBKMBK1314909
2026-01-22 22:55:45,104 - __main__ - WARNING - Invalid to_account: OMBKMBK1314909
2026-01-22 22:55:45,176 - __main__ - WARNING - Invalid to_account: OMBKMBK1314909
2026-01-22 22:55:45,574 - __main__ - WARNING - Invalid to_account: nan
2026-01-22 22:55:45,641 - __main__ - WARNING - Invalid to_account: nan
2026-01-22 22:55:45,690 - __main__ - WARNING - Invalid to_account: nan
2026-01-22 22:55:45,737 - __main__ - WARNING - Invalid to_account: BillNumberS2203750
2026-01-22 22:55:45,772 - __main__ - WARNING - Invalid to_account: nan
2026-01-22 22:55:45,792 - __main__ - WARNING - Invalid to_account: nan
2026-01-22 22:55:45,906 - __main__ - WARNING - Invalid to_account: XXXXXXXXXXXX0824
2026-01-22 22:55:45,922 - __main__ - WARNING - Invalid to_account: nan
2026-01-22 22:55:46,166 - __main__ - WARNING - Invalid to_account: kumarayushdos20@oksbi
2026-01-22 22:55:46,218 - __main__ - WARNING - Invalid to_account: N
2026-01-22 22:55:46,232 - __main__ - WARNING - Invalid to_account: ZGLLFL000000002513
2026-01-22 22:55:46,541 - __main__ - WARNING - Invalid to_account: niwaaspayment@axl
2026-01-22 22:55:46,934 - __main__ - WARNING - Invalid to_account: ZGLLFL000000000573
2026-01-22 22:55:47,077 - __main__ - WARNING - Invalid to_account: MSQR16726638927681249115828
2026-01-22 22:55:47,109 - __main__ - WARNING - Invalid to_account: MSQR10010638940749688362046
2026-01-22 22:55:47,202 - __main__ - WARNING - Invalid to_account: nan
2026-01-22 22:55:47,712 - __main__ - WARNING - Invalid amount: 0.0
2026-01-22 22:55:47,753 - __main__ - WARNING - Invalid to_account: OMBKMBK1314909
2026-01-22 22:55:48,860 - __main__ - WARNING - Invalid to_account: nan
2026-01-22 22:55:48,871 - __main__ - WARNING - Invalid to_account: XXXXXXXXXXXXXXXXXXX
2026-01-22 22:55:49,589 - __main__ - WARNING - Invalid to_account: OMBKMBK1314909
2026-01-22 22:55:49,785 - __main__ - WARNING - Invalid to_account: OMBKMBK1314909
2026-01-22 22:55:50,399 - __main__ - WARNING - Invalid to_account: nan
2026-01-22 22:55:50,592 - __main__ - WARNING - Invalid to_account: na
2026-01-22 22:55:51,028 - __main__ - WARNING - Invalid to_account: XXXXXXXXXXXX3909
2026-01-22 22:55:51,249 - __main__ - WARNING - Invalid to_account: 60117315716520663318
2026-01-22 22:55:51,503 - __main__ - WARNING - Invalid to_account: nan
2026-01-22 22:55:51,518 - __main__ - WARNING - Invalid to_account: D11GRH7796S7Rx
2026-01-22 22:55:51,533 - __main__ - WARNING - Invalid to_account: F1gY1mBDbyGOMo
2026-01-22 22:55:51,830 - __main__ - WARNING - Invalid from_account: 60117315716520663318
2026-01-22 22:55:51,913 - __main__ - WARNING - Invalid to_account: bankgzinhickwiks@oxymoney
2026-01-22 22:55:52,841 - __main__ - WARNING - Invalid to_account: ZGLLFL000000002952
2026-01-22 22:55:52,889 - __main__ - WARNING - Invalid to_account: nan
2026-01-22 22:55:53,010 - __main__ - WARNING - Invalid to_account: TERMINALID00193417
2026-01-22 22:55:53,027 - __main__ - WARNING - Invalid to_account: 9319283874@fam
2026-01-22 22:55:53,056 - __main__ - WARNING - Invalid to_account: 1012025082013560859783558020
2026-01-22 22:55:53,138 - __main__ - WARNING - Invalid to_account: gpay11262250135@okbizaxis
2026-01-22 22:55:53,259 - __main__ - WARNING - Invalid to_account: paytmqr5vk30j@ptys
2026-01-22 22:55:53,395 - __main__ - WARNING - Invalid to_account: MerchantOrderIdREFCL52240066341758516253224
2026-01-22 22:55:53,413 - __main__ - WARNING - Invalid to_account: LoanNumber11240000049160
2026-01-22 22:55:53,488 - __main__ - WARNING - Invalid to_account: XXXXXXXXXXXX2359
2026-01-22 22:55:53,629 - __main__ - WARNING - Invalid from_account: 9395469870@ybl
2026-01-22 22:55:53,696 - __main__ - WARNING - Invalid to_account: LoanNumberDODBL2403010005
2026-01-22 22:55:53,864 - __main__ - WARNING - Invalid to_account: ZGLLFL000000008853
2026-01-22 22:55:54,231 - __main__ - WARNING - Invalid from_account: XXXXXXXXXXXX8682
2026-01-22 22:55:54,260 - __main__ - WARNING - Invalid from_account: XXXXXXXXXXXX3909
2026-01-22 22:55:55,018 - __main__ - WARNING - Invalid to_account: ZGLLFL000000008853
2026-01-22 22:55:55,124 - __main__ - WARNING - Invalid to_account: BCR2DN6TXLSYNWAR
2026-01-22 22:55:55,241 - __main__ - WARNING - Invalid to_account: 8340508051@ikwik
2026-01-22 22:55:55,400 - __main__ - WARNING - Invalid from_account: gpay11262250135@okbizaxis
2026-01-22 22:55:55,429 - __main__ - WARNING - Invalid from_account: gpay11262250135@okbizaxis
2026-01-22 22:55:56,605 - __main__ - WARNING - Invalid to_account: paytmqr28100505010111aidndhn3ko@paytm
2026-01-22 22:55:57,104 - __main__ - WARNING - Invalid from_account: paytmqr28100505010111aidndhn3ko@paytm
2026-01-22 22:55:57,123 - __main__ - WARNING - Invalid from_account: paytmqr28100505010111aidndhn3ko@paytm
2026-01-22 22:55:57,314 - __main__ - WARNING - Invalid from_account: paytmqr28100505010111aidndhn3ko@paytm
2026-01-22 22:55:57,646 - __main__ - WARNING - Invalid to_account: RJohBMqYtgpgN2
2026-01-22 22:55:57,906 - __main__ - WARNING - Invalid to_account: Rechargednumber8917503760
2026-01-22 22:55:57,991 - __main__ - WARNING - Invalid to_account: 0103SL00IPAY
2026-01-22 22:55:58,041 - __main__ - WARNING - Invalid to_account: LoannumberWB3078CP0032147
2026-01-22 22:55:58,104 - __main__ - WARNING - Invalid from_account: niwaaspayment@axl
2026-01-22 22:55:58,176 - __main__ - WARNING - Invalid to_account: XXXXXXXXXXXX3006
2026-01-22 22:55:58,758 - __main__ - WARNING - Invalid to_account: 9896537925@ybl
2026-01-22 22:55:58,908 - __main__ - WARNING - Invalid from_account: 9896537925@ybl
2026-01-22 22:55:59,402 - __main__ - WARNING - Invalid to_account: INHMCI266939
2026-01-22 22:55:59,434 - __main__ - WARNING - Invalid to_account: filaticatechnology90726268@sbi
2026-01-22 22:55:59,871 - __main__ - WARNING - Invalid to_account: ZGLLFL000000008853
2026-01-22 22:56:02,634 - __main__ - WARNING - Invalid to_account: FPPI0d6bb434afff
2026-01-22 22:56:03,627 - __main__ - WARNING - Invalid to_account: xxxx
2026-01-22 22:56:04,055 - __main__ - WARNING - Invalid to_account: na
2026-01-22 22:56:04,256 - __main__ - WARNING - Invalid from_account: paytmqr28100505010111aidndhn3ko@paytm
2026-01-22 22:56:04,654 - __main__ - WARNING - Invalid from_account: 60117274242593937042
2026-01-22 22:56:04,667 - __main__ - WARNING - Invalid from_account: 60117353025091375086
2026-01-22 22:56:04,681 - __main__ - WARNING - Invalid to_account: TPSouthernOdishaDistributionLimited
2026-01-22 22:56:04,700 - __main__ - WARNING - Invalid to_account: paytms1ih73g@pty
2026-01-22 22:56:04,712 - __main__ - WARNING - Invalid to_account: 9556393136s@slc
2026-01-22 22:56:04,727 - __main__ - WARNING - Invalid to_account: 7735443939@okbizaxis
2026-01-22 22:56:04,746 - __main__ - WARNING - Invalid to_account: gpay11256557935@okbizaxis
2026-01-22 22:56:04,761 - __main__ - WARNING - Invalid to_account: 9438543797@ybl
2026-01-22 22:56:04,830 - __main__ - WARNING - Invalid from_account: 9556393136s@slc
2026-01-22 22:56:04,844 - __main__ - WARNING - Invalid from_account: 9556393136s@slc
2026-01-22 22:56:04,863 - __main__ - WARNING - Invalid from_account: 9556393136s@slc
2026-01-22 22:56:04,887 - __main__ - WARNING - Invalid from_account: pradeephaldar@slc
2026-01-22 22:56:04,904 - __main__ - WARNING - Invalid from_account: gpay11232137977@okbizaxis
2026-01-22 22:56:04,919 - __main__ - WARNING - Invalid from_account: gpay11259949078@okbizaxis
2026-01-22 22:56:04,934 - __main__ - WARNING - Invalid from_account: 7735443939@okbizaxis
2026-01-22 22:56:04,946 - __main__ - WARNING - Invalid from_account: gpay11256557935@okbizaxis
2026-01-22 22:56:04,961 - __main__ - WARNING - Invalid from_account: TPSouthernOdishaDistributionLimited
2026-01-22 22:56:04,975 - __main__ - WARNING - Invalid from_account: paytms1ih73g@pty
2026-01-22 22:56:04,989 - __main__ - WARNING - Invalid from_account: paytms1ih73g@pty
2026-01-22 22:56:05,062 - __main__ - WARNING - Invalid from_account: CITIG012111
2026-01-22 22:56:05,073 - __main__ - WARNING - Invalid from_account: CITIG012111
2026-01-22 22:56:05,089 - __main__ - WARNING - Invalid from_account: CITIG012111
2026-01-22 22:56:05,367 - __main__ - WARNING - Invalid to_account: AF7UCOVCNVFRI2A52MHOVBYTXVDQ
2026-01-22 22:56:05,446 - __main__ - WARNING - Invalid to_account: xxxxx
2026-01-22 22:56:05,516 - __main__ - WARNING - Invalid from_account: AF7UCOVCNVFRI2A52MHOVBYTXVDQ
2026-01-22 22:56:05,531 - __main__ - WARNING - Invalid from_account: AF7UCOVCNVFRI2A52MHOVBYTXVDQ
2026-01-22 22:56:05,547 - __main__ - WARNING - Invalid from_account: AF7UCOVCNVFRI2A52MHOVBYTXVDQ
2026-01-22 22:56:05,562 - __main__ - WARNING - Invalid from_account: AF7UCOVCNVFRI2A52MHOVBYTXVDQ
2026-01-22 22:56:05,576 - __main__ - WARNING - Invalid from_account: AF7UCOVCNVFRI2A52MHOVBYTXVDQ
2026-01-22 22:56:05,702 - __main__ - WARNING - Invalid from_account: xxxxx
2026-01-22 22:56:05,785 - __main__ - WARNING - Invalid to_account: EtHJCtiuRSZRCz
2026-01-22 22:56:05,916 - __main__ - WARNING - Invalid to_account: CCXXXXXXXXXXXX5218
2026-01-22 22:56:06,003 - __main__ - WARNING - Invalid to_account: na
2026-01-22 22:56:06,014 - __main__ - WARNING - Invalid to_account: nan
2026-01-22 22:56:06,027 - __main__ - WARNING - Invalid to_account: 7500231163@pthdfc
2026-01-22 22:56:06,112 - __main__ - WARNING - Invalid to_account: na
2026-01-22 22:56:06,373 - __main__ - WARNING - Invalid to_account: 60117352934639261151
2026-01-22 22:56:06,898 - __main__ - WARNING - Invalid to_account: 8286054136@ptyes
2026-01-22 22:56:06,989 - __main__ - WARNING - Invalid to_account: PPIW0881822
2026-01-22 22:56:07,356 - __main__ - WARNING - Invalid from_account: 8286054136@ptyes
2026-01-22 22:56:07,371 - __main__ - WARNING - Invalid to_account: na
2026-01-22 22:56:07,385 - __main__ - WARNING - Invalid to_account: XXXXXXXXXXXX3890
2026-01-22 22:56:07,398 - __main__ - WARNING - Invalid from_account: XXXXXXXXXXXX3890
2026-01-22 22:56:07,497 - __main__ - WARNING - Invalid from_account: 1000000000012YS
2026-01-22 22:56:07,518 - __main__ - WARNING - Invalid to_account: 0103SL00IPAY
2026-01-22 22:56:07,537 - __main__ - WARNING - Invalid from_account: 0103SL00IPAY
2026-01-22 22:56:07,569 - __main__ - WARNING - Invalid from_account: 1000000000012YS
2026-01-22 22:56:07,635 - __main__ - WARNING - Invalid to_account: ZGLLFL000000000573
2026-01-22 22:56:07,718 - __main__ - WARNING - Invalid to_account: IRCTCPGONLINE@ybl
2026-01-22 22:56:08,131 - __main__ - WARNING - Invalid to_account: nan
2026-01-22 22:56:08,280 - __main__ - WARNING - Invalid to_account: MUDRAMARVELPRIVATELIMITED
2026-01-22 22:56:08,301 - __main__ - WARNING - Invalid to_account: 50100752051512@HDFC0000154ifscnpci
2026-01-22 22:56:08,315 - __main__ - WARNING - Invalid to_account: 34847628746@SBIN0008478ifscnpci
2026-01-22 22:56:08,332 - __main__ - WARNING - Invalid to_account: 42797117656@SBIN0009112ifscnpci
2026-01-22 22:56:08,349 - __main__ - WARNING - Invalid to_account: 54220000965768@ESMF0001367ifscnpci
2026-01-22 22:56:08,368 - __main__ - WARNING - Invalid to_account: 9800021117@AIRP0000001ifscnpci
2026-01-22 22:56:08,407 - __main__ - WARNING - Invalid to_account: 0361104000252003@IBKL0000361ifscnpci
2026-01-22 22:56:08,423 - __main__ - WARNING - Invalid to_account: 19488100011225@BARB0ALIGAYifscnpci
2026-01-22 22:56:08,442 - __main__ - WARNING - Invalid to_account: 039901000015368@IOBA0000399ifscnpci
2026-01-22 22:56:08,461 - __main__ - WARNING - Invalid to_account: 0749069382@KKBK0000811ifscnpci
2026-01-22 22:56:08,475 - __main__ - WARNING - Invalid to_account: 5507079741@CBIN0284083ifscnpci
2026-01-22 22:56:08,487 - __main__ - WARNING - Invalid to_account: 5849040217@KKBK0004329ifscnpci
2026-01-22 22:56:08,504 - __main__ - WARNING - Invalid to_account: 1204040105006429@JAKA0TPBANDifscnpci
2026-01-22 22:56:08,521 - __main__ - WARNING - Invalid to_account: 349822010000102@UBIN0934984ifscnpci
2026-01-22 22:56:08,536 - __main__ - WARNING - Invalid to_account: 9392373006@amazonpay
2026-01-22 22:56:08,548 - __main__ - WARNING - Invalid from_account: 5507079741@CBIN0284083ifscnpci
2026-01-22 22:56:08,565 - __main__ - WARNING - Invalid to_account: 91334496052@ybl
2026-01-22 22:56:08,582 - __main__ - WARNING - Invalid to_account: 9392373006@amazonpay
2026-01-22 22:56:08,599 - __main__ - WARNING - Invalid to_account: 8248548674@KKBK0005660ifscnpci
2026-01-22 22:56:08,612 - __main__ - WARNING - Invalid from_account: 91334496052@ybl
2026-01-22 22:56:08,627 - __main__ - WARNING - Invalid to_account: 575655770@IDIB000P086ifscnpci
2026-01-22 22:56:08,641 - __main__ - WARNING - Invalid from_account: 9392373006@amazonpay
2026-01-22 22:56:08,658 - __main__ - WARNING - Invalid from_account: 9392373006@amazonpay
2026-01-22 22:56:08,674 - __main__ - WARNING - Invalid from_account: 9392373006@amazonpay
2026-01-22 22:56:08,686 - __main__ - WARNING - Invalid from_account: 9392373006@amazonpay
2026-01-22 22:56:08,744 - __main__ - WARNING - Invalid from_account: XXXXXXXXXX55
2026-01-22 22:56:08,756 - __main__ - WARNING - Invalid from_account: 50100752051512@HDFC0000154ifscnpci
2026-01-22 22:56:08,856 - __main__ - WARNING - Invalid from_account: 349822010000102@UBIN0934984ifscnpci
2026-01-22 22:56:08,870 - __main__ - WARNING - Invalid from_account: 54220000965768@ESMF0001367ifscnpci
2026-01-22 22:56:08,881 - __main__ - WARNING - Invalid from_account: 19488100011225@BARB0ALIGAYifscnpci
2026-01-22 22:56:08,931 - __main__ - WARNING - Invalid from_account: 8248548674@KKBK0005660ifscnpci
2026-01-22 22:56:08,941 - __main__ - WARNING - Invalid from_account: 0749069382@KKBK0000811ifscnpci
2026-01-22 22:56:08,958 - __main__ - WARNING - Invalid from_account: 5849040217@KKBK0004329ifscnpci
2026-01-22 22:56:09,115 - __main__ - WARNING - Invalid to_account: CITIG012111
2026-01-22 22:56:09,125 - __main__ - WARNING - Invalid from_account: CITIG012111
2026-01-22 22:56:09,139 - __main__ - WARNING - Invalid from_account: CITIG012111
2026-01-22 22:56:09,158 - __main__ - WARNING - Invalid from_account: CITIG012111
2026-01-22 22:56:09,173 - __main__ - WARNING - Invalid from_account: 0361104000252003@IBKL0000361ifscnpci
2026-01-22 22:56:09,186 - __main__ - WARNING - Invalid from_account: AXOGG25967605757
2026-01-22 22:56:09,283 - __main__ - WARNING - Invalid from_account: 60117352934639261151
2026-01-22 22:56:22,048 - __main__ - INFO - [UPLOAD] Txn ID extraction summary: Found=7631, Missing=0
2026-01-22 22:57:10,962 - __main__ - INFO - Fetching graph data for ACK: 32909250059373
2026-01-22 22:57:11,916 - __main__ - INFO - Found 7349 transactions for ACK 32909250059373
2026-01-22 22:57:26,450 - __main__ - INFO - Built hierarchy with 2 root children
2026-01-22 23:02:42,410 - __main__ - INFO - User initialization complete.
2026-01-22 23:02:44,261 - __main__ - INFO - User initialization complete.
2026-01-22 23:03:02,620 - __main__ - INFO - User initialization complete.
2026-01-22 23:03:06,858 - __main__ - INFO - User initialization complete.
2026-01-22 23:04:18,167 - __main__ - INFO - Existing file and record deleted: BankAction_CompleteTrail11_07_2025_18_06_50.xlsx
2026-01-22 23:07:14,170 - __main__ - INFO - Fetching graph data for ACK: 22912250105209
2026-01-22 23:07:19,562 - __main__ - INFO - Found 196 transactions for ACK 22912250105209
2026-01-22 23:07:19,597 - __main__ - INFO - Built hierarchy with 1 root children
2026-01-22 23:09:18,175 - __main__ - WARNING - Invalid to_account: XXXXXXXXXXXX2341
2026-01-22 23:09:19,193 - __main__ - WARNING - Invalid to_account: BCR2DN4T5C6MD3IR
2026-01-22 23:09:19,209 - __main__ - WARNING - Invalid to_account: BCR2DN4T5C6MD3IR
2026-01-22 23:09:19,224 - __main__ - WARNING - Invalid to_account: BCR2DN4T5C6MD3IR
2026-01-22 23:09:19,230 - __main__ - WARNING - Invalid to_account: BCR2DN4T5C6MD3IR
2026-01-22 23:09:19,838 - __main__ - WARNING - Invalid to_account: SAMNEY79713714
2026-01-22 23:09:20,110 - __main__ - WARNING - Invalid to_account: 0103SL00IPAY
2026-01-22 23:09:20,283 - __main__ - WARNING - Invalid to_account: AXNGG01907862023
2026-01-22 23:09:20,366 - __main__ - WARNING - Invalid to_account: 0103SL00IPAY
2026-01-22 23:09:20,434 - __main__ - WARNING - Invalid from_account: 0103SL00IPAY
2026-01-22 23:09:20,960 - __main__ - WARNING - Invalid to_account: BCR2DN6TWSN2JZQS
2026-01-22 23:09:21,016 - __main__ - WARNING - Invalid to_account: BCR2DN6T7WPKL7YZ
2026-01-22 23:09:21,104 - __main__ - WARNING - Invalid to_account: 049929900021000000000000
2026-01-22 23:09:21,126 - __main__ - WARNING - Invalid to_account: 0104SLEZYAPP
2026-01-22 23:09:21,258 - __main__ - WARNING - Invalid from_account: 049929900021000000000000
2026-01-22 23:09:21,341 - __main__ - WARNING - Invalid to_account: FPPI04a1c3a2fbbe
2026-01-22 23:09:21,575 - __main__ - WARNING - Invalid to_account: nan
2026-01-22 23:09:21,580 - __main__ - WARNING - Invalid to_account: na
2026-01-22 23:09:21,608 - __main__ - WARNING - Invalid to_account: nan
2026-01-22 23:09:21,614 - __main__ - WARNING - Invalid to_account: nan
2026-01-22 23:09:21,759 - __main__ - WARNING - Invalid to_account: OSTPSL
2026-01-22 23:09:21,783 - __main__ - WARNING - Invalid from_account: BCR2DN4T5C6MD3IR
2026-01-22 23:09:21,846 - __main__ - WARNING - Invalid to_account: FPPI81ae5d47ac30
2026-01-22 23:09:22,496 - __main__ - WARNING - Invalid to_account: 7854006126@ybl
2026-01-22 23:09:22,610 - __main__ - WARNING - Invalid to_account: SAMNEY16070727
2026-01-22 23:09:22,861 - __main__ - WARNING - Invalid to_account: 0103SL00IPAY
2026-01-22 23:09:22,889 - __main__ - WARNING - Invalid to_account: FPPIa03dcffdff51
2026-01-22 23:09:22,893 - __main__ - WARNING - Invalid to_account: FPPIa03dcffdff51
2026-01-22 23:09:23,519 - __main__ - WARNING - Invalid to_account: 01463T286017042038
2026-01-22 23:09:23,546 - __main__ - WARNING - Invalid to_account: 01463T286017042038
2026-01-22 23:09:24,078 - __main__ - WARNING - Invalid to_account: 0103SL00IPAY
2026-01-22 23:09:24,279 - __main__ - WARNING - Invalid from_account: 0103SL00IPAY
2026-01-22 23:09:24,726 - __main__ - WARNING - Invalid to_account: IgnuOmEhIbJMJM
2026-01-22 23:09:24,849 - __main__ - WARNING - Invalid to_account: LoanNumber356541110
2026-01-22 23:09:24,852 - __main__ - WARNING - Invalid to_account: LoanNumber356948254
2026-01-22 23:09:24,855 - __main__ - WARNING - Invalid to_account: LoanNumber357300621
2026-01-22 23:09:24,860 - __main__ - WARNING - Invalid to_account: LoanNumber356948967
2026-01-22 23:09:24,862 - __main__ - WARNING - Invalid to_account: LoanNumber21451381
2026-01-22 23:09:24,868 - __main__ - WARNING - Invalid to_account: BCR2DN6TXLSYNWAR
2026-01-22 23:09:24,878 - __main__ - WARNING - Invalid to_account: nan
2026-01-22 23:09:24,881 - __main__ - WARNING - Invalid to_account: LoanNumber356245050
2026-01-22 23:09:24,884 - __main__ - WARNING - Invalid to_account: LoanNumber355388737
2026-01-22 23:09:24,887 - __main__ - WARNING - Invalid to_account: BillNumber7829926000
2026-01-22 23:09:24,911 - __main__ - WARNING - Invalid to_account: LoanNumber355905923
2026-01-22 23:09:24,931 - __main__ - WARNING - Invalid amount: 0.0
2026-01-22 23:09:24,964 - __main__ - WARNING - Invalid to_account: MerchantOrderIdrummyverse4524254482321761
2026-01-22 23:09:24,966 - __main__ - WARNING - Invalid to_account: Billnumber3336169
2026-01-22 23:09:24,972 - __main__ - WARNING - Invalid to_account: Loannumber9766333
2026-01-22 23:09:24,977 - __main__ - WARNING - Invalid to_account: MerchantOrderIDNMSC5000847338
2026-01-22 23:09:25,155 - __main__ - WARNING - Invalid to_account: BCR2DN6T7WPKL7YZ
2026-01-22 23:09:25,190 - __main__ - WARNING - Invalid to_account: WPAY876261781748
2026-01-22 23:09:25,206 - __main__ - WARNING - Invalid to_account: nan
2026-01-22 23:09:25,213 - __main__ - WARNING - Invalid to_account: nan
2026-01-22 23:09:25,353 - __main__ - WARNING - Invalid to_account: nan
2026-01-22 23:09:25,385 - __main__ - WARNING - Invalid to_account: nan
2026-01-22 23:09:25,389 - __main__ - WARNING - Invalid to_account: nan
2026-01-22 23:09:25,402 - __main__ - WARNING - Invalid to_account: MerchantOrderIdFMPC4506228537
2026-01-22 23:09:25,411 - __main__ - WARNING - Invalid to_account: MerchantOrderIdzupeeJP1739121926502QP4MX1
2026-01-22 23:09:25,416 - __main__ - WARNING - Invalid to_account: na
2026-01-22 23:09:25,633 - __main__ - WARNING - Invalid to_account: na
2026-01-22 23:09:25,638 - __main__ - WARNING - Invalid to_account: na
2026-01-22 23:09:25,644 - __main__ - WARNING - Invalid to_account: nan
2026-01-22 23:09:25,735 - __main__ - WARNING - Invalid to_account: winbirdde323080@ypbiz
2026-01-22 23:09:25,737 - __main__ - WARNING - Invalid to_account: winbirdde323080@ypbiz
2026-01-22 23:09:25,739 - __main__ - WARNING - Invalid to_account: winbirdde323080@ypbiz
2026-01-22 23:09:25,812 - __main__ - WARNING - Invalid to_account: MerchantOrderID117344623
2026-01-22 23:09:25,877 - __main__ - WARNING - Invalid to_account: 8639451463@ybl
2026-01-22 23:09:26,019 - __main__ - WARNING - Invalid to_account: MerchantOrderIDPH1739558003974403XL
2026-01-22 23:09:26,022 - __main__ - WARNING - Invalid to_account: MerchantOrderIDPH1739558598424TYYPT
2026-01-22 23:09:26,034 - __main__ - WARNING - Invalid to_account: PH1739556707198YLQHA
2026-01-22 23:09:26,038 - __main__ - WARNING - Invalid to_account: HPCRET41036884R111
2026-01-22 23:09:26,042 - __main__ - WARNING - Invalid from_account: HPCRET41036884R111
2026-01-22 23:09:26,046 - __main__ - WARNING - Invalid to_account: Rechargenumber9957134391
2026-01-22 23:09:26,065 - __main__ - WARNING - Invalid to_account: 30210428604A279122
2026-01-22 23:09:26,136 - __main__ - WARNING - Invalid to_account: mdsmoorthi@okaxis
2026-01-22 23:09:26,164 - __main__ - WARNING - Invalid to_account: 174138245185812451234334
2026-01-22 23:09:26,841 - __main__ - WARNING - Invalid to_account: PPbRePufb9aQr4
2026-01-22 23:09:27,048 - __main__ - WARNING - Invalid to_account: 0103SL00IPAY
2026-01-22 23:09:27,122 - __main__ - WARNING - Invalid to_account: PPaMilbGtW1vQ2
2026-01-22 23:09:27,125 - __main__ - WARNING - Invalid to_account: MerchantOrderIDOM2503021816209998355759
2026-01-22 23:09:27,371 - __main__ - WARNING - Invalid to_account: nan
2026-01-22 23:09:27,403 - __main__ - WARNING - Invalid to_account: 0103SL00IPAY
2026-01-22 23:09:27,432 - __main__ - WARNING - Invalid to_account: MobilePrepaidRecharge9771352955
2026-01-22 23:09:27,438 - __main__ - WARNING - Invalid to_account: MercahntOrderIDPD2507407TXN4S66C3REDLS079
2026-01-22 23:09:27,443 - __main__ - WARNING - Invalid to_account: MerchantOrderIDPH17434427314635VMBC
2026-01-22 23:09:27,463 - __main__ - WARNING - Invalid to_account: nan
2026-01-22 23:09:27,466 - __main__ - WARNING - Invalid to_account: nan
2026-01-22 23:09:27,470 - __main__ - WARNING - Invalid to_account: PH503231966203416
2026-01-22 23:09:27,612 - __main__ - WARNING - Invalid to_account: SAMNEY52958712
2026-01-22 23:09:27,614 - __main__ - WARNING - Invalid to_account: SAMNEY16070727
2026-01-22 23:09:27,727 - __main__ - WARNING - Invalid to_account: PD2503612TXNXBXEQRM6F1S037
2026-01-22 23:09:27,748 - __main__ - WARNING - Invalid to_account: PPaMilbGtW1vQ2
2026-01-22 23:09:27,842 - __main__ - WARNING - Invalid to_account: nan
2026-01-22 23:09:27,862 - __main__ - WARNING - Invalid to_account: nan
2026-01-22 23:09:27,874 - __main__ - WARNING - Invalid to_account: na
2026-01-22 23:09:27,895 - __main__ - WARNING - Invalid to_account: nan
2026-01-22 23:09:27,903 - __main__ - WARNING - Invalid to_account: 30210428604A326800
2026-01-22 23:09:27,926 - __main__ - WARNING - Invalid to_account: SAMNEY52958712
2026-01-22 23:09:27,931 - __main__ - WARNING - Invalid to_account: 9343113383@yblHIMANSHUKUMAR
2026-01-22 23:09:28,048 - __main__ - WARNING - Invalid from_account: 9343113383@yblHIMANSHUKUMAR
2026-01-22 23:09:28,069 - __main__ - WARNING - Invalid to_account: 9347586967@ybl
2026-01-22 23:09:28,103 - __main__ - WARNING - Invalid from_account: 9347586967@ybl
2026-01-22 23:09:28,129 - __main__ - WARNING - Invalid to_account: nan
2026-01-22 23:09:28,417 - __main__ - WARNING - Invalid to_account: nan
2026-01-22 23:09:28,442 - __main__ - WARNING - Invalid amount: 0.0
2026-01-22 23:09:28,685 - __main__ - WARNING - Invalid to_account: EMAMIA1195812000
2026-01-22 23:09:28,690 - __main__ - WARNING - Invalid to_account: EMAMIA1195812000
2026-01-22 23:09:29,104 - __main__ - WARNING - Invalid to_account: SAMNEY52958712
2026-01-22 23:09:29,118 - __main__ - WARNING - Invalid to_account: SAMNEY52958712
2026-01-22 23:09:29,123 - __main__ - WARNING - Invalid to_account: SAMNEY79713714
2026-01-22 23:09:29,245 - __main__ - WARNING - Invalid to_account: SAMNEY79713714
2026-01-22 23:09:29,253 - __main__ - WARNING - Invalid to_account: SAMNEY52958712
2026-01-22 23:09:29,255 - __main__ - WARNING - Invalid to_account: SAMNEY52958712
2026-01-22 23:09:29,273 - __main__ - WARNING - Invalid to_account: SAMNEY79713714
2026-01-22 23:09:29,287 - __main__ - WARNING - Invalid to_account: SAMNEY52958712
2026-01-22 23:09:29,291 - __main__ - WARNING - Invalid to_account: SAMNEY79713714
2026-01-22 23:09:29,422 - __main__ - WARNING - Invalid to_account: nan
2026-01-22 23:09:29,488 - __main__ - WARNING - Invalid from_account: 0103SL00IPAY
2026-01-22 23:09:29,492 - __main__ - WARNING - Invalid from_account: BCR2DN4T5C6MD3IR
2026-01-22 23:09:29,495 - __main__ - WARNING - Invalid from_account: BCR2DN4T5C6MD3IR
2026-01-22 23:09:29,498 - __main__ - WARNING - Invalid from_account: BCR2DN4T5C6MD3IR
2026-01-22 23:09:29,501 - __main__ - WARNING - Invalid to_account: nan
2026-01-22 23:09:29,524 - __main__ - WARNING - Invalid to_account: AFCUEKH6ICRNTFL4TIEMXENJORQA
2026-01-22 23:09:29,529 - __main__ - WARNING - Invalid to_account: AFCUEKH6ICRNTFL4TIEMXENJORQA
2026-01-22 23:09:29,533 - __main__ - WARNING - Invalid to_account: 9318482292@drkotak
2026-01-22 23:09:29,536 - __main__ - WARNING - Invalid to_account: 5666211b09dc4c298862050bc73faea2@draxisbank
2026-01-22 23:09:29,538 - __main__ - WARNING - Invalid to_account: bff2b739dc5e4f6dae9d3b840c650446@draxisbank
2026-01-22 23:09:29,541 - __main__ - WARNING - Invalid to_account: 5666211b09dc4c298862050bc73faea2@draxisbank
2026-01-22 23:09:29,545 - __main__ - WARNING - Invalid to_account: 653e671b5d584c6ab4e1ffeb91332c95@draxisb@drhdfcban
2026-01-22 23:09:29,549 - __main__ - WARNING - Invalid to_account: 653e671b5d584c6ab4e1ffeb91332c95@draxisbank
2026-01-22 23:09:29,552 - __main__ - WARNING - Invalid to_account: 12BFt9r2hpwMah2YkR6NhHzFtHoVk9vfie@drpnb@drpnb
2026-01-22 23:09:29,555 - __main__ - WARNING - Invalid to_account: 9692787804@drfederal
2026-01-22 23:09:29,558 - __main__ - WARNING - Invalid to_account: 9692787804@drfederal
2026-01-22 23:09:29,562 - __main__ - WARNING - Invalid to_account: 9692787804@drfederal
2026-01-22 23:09:29,574 - __main__ - WARNING - Invalid from_account: 12BFt9r2hpwMah2YkR6NhHzFtHoVk9vfie@drpnb@drpnb
2026-01-22 23:09:29,581 - __main__ - WARNING - Invalid from_account: AFCUEKH6ICRNTFL4TIEMXENJORQA
2026-01-22 23:09:29,585 - __main__ - WARNING - Invalid from_account: AFCUEKH6ICRNTFL4TIEMXENJORQA
2026-01-22 23:09:29,588 - __main__ - WARNING - Invalid to_account: c7ebe3944b396b1927e28100156c51bbfcf2454@draxisbank
2026-01-22 23:09:29,591 - __main__ - WARNING - Invalid to_account: c7ebe3944b396b1927e28100156c51bbfcf24547@drhdfcban
2026-01-22 23:09:29,598 - __main__ - WARNING - Invalid to_account: 12BFt9r2hpwMah2YkR6NhHzFtHoVk9vfie@drpnb
2026-01-22 23:09:29,603 - __main__ - WARNING - Invalid from_account: 9692787804@drfederal
2026-01-22 23:09:29,606 - __main__ - WARNING - Invalid from_account: 9692787804@drfederal
2026-01-22 23:09:29,609 - __main__ - WARNING - Invalid from_account: 9692787804@drfederal
2026-01-22 23:09:29,616 - __main__ - WARNING - Invalid from_account: 6fcbfc010ff1b06216b730099f65a9e21b2f22ae@drhdfcban
2026-01-22 23:09:29,750 - __main__ - WARNING - Invalid to_account: XXXXXXXXXXXX5632
2026-01-22 23:09:29,766 - __main__ - WARNING - Invalid to_account: SPRK0325061995240019
2026-01-22 23:09:29,770 - __main__ - WARNING - Invalid from_account: SPRK0325061995240019
2026-01-22 23:09:29,774 - __main__ - WARNING - Invalid to_account: SAMNEY52958712
2026-01-22 23:09:29,817 - __main__ - WARNING - Invalid to_account: 0103SL00IPAY
2026-01-22 23:09:29,823 - __main__ - WARNING - Invalid to_account: 0103SL00IPAY
2026-01-22 23:09:29,834 - __main__ - WARNING - Invalid from_account: 9318482292@drkotak
2026-01-22 23:09:29,868 - __main__ - WARNING - Invalid to_account: SPRK0325061995240019
2026-01-22 23:09:29,895 - __main__ - WARNING - Invalid to_account: XETTLE71476835
2026-01-22 23:09:29,940 - __main__ - WARNING - Invalid to_account: SAMNEY79713714
2026-01-22 23:09:29,952 - __main__ - WARNING - Invalid to_account: 6200505606@dridib
2026-01-22 23:09:29,984 - __main__ - WARNING - Invalid to_account: XXXXXXXXXXXX5845
2026-01-22 23:09:29,987 - __main__ - WARNING - Invalid to_account: XXXXXXXXXXXX3499
2026-01-22 23:09:30,198 - __main__ - WARNING - Invalid to_account: ZDRM11PHONESW02
2026-01-22 23:09:30,201 - __main__ - WARNING - Invalid to_account: rechargenumber9141717211
2026-01-22 23:09:30,204 - __main__ - WARNING - Invalid to_account: rechargenumber9141717211
2026-01-22 23:09:30,259 - __main__ - WARNING - Invalid to_account: khaneliyas4@axl
2026-01-22 23:09:30,263 - __main__ - WARNING - Invalid to_account: aslamali786007@okaxis
2026-01-22 23:09:30,335 - __main__ - WARNING - Invalid from_account: aslamali786007@okaxis
2026-01-22 23:09:30,683 - __main__ - WARNING - Invalid from_account: 5666211b09dc4c298862050bc73faea2@draxisbank
2026-01-22 23:09:30,685 - __main__ - WARNING - Invalid from_account: 5666211b09dc4c298862050bc73faea2@draxisbank
2026-01-22 23:09:30,688 - __main__ - WARNING - Invalid from_account: 653e671b5d584c6ab4e1ffeb91332c95@draxisbank
2026-01-22 23:09:30,691 - __main__ - WARNING - Invalid from_account: bff2b739dc5e4f6dae9d3b840c650446@draxisbank
2026-01-22 23:09:32,131 - __main__ - INFO - [UPLOAD] Txn ID extraction summary: Found=3923, Missing=0
2026-01-22 23:28:10,650 - __main__ - INFO - User initialization complete.
2026-01-22 23:28:10,904 - __main__ - INFO - User initialization complete.
2026-01-22 23:41:44,273 - __main__ - INFO - User initialization complete.
2026-01-22 23:41:46,476 - __main__ - INFO - User initialization complete.
2026-01-22 23:45:14,795 - __main__ - INFO - User initialization complete.
2026-01-22 23:45:17,434 - __main__ - INFO - User initialization complete.
2026-01-22 23:46:38,366 - __main__ - INFO - Fetching graph data for ACK: 22912250105209
2026-01-22 23:46:38,468 - __main__ - INFO - Found 196 transactions for ACK 22912250105209
2026-01-22 23:46:38,474 - __main__ - INFO - Built hierarchy with 1 root children
2026-01-22 23:49:17,138 - __main__ - INFO - User initialization complete.
2026-01-22 23:49:37,748 - __main__ - INFO - User initialization complete.
2026-01-22 23:49:42,716 - __main__ - INFO - User initialization complete.
2026-01-22 23:53:03,990 - __main__ - INFO - User initialization complete.
2026-01-22 23:53:06,582 - __main__ - INFO - User initialization complete.
2026-01-22 23:54:03,578 - __main__ - INFO - User initialization complete.
2026-01-22 23:54:06,483 - __main__ - INFO - User initialization complete.
2026-01-22 23:54:58,181 - __main__ - INFO - Fetching graph data for ACK: 22912250105209
2026-01-22 23:54:58,271 - __main__ - INFO - Found 196 transactions for ACK 22912250105209
2026-01-22 23:54:58,273 - __main__ - INFO - Built hierarchy with 1 root children
2026-01-23 00:01:07,799 - __main__ - INFO - User initialization complete.
2026-01-23 00:01:10,405 - __main__ - INFO - User initialization complete.
2026-01-23 00:01:58,795 - __main__ - INFO - Fetching graph data for ACK: 22912250105209
2026-01-23 00:01:58,810 - __main__ - INFO - Found 196 transactions for ACK 22912250105209
2026-01-23 00:01:58,812 - __main__ - INFO - Built hierarchy with 1 root children
2026-01-23 00:02:11,230 - __main__ - INFO - Generating letter for ack_no=22912250105209, account=925020036850040, is_poh=True
2026-01-23 00:02:11,255 - __main__ - INFO - Found 2 POH transactions
2026-01-23 00:04:49,342 - __main__ - INFO - Generating letter for ack_no=22912250105209, account=925020036850040, is_poh=True
2026-01-23 00:04:49,355 - __main__ - INFO - Found 2 POH transactions
2026-01-23 00:06:53,869 - __main__ - INFO - User initialization complete.
2026-01-23 00:06:53,994 - __main__ - INFO - User initialization complete.
2026-01-23 00:07:13,825 - __main__ - INFO - User initialization complete.
2026-01-23 00:07:17,518 - __main__ - INFO - User initialization complete.
2026-01-23 00:10:27,475 - __main__ - INFO - Fetching graph data for ACK: 22912250105209
2026-01-23 00:10:27,505 - __main__ - INFO - Found 196 transactions for ACK 22912250105209
2026-01-23 00:10:27,560 - __main__ - INFO - Built hierarchy with 1 root children
2026-01-23 00:10:43,799 - __main__ - INFO - Generating letter for ack_no=22912250105209, account=925020036850040, is_poh=True
2026-01-23 00:10:43,822 - __main__ - INFO - Found 2 POH transactions
2026-01-23 00:15:23,515 - __main__ - INFO - User initialization complete.
2026-01-23 00:15:23,537 - __main__ - INFO - User initialization complete.
2026-01-23 00:19:04,523 - __main__ - INFO - User initialization complete.
2026-01-23 00:19:04,527 - __main__ - INFO - User initialization complete.
2026-01-23 00:19:57,732 - __main__ - INFO - User initialization complete.
2026-01-23 00:19:57,762 - __main__ - INFO - User initialization complete.
2026-01-23 00:21:08,844 - __main__ - INFO - Fetching graph data for ACK: 22912250105209
2026-01-23 00:21:08,858 - __main__ - INFO - Found 196 transactions for ACK 22912250105209
2026-01-23 00:21:08,903 - __main__ - INFO - Built hierarchy with 1 root children
2026-01-23 00:21:20,507 - __main__ - INFO - Generating letter for ack_no=22912250105209, account=925020036850040, is_poh=True
2026-01-23 00:21:20,521 - __main__ - INFO - Found 2 POH transactions
2026-01-23 00:23:59,313 - __main__ - INFO - User initialization complete.
2026-01-23 00:23:59,313 - __main__ - INFO - User initialization complete.
2026-01-23 00:25:57,472 - __main__ - INFO - Fetching graph data for ACK: 22912250105209
2026-01-23 00:25:57,572 - __main__ - INFO - Found 196 transactions for ACK 22912250105209
2026-01-23 00:25:57,576 - __main__ - INFO - Built hierarchy with 1 root children
2026-01-23 00:26:11,002 - __main__ - INFO - Generating letter for ack_no=22912250105209, account=925020036850040, is_poh=True
2026-01-23 00:26:11,015 - __main__ - INFO - Found 2 POH transactions
2026-01-23 00:26:11,050 - __main__ - INFO - Replacements prepared: {'<Bank Name>': 'Axis Bank', '<amount lost>': '2,182.60', '<from date>': '18/12/2025 12:00:00 AM', '<Rank>': 'si', '<Name>': 'hemisha', '<Phno>': '8976452367', '<email id>': 'hemisha@gmail.com', '<Cr.No>': '23', '<Acknowledgement no>': '22912250105209', '<Account No>': '925020036850040', '<To Date>': '23-01-2026', '<current date>': '23-01-2026'}
2026-01-23 11:16:36,517 - __main__ - INFO - User initialization complete.
2026-01-23 11:16:42,482 - __main__ - INFO - User initialization complete.
2026-01-23 11:17:43,225 - __main__ - INFO - Fetching graph data for ACK: 22912250105209
2026-01-23 11:17:43,371 - __main__ - INFO - Found 196 transactions for ACK 22912250105209
2026-01-23 11:17:43,380 - __main__ - INFO - Built hierarchy with 1 root children
2026-01-23 11:18:09,084 - __main__ - INFO - Generating letter for ack_no=22912250105209, account=925020036850040, is_poh=False
2026-01-23 11:18:09,099 - __main__ - INFO - Found 2 normal transactions
2026-01-23 11:18:09,230 - __main__ - INFO - Replacements prepared: {'<Bank Name>': 'Axis Bank', '<amount lost>': '480,200.00', '<from date>': '18/12/2025 11:44:36 AM', '<Rank>': 'si', '<Name>': 'hemisha', '<Phno>': '8976452367', '<email id>': 'hemisha@gmail.com', '<Cr.No>': '23', '<Acknowledgement no>': '22912250105209', '<Account No>': '925020036850040', '<To Date>': '23-01-2026', '<current date>': '23-01-2026'}
2026-01-23 11:18:09,754 - __main__ - INFO - Generating letter for ack_no=22912250105209, account=155501000008140, is_poh=False
2026-01-23 11:18:09,763 - __main__ - INFO - Found 1 normal transactions
2026-01-23 11:18:09,790 - __main__ - INFO - Replacements prepared: {'<Bank Name>': 'Indian Overseas Bank', '<amount lost>': '50,000.00', '<from date>': '18/12/2025 12:00:00 AM', '<Rank>': 'si', '<Name>': 'hemisha', '<Phno>': '8976452367', '<email id>': 'hemisha@gmail.com', '<Cr.No>': '23', '<Acknowledgement no>': '22912250105209', '<Account No>': '155501000008140', '<To Date>': '23-01-2026', '<current date>': '23-01-2026'}
2026-01-23 11:19:32,626 - __main__ - INFO - Generating letter for ack_no=22912250105209, account=925020036850040, is_poh=False
2026-01-23 11:19:32,775 - __main__ - INFO - Found 2 normal transactions
2026-01-23 11:19:32,848 - __main__ - INFO - Replacements prepared: {'<Bank Name>': 'Axis Bank', '<amount lost>': '480,200.00', '<from date>': '18/12/2025 11:44:36 AM', '<Rank>': 'ADGP', '<Name>': 'varshini', '<Phno>': '8976452367', '<email id>': 'varshini@gmail.com', '<Cr.No>': '12', '<Acknowledgement no>': '22912250105209', '<Account No>': '925020036850040', '<To Date>': '23-01-2026', '<current date>': '23-01-2026'}
2026-01-23 11:19:33,208 - __main__ - INFO - Generating letter for ack_no=22912250105209, account=155501000008140, is_poh=False
2026-01-23 11:19:33,223 - __main__ - INFO - Found 1 normal transactions
2026-01-23 11:19:33,289 - __main__ - INFO - Replacements prepared: {'<Bank Name>': 'Indian Overseas Bank', '<amount lost>': '50,000.00', '<from date>': '18/12/2025 12:00:00 AM', '<Rank>': 'ADGP', '<Name>': 'varshini', '<Phno>': '8976452367', '<email id>': 'varshini@gmail.com', '<Cr.No>': '12', '<Acknowledgement no>': '22912250105209', '<Account No>': '155501000008140', '<To Date>': '23-01-2026', '<current date>': '23-01-2026'}
2026-01-23 11:29:38,339 - __main__ - INFO - User initialization complete.
2026-01-23 11:32:43,965 - __main__ - INFO - User initialization complete.
2026-01-23 11:32:51,675 - __main__ - INFO - User initialization complete.
2026-01-23 11:33:42,868 - __main__ - INFO - User initialization complete.
2026-01-23 11:34:07,508 - __main__ - INFO - User initialization complete.
2026-01-23 11:34:21,571 - __main__ - INFO - User initialization complete.
2026-01-23 11:40:44,940 - __main__ - INFO - User initialization complete.
2026-01-23 11:40:50,015 - __main__ - INFO - User initialization complete.
2026-01-23 11:40:55,496 - __main__ - INFO - Fetching graph data for ACK: 22912250105209
2026-01-23 11:40:55,620 - __main__ - INFO - Found 196 transactions for ACK 22912250105209
2026-01-23 11:40:55,631 - __main__ - INFO - Built hierarchy with 1 root children
2026-01-23 11:41:14,766 - __main__ - INFO - save_hold_refund request: ack_no=22912250105209, hold_txn_id=535273718897, data={'ack_no': '22912250105209', 'hold_txn_id': '535273718897', 'court_order_date': '2026-01-08', 'refund_status': 'Refunded', 'refund_amount': 6556756}
2026-01-23 11:41:14,831 - __main__ - INFO - Refund details saved successfully (persisted to POHRefundDetails)
2026-01-23 11:42:08,001 - __main__ - INFO - save_hold_refund request: ack_no=22912250105209, hold_txn_id=535273718897, data={'ack_no': '22912250105209', 'hold_txn_id': '535273718897', 'court_order_date': '2026-01-08', 'refund_status': 'Refunded', 'refund_amount': 6556756}
2026-01-23 11:42:08,056 - __main__ - INFO - Refund details saved successfully (persisted to POHRefundDetails)
2026-01-23 11:44:53,130 - __main__ - INFO - User initialization complete.
2026-01-23 11:45:45,533 - __main__ - INFO - User initialization complete.
2026-01-23 11:46:41,373 - __main__ - INFO - User initialization complete.
2026-01-23 11:46:49,195 - __main__ - INFO - User initialization complete.
2026-01-23 11:50:32,700 - __main__ - INFO - Fetching graph data for ACK: 22912250105209
2026-01-23 11:50:32,813 - __main__ - INFO - Found 196 transactions for ACK 22912250105209
2026-01-23 11:50:32,820 - __main__ - INFO - Built hierarchy with 1 root children
2026-01-23 12:00:51,788 - __main__ - INFO - User initialization complete.
2026-01-23 12:02:19,564 - __main__ - INFO - Fetching graph data for ACK: 22912250105209
2026-01-23 12:02:19,701 - __main__ - INFO - Found 196 transactions for ACK 22912250105209
2026-01-23 12:02:19,710 - __main__ - INFO - Built hierarchy with 1 root children
2026-01-23 12:02:22,867 - __main__ - INFO - Fetching graph data for ACK: 22912250105209
2026-01-23 12:02:22,901 - __main__ - INFO - Found 196 transactions for ACK 22912250105209
2026-01-23 12:02:22,912 - __main__ - INFO - Built hierarchy with 1 root children
2026-01-23 12:02:42,489 - __main__ - INFO - save_hold_refund request: ack_no=22912250105209, hold_txn_id=535273718897, data={'ack_no': '22912250105209', 'hold_txn_id': '535273718897', 'court_order_date': '2026-01-08', 'refund_status': 'Refunded', 'refund_amount': 24444}
2026-01-23 12:02:42,574 - __main__ - INFO - Refund details saved successfully (persisted to POHRefundDetails)
2026-01-23 12:02:56,514 - __main__ - INFO - Fetching graph data for ACK: 22912250105209
2026-01-23 12:02:56,562 - __main__ - INFO - Found 196 transactions for ACK 22912250105209
2026-01-23 12:02:56,581 - __main__ - INFO - Built hierarchy with 1 root children
2026-01-23 12:07:13,870 - __main__ - INFO - User initialization complete.
2026-01-23 12:07:31,585 - __main__ - INFO - User initialization complete.
2026-01-23 12:12:48,326 - __main__ - INFO - Fetching graph data for ACK: 22912250105209
2026-01-23 12:12:48,549 - __main__ - INFO - Found 196 transactions for ACK 22912250105209
2026-01-23 12:12:48,562 - __main__ - INFO - Restored persistent POH details for 2 transactions
2026-01-23 12:12:48,575 - __main__ - INFO - Built hierarchy with 1 root children
2026-01-23 12:13:06,554 - __main__ - INFO - Fetching graph data for ACK: 22912250105209
2026-01-23 12:13:06,590 - __main__ - INFO - Found 196 transactions for ACK 22912250105209
2026-01-23 12:13:06,593 - __main__ - INFO - Restored persistent POH details for 2 transactions
2026-01-23 12:13:06,602 - __main__ - INFO - Built hierarchy with 1 root children
2026-01-23 12:13:31,040 - __main__ - INFO - Fetching graph data for ACK: 22903250021752
2026-01-23 12:13:31,709 - __main__ - INFO - Found 3756 transactions for ACK 22903250021752
2026-01-23 12:13:33,625 - __main__ - INFO - Built hierarchy with 3 root children
2026-01-23 12:18:27,209 - __main__ - INFO - User initialization complete.
2026-01-23 12:21:11,742 - __main__ - INFO - User initialization complete.
2026-01-23 12:21:40,312 - __main__ - INFO - User initialization complete.
2026-01-23 12:22:44,887 - __main__ - INFO - User initialization complete.
2026-01-23 12:23:22,797 - __main__ - INFO - User initialization complete.
2026-01-23 12:24:30,553 - __main__ - INFO - Fetching graph data for ACK: 22903250021752
2026-01-23 12:24:31,054 - __main__ - INFO - Found 3756 transactions for ACK 22903250021752
2026-01-23 12:24:33,052 - __main__ - INFO - Built hierarchy with 3 root children
2026-01-23 12:24:49,642 - __main__ - INFO - Generating letter for ack_no=22903250021752, account=83093956946, is_poh=False
2026-01-23 12:24:49,703 - __main__ - INFO - Found 10 normal transactions
2026-01-23 12:24:49,747 - __main__ - INFO - Replacements prepared: {'<Bank Name>': 'Rajasthan Marudhara Gramin Bank', '<amount lost>': '10,000,000.00', '<from date>': '05/02/2025 12:00:00 AM', '<Rank>': 'ADGP', '<Name>': 'varshini', '<Phno>': '8976452367', '<email id>': 'varshini@gmail.com', '<Cr.No>': '12', '<Acknowledgement no>': '22903250021752', '<Account No>': '83093956946', '<To Date>': '23-01-2026', '<current date>': '23-01-2026'}
2026-01-23 12:27:27,223 - __main__ - INFO - Generating letter for ack_no=22903250021752, account=01300100028178, is_poh=True
2026-01-23 12:27:27,296 - __main__ - INFO - Found 2 POH transactions
2026-01-23 12:27:27,312 - __main__ - INFO - Replacements prepared: {'<Bank Name>': 'Bank of Baroda', '<amount lost>': '23,012.00', '<from date>': '13/03/2025 12:00:00 AM', '<Rank>': 'ADGP', '<Name>': 'varshini', '<Phno>': '8976452367', '<email id>': 'varshini@gmail.com', '<Cr.No>': '12', '<Acknowledgement no>': '22903250021752', '<Account No>': '01300100028178', '<To Date>': '23-01-2026', '<current date>': '23-01-2026'}
2026-01-23 12:32:59,982 - __main__ - INFO - Fetching graph data for ACK: 22903250021752
2026-01-23 12:33:00,438 - __main__ - INFO - Found 3756 transactions for ACK 22903250021752
2026-01-23 12:33:02,361 - __main__ - INFO - Built hierarchy with 3 root children
2026-01-23 12:33:42,128 - __main__ - INFO - Fetching graph data for ACK: 22903250021752
2026-01-23 12:33:42,747 - __main__ - INFO - Found 3756 transactions for ACK 22903250021752
2026-01-23 12:33:44,738 - __main__ - INFO - Built hierarchy with 3 root children
2026-01-23 12:34:20,475 - __main__ - INFO - Fetching graph data for ACK: 22903250021752
2026-01-23 12:34:21,018 - __main__ - INFO - Found 3756 transactions for ACK 22903250021752
2026-01-23 12:34:22,882 - __main__ - INFO - Built hierarchy with 3 root children
2026-01-23 12:36:51,634 - __main__ - INFO - Fetching graph data for ACK: 22903250021752
2026-01-23 12:36:51,966 - __main__ - INFO - Found 3756 transactions for ACK 22903250021752
2026-01-23 12:36:54,147 - __main__ - INFO - Built hierarchy with 3 root children
2026-01-23 12:39:10,602 - __main__ - INFO - User initialization complete.
2026-01-23 12:40:27,314 - __main__ - WARNING - Invalid to_account: FPPId70836994d93
2026-01-23 12:40:27,335 - __main__ - WARNING - Invalid to_account: FPPI62c1fe101b32
2026-01-23 12:40:27,667 - __main__ - WARNING - Invalid to_account: OMBKMBK7604388
2026-01-23 12:40:28,111 - __main__ - WARNING - Invalid to_account: LoanNumber8546477
2026-01-23 12:40:28,116 - __main__ - WARNING - Invalid to_account: ZGLLFL000000008853
2026-01-23 12:40:29,355 - __main__ - WARNING - Invalid to_account: RechargedNumber8100219493
2026-01-23 12:40:30,172 - __main__ - WARNING - Invalid to_account: 049929900021000000000000
2026-01-23 12:40:33,858 - __main__ - WARNING - Invalid to_account: FPPI05272466e6db
2026-01-23 12:40:33,913 - __main__ - WARNING - Invalid to_account: FPPI822e470b17f4
2026-01-23 12:40:33,917 - __main__ - WARNING - Invalid to_account: FPPI822e470b17f4
2026-01-23 12:40:37,270 - __main__ - WARNING - Invalid to_account: ZGLLFL000000008853
2026-01-23 12:40:38,060 - __main__ - WARNING - Invalid to_account: 0103SL00IPAY
2026-01-23 12:40:38,264 - __main__ - WARNING - Invalid to_account: CMSUBSPL17305334588
2026-01-23 12:40:38,354 - __main__ - WARNING - Invalid to_account: FPPI3b7ad1141ae5
2026-01-23 12:40:41,321 - __main__ - WARNING - Invalid to_account: LoanNumberB2WJAI00072719
2026-01-23 12:40:41,326 - __main__ - WARNING - Invalid to_account: 01008102618509004175881746936500778
2026-01-23 12:40:41,334 - __main__ - WARNING - Invalid to_account: 01008102618509004175881746936500778
2026-01-23 12:40:41,337 - __main__ - WARNING - Invalid to_account: 01008102618509004175881746936500778
2026-01-23 12:40:41,884 - __main__ - WARNING - Invalid to_account: FPPI5c48f9f7d12c
2026-01-23 12:40:42,762 - __main__ - WARNING - Invalid to_account: FPPI30aae1b6471d
2026-01-23 12:40:42,767 - __main__ - WARNING - Invalid to_account: 01008102618509004175881746936500778
2026-01-23 12:40:42,772 - __main__ - WARNING - Invalid to_account: 01008102618509004175881746936500778
2026-01-23 12:40:42,775 - __main__ - WARNING - Invalid to_account: 01008102618509004175881746936500778
2026-01-23 12:40:43,336 - __main__ - WARNING - Invalid to_account: 0104SLEZYAPP
2026-01-23 12:40:43,972 - __main__ - WARNING - Invalid to_account: FPPIc5211529a963
2026-01-23 12:40:44,690 - __main__ - WARNING - Invalid to_account: FPPIcd05da4bfa33
2026-01-23 12:40:44,694 - __main__ - WARNING - Invalid to_account: FPPIcd05da4bfa33
2026-01-23 12:40:45,043 - __main__ - WARNING - Invalid to_account: ZGLLFL000000004875
2026-01-23 12:40:45,260 - __main__ - WARNING - Invalid to_account: 9828204837@pthdfc
2026-01-23 12:40:45,492 - __main__ - WARNING - Invalid to_account: BCR2DN6TXLSYNWAR
2026-01-23 12:40:45,504 - __main__ - WARNING - Invalid to_account: ranjeetsingh22003@okhdfcbank
2026-01-23 12:40:45,626 - __main__ - WARNING - Invalid to_account: BillNumber857748248
2026-01-23 12:40:45,769 - __main__ - WARNING - Invalid to_account: 0103SL00IPAY
2026-01-23 12:40:45,773 - __main__ - WARNING - Invalid from_account: 0103SL00IPAY
2026-01-23 12:40:45,895 - __main__ - WARNING - Invalid from_account: ZGLLFL000000004875
2026-01-23 12:40:46,052 - __main__ - WARNING - Invalid from_account: ranjeetsingh22003@okhdfcbank
2026-01-23 12:40:46,055 - __main__ - WARNING - Invalid to_account: ZGLLFL000000007857
2026-01-23 12:40:46,058 - __main__ - WARNING - Invalid from_account: BCR2DN6TXLSYNWAR
2026-01-23 12:40:48,495 - __main__ - WARNING - Invalid amount: 0.0
2026-01-23 12:40:48,923 - __main__ - WARNING - Invalid from_account: OMBKMBK7604388
2026-01-23 12:40:49,239 - __main__ - WARNING - Invalid to_account: FPPI3be9f0e4696c
2026-01-23 12:40:49,242 - __main__ - WARNING - Invalid to_account: FPPI14d908b1f464
2026-01-23 12:40:49,403 - __main__ - WARNING - Invalid to_account: FPPIcced8381e56a
2026-01-23 12:40:50,075 - __main__ - WARNING - Invalid to_account: 1234
2026-01-23 12:40:50,093 - __main__ - WARNING - Invalid from_account: nan
2026-01-23 12:40:50,427 - __main__ - WARNING - Invalid to_account: FPPIbd6cea284082
2026-01-23 12:40:50,486 - __main__ - WARNING - Invalid to_account: 1234
2026-01-23 12:40:51,325 - __main__ - WARNING - Invalid to_account: 0103SL00IPAY
2026-01-23 12:40:51,648 - __main__ - WARNING - Invalid to_account: BCR2DN6TRPY5TLLE
2026-01-23 12:40:51,795 - __main__ - WARNING - Invalid to_account: FPPI2e5721173fa2
2026-01-23 12:40:52,166 - __main__ - WARNING - Invalid to_account: nan
2026-01-23 12:40:52,171 - __main__ - WARNING - Invalid to_account: nan
2026-01-23 12:40:52,175 - __main__ - WARNING - Invalid to_account: nan
2026-01-23 12:40:52,178 - __main__ - WARNING - Invalid to_account: nan
2026-01-23 12:40:52,451 - __main__ - WARNING - Invalid to_account: nan
2026-01-23 12:40:52,461 - __main__ - WARNING - Invalid to_account: FPPI7b48c31a9175
2026-01-23 12:40:52,467 - __main__ - WARNING - Invalid to_account: FPPI7b48c31a9175
2026-01-23 12:40:52,478 - __main__ - WARNING - Invalid to_account: nan
2026-01-23 12:40:52,489 - __main__ - WARNING - Invalid to_account: nan
2026-01-23 12:40:52,532 - __main__ - WARNING - Invalid to_account: BCR2DN6TXLSYNWAR
2026-01-23 12:40:52,543 - __main__ - WARNING - Invalid to_account: BCR2DN6TXLSYNWAR
2026-01-23 12:40:52,556 - __main__ - WARNING - Invalid to_account: BCR2DN6TXLSYNWAR
2026-01-23 12:40:52,584 - __main__ - WARNING - Invalid to_account: 6305194867@axl
2026-01-23 12:40:52,590 - __main__ - WARNING - Invalid to_account: paytm79777099@ptybl
2026-01-23 12:40:52,593 - __main__ - WARNING - Invalid to_account: q731576283@ybl
2026-01-23 12:40:52,597 - __main__ - WARNING - Invalid to_account: paytm46047795@ptys
2026-01-23 12:40:52,815 - __main__ - WARNING - Invalid from_account: 0103SL00IPAY
2026-01-23 12:40:52,941 - __main__ - WARNING - Invalid to_account: ZGLLFL000000071967
2026-01-23 12:40:52,947 - __main__ - WARNING - Invalid to_account: 917020041206002E
2026-01-23 12:40:52,977 - __main__ - WARNING - Invalid to_account: na
2026-01-23 12:40:52,980 - __main__ - WARNING - Invalid to_account: nan
2026-01-23 12:40:52,983 - __main__ - WARNING - Invalid to_account: na
2026-01-23 12:40:52,988 - __main__ - WARNING - Invalid to_account: na
2026-01-23 12:40:52,992 - __main__ - WARNING - Invalid to_account: nan
2026-01-23 12:40:52,995 - __main__ - WARNING - Invalid to_account: na
2026-01-23 12:40:52,999 - __main__ - WARNING - Invalid to_account: na
2026-01-23 12:40:53,004 - __main__ - WARNING - Invalid to_account: na
2026-01-23 12:40:53,007 - __main__ - WARNING - Invalid to_account: nan
2026-01-23 12:40:53,011 - __main__ - WARNING - Invalid to_account: nan
2026-01-23 12:40:53,014 - __main__ - WARNING - Invalid to_account: nan
2026-01-23 12:40:53,017 - __main__ - WARNING - Invalid to_account: na
2026-01-23 12:40:53,022 - __main__ - WARNING - Invalid to_account: na
2026-01-23 12:40:53,025 - __main__ - WARNING - Invalid to_account: nan
2026-01-23 12:40:53,028 - __main__ - WARNING - Invalid to_account: nan
2026-01-23 12:40:53,066 - __main__ - WARNING - Invalid from_account: ZGLLFL000000071967
2026-01-23 12:40:53,143 - __main__ - WARNING - Invalid from_account: BCR2DN6TRPY5TLLE
2026-01-23 12:40:53,155 - __main__ - WARNING - Invalid to_account: NotFound
2026-01-23 12:40:53,158 - __main__ - WARNING - Invalid to_account: NotFound
2026-01-23 12:40:53,161 - __main__ - WARNING - Invalid from_account: BCR2DN6TXLSYNWAR
2026-01-23 12:40:53,181 - __main__ - WARNING - Invalid from_account: BCR2DN6TXLSYNWAR
2026-01-23 12:40:53,195 - __main__ - WARNING - Invalid from_account: BCR2DN6TXLSYNWAR
2026-01-23 12:40:53,211 - __main__ - WARNING - Invalid from_account: 0103SL00IPAY
2026-01-23 12:40:53,423 - __main__ - WARNING - Invalid to_account: nan
2026-01-23 12:40:53,427 - __main__ - WARNING - Invalid to_account: nan
2026-01-23 12:40:53,430 - __main__ - WARNING - Invalid to_account: nan
2026-01-23 12:40:53,495 - __main__ - WARNING - Invalid from_account: 1234
2026-01-23 12:40:53,541 - __main__ - WARNING - Invalid to_account: RMV9Q9AwUjIfRN
2026-01-23 12:40:53,549 - __main__ - WARNING - Invalid from_account: 917020041206002E
2026-01-23 12:40:53,562 - __main__ - WARNING - Invalid to_account: HMDM1008217
2026-01-23 12:40:53,569 - __main__ - WARNING - Invalid to_account: Attached
2026-01-23 12:40:53,592 - __main__ - WARNING - Invalid to_account: XXXXXXXXXXXX9000
2026-01-23 12:40:53,595 - __main__ - WARNING - Invalid to_account: nan
2026-01-23 12:40:53,782 - __main__ - WARNING - Invalid to_account: PPIW0884509
2026-01-23 12:40:53,786 - __main__ - WARNING - Invalid to_account: BCR2DN6T7WPKL7YZ
2026-01-23 12:40:54,736 - __main__ - WARNING - Invalid from_account: 9828204837@pthdfc
2026-01-23 12:40:54,799 - __main__ - WARNING - Invalid to_account: 10000UIk
2026-01-23 12:40:55,123 - __main__ - WARNING - Invalid to_account: 0104SLEZPUPI
2026-01-23 12:40:56,399 - __main__ - WARNING - Invalid to_account: FPPI1561833a538d
2026-01-23 12:40:57,313 - __main__ - WARNING - Invalid to_account: na
2026-01-23 12:40:57,316 - __main__ - WARNING - Invalid to_account: na
2026-01-23 12:40:57,319 - __main__ - WARNING - Invalid to_account: na
2026-01-23 12:40:57,325 - __main__ - WARNING - Invalid to_account: na
2026-01-23 12:40:57,333 - __main__ - WARNING - Invalid to_account: na
2026-01-23 12:41:00,163 - __main__ - WARNING - Invalid to_account: FPPIabe49e654934
2026-01-23 12:41:00,590 - __main__ - WARNING - Invalid to_account: 0103SL00IPAY
2026-01-23 12:41:00,767 - __main__ - WARNING - Invalid to_account: OMBKMBK9161047
2026-01-23 12:41:01,347 - __main__ - WARNING - Invalid amount: 0.0
2026-01-23 12:41:01,505 - __main__ - WARNING - Invalid to_account: vetrivadivel20021@oksbi
2026-01-23 12:41:01,567 - __main__ - WARNING - Invalid to_account: LoanNumberLVMOT00625-260411400
2026-01-23 12:41:01,757 - __main__ - WARNING - Invalid to_account: ZGLLFL000000007857
2026-01-23 12:41:01,785 - __main__ - WARNING - Invalid to_account: Q972286971@ybl
2026-01-23 12:41:01,789 - __main__ - WARNING - Invalid to_account: mukarampura478@okhdfcbank
2026-01-23 12:41:01,939 - __main__ - WARNING - Invalid to_account: HATSUN1033193
2026-01-23 12:41:01,945 - __main__ - WARNING - Invalid amount: 0.0
2026-01-23 12:41:02,466 - __main__ - WARNING - Invalid to_account: 0103SL00IPAY
2026-01-23 12:41:02,581 - __main__ - WARNING - Invalid from_account: 0103SL00IPAY
2026-01-23 12:41:03,715 - __main__ - WARNING - Invalid from_account: BCR2DN6T7WPKL7YZ
2026-01-23 12:41:05,664 - __main__ - WARNING - Invalid to_account: OMBKMBK3387110
2026-01-23 12:41:06,291 - __main__ - WARNING - Invalid to_account: paytmqr6cw27m@ptys
2026-01-23 12:41:08,595 - __main__ - WARNING - Invalid to_account: ZGLLFL000000005290
2026-01-23 12:41:08,598 - __main__ - WARNING - Invalid to_account: ZGLLFL000000005290
2026-01-23 12:41:08,602 - __main__ - WARNING - Invalid to_account: ZGLLFL000000004875
2026-01-23 12:41:09,684 - __main__ - WARNING - Invalid to_account: OMBKMBK6548215
2026-01-23 12:41:09,688 - __main__ - WARNING - Invalid to_account: OMBKMBK6548215
2026-01-23 12:41:10,010 - __main__ - WARNING - Invalid to_account: nan
2026-01-23 12:41:11,309 - __main__ - WARNING - Invalid to_account: FPPI33e1dac283ca
2026-01-23 12:41:11,513 - __main__ - WARNING - Invalid to_account: Q000186460@ybl
2026-01-23 12:41:11,594 - __main__ - WARNING - Invalid to_account: JioPrepaid
2026-01-23 12:41:11,600 - __main__ - WARNING - Invalid to_account: MrSriramsriramcuddalore1@okaxis
2026-01-23 12:41:11,606 - __main__ - WARNING - Invalid to_account: JioPrepaid
2026-01-23 12:41:11,697 - __main__ - WARNING - Invalid to_account: AUC036066000000006
2026-01-23 12:41:11,732 - __main__ - WARNING - Invalid from_account: MrSriramsriramcuddalore1@okaxis
2026-01-23 12:41:11,737 - __main__ - WARNING - Invalid to_account: kreditbeeonline@axl
2026-01-23 12:41:11,789 - __main__ - WARNING - Invalid to_account: FPPI62db458b13db
2026-01-23 12:41:11,792 - __main__ - WARNING - Invalid to_account: FPPI62db458b13db
2026-01-23 12:41:11,892 - __main__ - WARNING - Invalid to_account: na
2026-01-23 12:41:11,980 - __main__ - WARNING - Invalid to_account: na
2026-01-23 12:41:12,003 - __main__ - WARNING - Invalid to_account: na
2026-01-23 12:41:12,020 - __main__ - WARNING - Invalid to_account: na
2026-01-23 12:41:12,035 - __main__ - WARNING - Invalid to_account: na
2026-01-23 12:41:12,075 - __main__ - WARNING - Invalid to_account: LoanNumberUP3034CD0328239
2026-01-23 12:41:12,167 - __main__ - WARNING - Invalid from_account: JioPrepaid
2026-01-23 12:41:12,173 - __main__ - WARNING - Invalid to_account: ZGLLFL000000004875
2026-01-23 12:41:12,195 - __main__ - WARNING - Invalid to_account: na
2026-01-23 12:41:12,206 - __main__ - WARNING - Invalid from_account: JioPrepaid
2026-01-23 12:41:12,288 - __main__ - WARNING - Invalid to_account: ajayassp4@okhdfcbank
2026-01-23 12:41:12,309 - __main__ - WARNING - Invalid to_account: ikiranbtech20021@oksbi
2026-01-23 12:41:12,380 - __main__ - WARNING - Invalid to_account: paytmd00986572480@pty
2026-01-23 12:41:12,536 - __main__ - WARNING - Invalid to_account: nan
2026-01-23 12:41:12,539 - __main__ - WARNING - Invalid to_account: nan
2026-01-23 12:41:12,542 - __main__ - WARNING - Invalid to_account: nan
2026-01-23 12:41:12,546 - __main__ - WARNING - Invalid to_account: nan
2026-01-23 12:41:12,549 - __main__ - WARNING - Invalid to_account: nan
2026-01-23 12:41:12,555 - __main__ - WARNING - Invalid to_account: nan
2026-01-23 12:41:12,605 - __main__ - WARNING - Invalid from_account: ZGLLFL000000004875
2026-01-23 12:41:12,710 - __main__ - WARNING - Invalid to_account: na
2026-01-23 12:41:12,739 - __main__ - WARNING - Invalid from_account: paytmd00986572480@pty
2026-01-23 12:41:12,742 - __main__ - WARNING - Invalid from_account: paytmd00986572480@pty
2026-01-23 12:41:12,745 - __main__ - WARNING - Invalid from_account: paytmd00986572480@pty
2026-01-23 12:41:12,749 - __main__ - WARNING - Invalid from_account: paytmd00986572480@pty
2026-01-23 12:41:12,754 - __main__ - WARNING - Invalid from_account: paytmd00986572480@pty
2026-01-23 12:41:12,757 - __main__ - WARNING - Invalid from_account: paytmd00986572480@pty
2026-01-23 12:41:12,760 - __main__ - WARNING - Invalid from_account: paytmd00986572480@pty
2026-01-23 12:41:12,771 - __main__ - WARNING - Invalid from_account: paytmd00986572480@pty
2026-01-23 12:41:12,774 - __main__ - WARNING - Invalid from_account: paytmd00986572480@pty
2026-01-23 12:41:12,777 - __main__ - WARNING - Invalid from_account: paytmd00986572480@pty
2026-01-23 12:41:12,781 - __main__ - WARNING - Invalid from_account: paytmd00986572480@pty
2026-01-23 12:41:12,786 - __main__ - WARNING - Invalid from_account: paytmd00986572480@pty
2026-01-23 12:41:12,790 - __main__ - WARNING - Invalid from_account: paytmd00986572480@pty
2026-01-23 12:41:12,889 - __main__ - WARNING - Invalid to_account: nan
2026-01-23 12:41:13,039 - __main__ - WARNING - Invalid to_account: na
2026-01-23 12:41:13,042 - __main__ - WARNING - Invalid to_account: nan
2026-01-23 12:41:13,045 - __main__ - WARNING - Invalid to_account: nan
2026-01-23 12:41:13,050 - __main__ - WARNING - Invalid to_account: nan
2026-01-23 12:41:13,053 - __main__ - WARNING - Invalid to_account: nan
2026-01-23 12:41:13,056 - __main__ - WARNING - Invalid to_account: na
2026-01-23 12:41:13,111 - __main__ - WARNING - Invalid to_account: CITIG012111
2026-01-23 12:41:13,120 - __main__ - WARNING - Invalid from_account: CITIG012111
2026-01-23 12:41:13,128 - __main__ - WARNING - Invalid from_account: ikiranbtech20021@oksbi
2026-01-23 12:41:13,136 - __main__ - WARNING - Invalid from_account: ajayassp4@okhdfcbank
2026-01-23 12:41:13,175 - __main__ - WARNING - Invalid to_account: BCR2DN6T53OKNSKA
2026-01-23 12:41:13,194 - __main__ - WARNING - Invalid from_account: mukarampura478@okhdfcbank
2026-01-23 12:41:13,202 - __main__ - WARNING - Invalid from_account: vetrivadivel20021@oksbi
2026-01-23 12:41:13,205 - __main__ - WARNING - Invalid to_account: BCR2DN6TT7RZRJBJ
2026-01-23 12:41:13,258 - __main__ - WARNING - Invalid to_account: nan
2026-01-23 12:41:13,261 - __main__ - WARNING - Invalid to_account: nan
2026-01-23 12:41:13,288 - __main__ - WARNING - Invalid to_account: nan
2026-01-23 12:41:13,307 - __main__ - WARNING - Invalid to_account: BCR2DN6T7WPKL7YZ
2026-01-23 12:41:13,313 - __main__ - WARNING - Invalid to_account: FPPIe479abf90c63
2026-01-23 12:41:13,348 - __main__ - WARNING - Invalid to_account: BillNumber310212041457
2026-01-23 12:41:13,367 - __main__ - WARNING - Invalid to_account: 7592965107@pthdfc
2026-01-23 12:41:13,374 - __main__ - WARNING - Invalid to_account: jasvindarkaur01@ptyes
2026-01-23 12:41:13,449 - __main__ - WARNING - Invalid to_account: XX8344
2026-01-23 12:41:13,843 - __main__ - WARNING - Invalid from_account: paytm79777099@ptybl
2026-01-23 12:41:13,846 - __main__ - WARNING - Invalid to_account: na
2026-01-23 12:41:13,850 - __main__ - WARNING - Invalid to_account: na
2026-01-23 12:41:13,856 - __main__ - WARNING - Invalid to_account: navibbpsJ2369500617861383681
2026-01-23 12:41:13,863 - __main__ - WARNING - Invalid to_account: BCR2DN6T53OKNSKA
2026-01-23 12:41:13,871 - __main__ - WARNING - Invalid to_account: BCR2DN6T53OKNSKA
2026-01-23 12:41:14,313 - __main__ - WARNING - Invalid to_account: 7568117266@freecharge
2026-01-23 12:41:14,562 - __main__ - WARNING - Invalid to_account: FPPId5212c6fdc08
2026-01-23 12:41:14,569 - __main__ - WARNING - Invalid to_account: FPPIe61939a062e9
2026-01-23 12:41:14,750 - __main__ - WARNING - Invalid to_account: LoanNumberP54PPDP18039295
2026-01-23 12:41:14,754 - __main__ - WARNING - Invalid to_account: FPPI684e6ce57eac
2026-01-23 12:41:14,757 - __main__ - WARNING - Invalid to_account: FPPI684e6ce57eac
2026-01-23 12:41:14,951 - __main__ - WARNING - Invalid to_account: nan
2026-01-23 12:41:15,040 - __main__ - WARNING - Invalid to_account: FPPI8e79f18d6eb3
2026-01-23 12:41:15,165 - __main__ - WARNING - Invalid to_account: LoanNumberrj3016tw0064061
2026-01-23 12:41:15,382 - __main__ - WARNING - Invalid from_account: jasvindarkaur01@ptyes
2026-01-23 12:41:15,506 - __main__ - WARNING - Invalid to_account: nan
2026-01-23 12:41:15,528 - __main__ - WARNING - Invalid from_account: BCR2DN6T53OKNSKA
2026-01-23 12:41:15,628 - __main__ - WARNING - Invalid to_account: 0103SL00IPAY
2026-01-23 12:41:15,638 - __main__ - WARNING - Invalid from_account: BCR2DN6TT7RZRJBJ
2026-01-23 12:41:15,655 - __main__ - WARNING - Invalid from_account: BCR2DN6T7WPKL7YZ
2026-01-23 12:41:15,680 - __main__ - WARNING - Invalid from_account: BCR2DN6T53OKNSKA
2026-01-23 12:41:15,688 - __main__ - WARNING - Invalid from_account: BCR2DN6T53OKNSKA
2026-01-23 12:41:15,695 - __main__ - WARNING - Invalid from_account: 0103SL00IPAY
2026-01-23 12:41:15,699 - __main__ - WARNING - Invalid from_account: CITIG012111
2026-01-23 12:41:15,717 - __main__ - WARNING - Invalid to_account: SBICARD2509251114504717
2026-01-23 12:41:15,722 - __main__ - WARNING - Invalid from_account: 7592965107@pthdfc
2026-01-23 12:41:15,829 - __main__ - WARNING - Invalid to_account: RN4PvVNE1yfC0l
2026-01-23 12:41:15,867 - __main__ - WARNING - Invalid to_account: RLmOaJ7tEw5wSp
2026-01-23 12:41:15,871 - __main__ - WARNING - Invalid to_account: RLmdVWkliMD3hM
2026-01-23 12:41:15,902 - __main__ - WARNING - Invalid to_account: RU1J835VReCExG
2026-01-23 12:41:15,933 - __main__ - WARNING - Invalid to_account: RMvd69XTNMCRBo
2026-01-23 12:41:15,939 - __main__ - WARNING - Invalid to_account: RM8kqfdMpFynlk
2026-01-23 12:41:15,949 - __main__ - WARNING - Invalid to_account: RMGHNOdSwHrlSn
2026-01-23 12:41:15,955 - __main__ - WARNING - Invalid to_account: RNULddcE7hfwQR
2026-01-23 12:41:16,515 - __main__ - WARNING - Invalid to_account: nan
2026-01-23 12:41:16,614 - __main__ - WARNING - Invalid to_account: 0103SL00IPAY
2026-01-23 12:41:16,621 - __main__ - WARNING - Invalid to_account: ilhaammalik123@oksbi
2026-01-23 12:41:16,771 - __main__ - WARNING - Invalid to_account: na
2026-01-23 12:41:16,774 - __main__ - WARNING - Invalid to_account: na
2026-01-23 12:41:16,781 - __main__ - WARNING - Invalid to_account: na
2026-01-23 12:41:16,784 - __main__ - WARNING - Invalid to_account: na
2026-01-23 12:41:16,789 - __main__ - WARNING - Invalid to_account: na
2026-01-23 12:41:16,915 - __main__ - WARNING - Invalid to_account: XXXXXXXXXXXX4674
2026-01-23 12:41:16,926 - __main__ - WARNING - Invalid to_account: XXXXXXXXXXXX2007
2026-01-23 12:41:16,930 - __main__ - WARNING - Invalid to_account: XXXXXXXXXXXX5477
2026-01-23 12:41:16,941 - __main__ - WARNING - Invalid to_account: XXXXXXXXXXXX0694
2026-01-23 12:41:16,946 - __main__ - WARNING - Invalid to_account: XXXXXXXXXXXX5348
2026-01-23 12:41:16,976 - __main__ - WARNING - Invalid to_account: N
2026-01-23 12:41:16,979 - __main__ - WARNING - Invalid from_account: kreditbeeonline@axl
2026-01-23 12:41:16,982 - __main__ - WARNING - Invalid from_account: Q000186460@ybl
2026-01-23 12:41:17,013 - __main__ - WARNING - Invalid from_account: XXXXXXXXXXXX5477
2026-01-23 12:41:17,048 - __main__ - WARNING - Invalid from_account: q731576283@ybl
2026-01-23 12:41:17,190 - __main__ - WARNING - Invalid from_account: ilhaammalik123@oksbi
2026-01-23 12:41:17,195 - __main__ - WARNING - Invalid from_account: 6305194867@axl
2026-01-23 12:41:17,199 - __main__ - WARNING - Invalid to_account: LoanNumber110877921
2026-01-23 12:41:17,203 - __main__ - WARNING - Invalid to_account: LoanNumberatonresv00007
2026-01-23 12:41:17,207 - __main__ - WARNING - Invalid to_account: BillNumber211031019106
2026-01-23 12:41:17,211 - __main__ - WARNING - Invalid to_account: LoanNumberup3033tw0092346
2026-01-23 12:41:17,215 - __main__ - WARNING - Invalid to_account: LoanNumber2562MUL009454
2026-01-23 12:41:17,219 - __main__ - WARNING - Invalid to_account: LoanNumberPS58PRD59412840
2026-01-23 12:41:17,224 - __main__ - WARNING - Invalid to_account: BillNumber7000000053183379
2026-01-23 12:41:17,230 - __main__ - WARNING - Invalid to_account: LoanNumber59427661
2026-01-23 12:41:17,235 - __main__ - WARNING - Invalid to_account: LoanNumber59800997
2026-01-23 12:41:17,240 - __main__ - WARNING - Invalid to_account: BillNumber9581500671
2026-01-23 12:41:17,244 - __main__ - WARNING - Invalid to_account: LoanNumber10095638
2026-01-23 12:41:17,247 - __main__ - WARNING - Invalid to_account: LoanNumberNUHRFV000005617227
2026-01-23 12:41:17,252 - __main__ - WARNING - Invalid to_account: BillNumber670111857
2026-01-23 12:41:17,874 - __main__ - WARNING - Invalid to_account: 60117315716520663318
2026-01-23 12:41:18,193 - __main__ - WARNING - Invalid to_account: 049929900021000000000000
2026-01-23 12:41:18,656 - __main__ - WARNING - Invalid to_account: 0000071100100001615
2026-01-23 12:41:18,769 - __main__ - WARNING - Invalid to_account: sayedanuwar752@okaxis
2026-01-23 12:41:18,783 - __main__ - WARNING - Invalid to_account: na
2026-01-23 12:41:18,788 - __main__ - WARNING - Invalid to_account: na
2026-01-23 12:41:18,792 - __main__ - WARNING - Invalid to_account: na
2026-01-23 12:41:18,885 - __main__ - WARNING - Invalid to_account: nan
2026-01-23 12:41:18,895 - __main__ - WARNING - Invalid from_account: sayedanuwar752@okaxis
2026-01-23 12:41:18,906 - __main__ - WARNING - Invalid from_account: XXXXXXX5158
2026-01-23 12:41:18,958 - __main__ - WARNING - Invalid to_account: nan
2026-01-23 12:41:18,961 - __main__ - WARNING - Invalid to_account: XXXXXXXXXXXX7028
2026-01-23 12:41:18,984 - __main__ - WARNING - Invalid to_account: nan
2026-01-23 12:41:19,010 - __main__ - WARNING - Invalid to_account: WBSB000820060023
2026-01-23 12:41:19,051 - __main__ - WARNING - Invalid to_account: JI1lNgG0l0rfyH
2026-01-23 12:41:19,245 - __main__ - WARNING - Invalid from_account: 049929900021000000000000
2026-01-23 12:41:19,252 - __main__ - WARNING - Invalid from_account: xxxx5318
2026-01-23 12:41:19,257 - __main__ - WARNING - Invalid from_account: xxxx5318
2026-01-23 12:41:19,292 - __main__ - WARNING - Invalid to_account: Km7qVy5k39gdFi
2026-01-23 12:41:19,340 - __main__ - WARNING - Invalid to_account: XXXXXXXXXXXX0076
2026-01-23 12:41:19,343 - __main__ - WARNING - Invalid to_account: XXXXXXXXXXXX7683
2026-01-23 12:41:19,346 - __main__ - WARNING - Invalid to_account: XXXXXXXXXXXX6414
2026-01-23 12:41:19,350 - __main__ - WARNING - Invalid from_account: XXXXXXXXXXXX0076
2026-01-23 12:41:19,353 - __main__ - WARNING - Invalid to_account: na
2026-01-23 12:41:19,384 - __main__ - WARNING - Invalid to_account: 51377ebbfe5f4224840696a42bb82b26@draxisbank
2026-01-23 12:41:19,525 - __main__ - WARNING - Invalid to_account: 7903426600@ybl
2026-01-23 12:41:19,621 - __main__ - WARNING - Invalid to_account: rk96017621@axl
2026-01-23 12:41:19,702 - __main__ - WARNING - Invalid to_account: 049929900021000000000000
2026-01-23 12:41:19,754 - __main__ - WARNING - Invalid to_account: LoanNumber59317847
2026-01-23 12:41:19,758 - __main__ - WARNING - Invalid to_account: LoanNumber31240000886480
2026-01-23 12:41:19,849 - __main__ - WARNING - Invalid to_account: RechargedNumber7295971636
2026-01-23 12:41:19,932 - __main__ - WARNING - Invalid to_account: FastTagNumberRJ02GC3261
2026-01-23 12:41:19,946 - __main__ - WARNING - Invalid to_account: nan
2026-01-23 12:41:19,984 - __main__ - WARNING - Invalid from_account: 049929900021000000000000
2026-01-23 12:41:19,987 - __main__ - WARNING - Invalid to_account: BCR2DN6T7WPKL7YZ
2026-01-23 12:41:20,000 - __main__ - WARNING - Invalid from_account: 7568117266@freecharge
2026-01-23 12:41:20,003 - __main__ - WARNING - Invalid to_account: T2509261613211212792446
2026-01-23 12:41:20,008 - __main__ - WARNING - Invalid to_account: T2509261359497279116095
2026-01-23 12:41:20,108 - __main__ - WARNING - Invalid from_account: 0000071100100001615
2026-01-23 12:41:20,111 - __main__ - WARNING - Invalid from_account: 60117315716520663318
2026-01-23 12:41:20,124 - __main__ - WARNING - Invalid to_account: XXXXXXXXXXXX0851
2026-01-23 12:41:20,127 - __main__ - WARNING - Invalid to_account: nan
2026-01-23 12:41:20,130 - __main__ - WARNING - Invalid to_account: nan
2026-01-23 12:41:20,136 - __main__ - WARNING - Invalid to_account: na
2026-01-23 12:41:20,144 - __main__ - WARNING - Invalid to_account: na
2026-01-23 12:41:20,148 - __main__ - WARNING - Invalid to_account: na
2026-01-23 12:41:20,197 - __main__ - WARNING - Invalid from_account: BCR2DN6T7WPKL7YZ
2026-01-23 12:41:20,202 - __main__ - WARNING - Invalid from_account: 049929900021000000000000
2026-01-23 12:41:20,240 - __main__ - WARNING - Invalid from_account: REMARKS
2026-01-23 12:41:20,284 - __main__ - WARNING - Invalid to_account: nan
2026-01-23 12:41:20,288 - __main__ - WARNING - Invalid to_account: 049929900021000000000000
2026-01-23 12:41:22,245 - __main__ - WARNING - Invalid to_account: paytmqr28100505010117wm9x5ptmv9@p
2026-01-23 12:41:22,248 - __main__ - WARNING - Invalid to_account: ombkaach8247021lqml2q2jb@mbk
2026-01-23 12:41:22,252 - __main__ - WARNING - Invalid to_account: paytmqr6glfm8@ptys
2026-01-23 12:41:22,412 - __main__ - WARNING - Invalid to_account: IAAFIL20041493001
2026-01-23 12:41:22,486 - __main__ - WARNING - Invalid from_account: 049929900021000000000000
2026-01-23 12:41:22,629 - __main__ - WARNING - Invalid from_account: IAAFIL20041493001
2026-01-23 12:41:23,750 - __main__ - WARNING - Invalid to_account: FPPId9fa75f291ba
2026-01-23 12:41:23,806 - __main__ - WARNING - Invalid to_account: binaysingh58604@okicici
2026-01-23 12:41:23,811 - __main__ - WARNING - Invalid to_account: ASVBCRAFTVISIONPRIVATE
2026-01-23 12:41:23,967 - __main__ - WARNING - Invalid to_account: shahilstore202591602948@sbi
2026-01-23 12:41:23,973 - __main__ - WARNING - Invalid to_account: shahilstore202591602948@sbi
2026-01-23 12:41:23,978 - __main__ - WARNING - Invalid to_account: ASVBCRAFTVISIONPRIVATE
2026-01-23 12:41:24,043 - __main__ - WARNING - Invalid to_account: shahilstore202591602948@sbi
2026-01-23 12:41:24,451 - __main__ - WARNING - Invalid from_account: paytmqr28100505010117wm9x5ptmv9@p
2026-01-23 12:41:24,454 - __main__ - WARNING - Invalid from_account: paytmqr28100505010117wm9x5ptmv9@p
2026-01-23 12:41:24,504 - __main__ - WARNING - Invalid to_account: EtHJCtiuRSZRCz
2026-01-23 12:41:24,521 - __main__ - WARNING - Invalid to_account: poonamtegta35@okaxis
2026-01-23 12:41:24,636 - __main__ - WARNING - Invalid to_account: fs077651@ptaxis
2026-01-23 12:41:24,927 - __main__ - WARNING - Invalid to_account: IRMBRHDFCWMPHONE
2026-01-23 12:41:24,931 - __main__ - WARNING - Invalid to_account: IRMBRHDFCWMPHONE
2026-01-23 12:41:24,987 - __main__ - WARNING - Invalid to_account: FPPI509e83c3a676
2026-01-23 12:41:24,991 - __main__ - WARNING - Invalid to_account: FPPI509e83c3a676
2026-01-23 12:41:24,995 - __main__ - WARNING - Invalid to_account: FPPI49abb62d1cf4
2026-01-23 12:41:24,999 - __main__ - WARNING - Invalid to_account: FPPI49abb62d1cf4
2026-01-23 12:41:25,086 - __main__ - WARNING - Invalid to_account: FPPIa581505b7b72
2026-01-23 12:41:25,189 - __main__ - WARNING - Invalid to_account: OMBKMBKM173931
2026-01-23 12:41:25,270 - __main__ - WARNING - Invalid to_account: FPPIb7ba9f26e456
2026-01-23 12:41:25,401 - __main__ - WARNING - Invalid to_account: OMBKMBK9567416
2026-01-23 12:41:25,404 - __main__ - WARNING - Invalid to_account: OMBKMBK9448748
2026-01-23 12:41:25,795 - __main__ - WARNING - Invalid to_account: nan
2026-01-23 12:41:25,800 - __main__ - WARNING - Invalid to_account: IRMBRHDFCWMPHONE
2026-01-23 12:41:25,941 - __main__ - WARNING - Invalid to_account: BCR2DN4TZKVPPCBH
2026-01-23 12:41:25,947 - __main__ - WARNING - Invalid to_account: nan
2026-01-23 12:41:25,951 - __main__ - WARNING - Invalid to_account: nan
2026-01-23 12:41:26,090 - __main__ - WARNING - Invalid to_account: MMTCPAMP00115097
2026-01-23 12:41:26,101 - __main__ - WARNING - Invalid from_account: poonamtegta35@okaxis
2026-01-23 12:41:26,106 - __main__ - WARNING - Invalid from_account: binaysingh58604@okicici
2026-01-23 12:41:26,111 - __main__ - WARNING - Invalid from_account: BCR2DN4TZKVPPCBH
2026-01-23 12:41:26,146 - __main__ - WARNING - Invalid to_account: 7697891655@ibl
2026-01-23 12:41:26,151 - __main__ - WARNING - Invalid to_account: 76978916552@axl
2026-01-23 12:41:26,155 - __main__ - WARNING - Invalid to_account: 10537896@cbin
2026-01-23 12:41:26,165 - __main__ - WARNING - Invalid from_account: 7697891655@ibl
2026-01-23 12:41:26,169 - __main__ - WARNING - Invalid from_account: 76978916552@axl
2026-01-23 12:41:26,313 - __main__ - WARNING - Invalid to_account: FPPIb1f5b52e8f96
2026-01-23 12:41:26,321 - __main__ - WARNING - Invalid to_account: nan
2026-01-23 12:41:26,392 - __main__ - WARNING - Invalid to_account: BillNumber1334017277
2026-01-23 12:41:26,835 - __main__ - WARNING - Invalid to_account: BCR2DN6T7WPKL7YZ
2026-01-23 12:41:26,869 - __main__ - WARNING - Invalid from_account: BCR2DN6T7WPKL7YZ
2026-01-23 12:41:26,894 - __main__ - WARNING - Invalid to_account: na
2026-01-23 12:41:26,962 - __main__ - WARNING - Invalid to_account: 89054820
2026-01-23 12:41:26,979 - __main__ - WARNING - Invalid from_account: 89054820
2026-01-23 12:41:26,983 - __main__ - WARNING - Invalid from_account: 89054820
2026-01-23 12:41:26,987 - __main__ - WARNING - Invalid from_account: 89054820
2026-01-23 12:41:26,995 - __main__ - WARNING - Invalid from_account: 89054820
2026-01-23 12:41:26,999 - __main__ - WARNING - Invalid from_account: 89054820
2026-01-23 12:41:27,003 - __main__ - WARNING - Invalid from_account: 89054820
2026-01-23 12:41:27,007 - __main__ - WARNING - Invalid from_account: 89054820
2026-01-23 12:41:27,013 - __main__ - WARNING - Invalid from_account: 89054820
2026-01-23 12:41:27,364 - __main__ - WARNING - Invalid to_account: N
2026-01-23 12:41:27,404 - __main__ - WARNING - Invalid to_account: N
2026-01-23 12:41:27,406 - __main__ - WARNING - Invalid to_account: N
2026-01-23 12:41:27,412 - __main__ - WARNING - Invalid to_account: N
2026-01-23 12:41:27,416 - __main__ - WARNING - Invalid to_account: N
2026-01-23 12:41:27,419 - __main__ - WARNING - Invalid to_account: N
2026-01-23 12:41:27,421 - __main__ - WARNING - Invalid to_account: N
2026-01-23 12:41:27,426 - __main__ - WARNING - Invalid to_account: N
2026-01-23 12:41:27,430 - __main__ - WARNING - Invalid to_account: N
2026-01-23 12:41:27,496 - __main__ - WARNING - Invalid to_account: XXXX
2026-01-23 12:41:27,551 - __main__ - WARNING - Invalid to_account: ZGLLFL000000004875
2026-01-23 12:41:27,566 - __main__ - WARNING - Invalid from_account: ZGLLFL000000004875
2026-01-23 12:41:27,584 - __main__ - WARNING - Invalid from_account: fs077651@ptaxis
2026-01-23 12:41:27,587 - __main__ - WARNING - Invalid from_account: fs077651@ptaxis
2026-01-23 12:41:27,590 - __main__ - WARNING - Invalid from_account: fs077651@ptaxis
2026-01-23 12:41:27,597 - __main__ - WARNING - Invalid from_account: fs077651@ptaxis
2026-01-23 12:41:27,850 - __main__ - WARNING - Invalid to_account: nan
2026-01-23 12:41:27,853 - __main__ - WARNING - Invalid from_account: xxxx0498
2026-01-23 12:41:27,966 - __main__ - WARNING - Invalid to_account: BCR2DN6TXLSYNWAR
2026-01-23 12:41:27,975 - __main__ - WARNING - Invalid from_account: BCR2DN6TXLSYNWAR
2026-01-23 12:41:27,984 - __main__ - WARNING - Invalid from_account: XXXXXXXXXXXX9000
2026-01-23 12:41:28,045 - __main__ - WARNING - Invalid from_account: 1000000000012YS
2026-01-23 12:41:28,051 - __main__ - WARNING - Invalid to_account: nan
2026-01-23 12:41:28,187 - __main__ - WARNING - Invalid from_account: 51377ebbfe5f4224840696a42bb82b26@draxisbank
2026-01-23 12:41:28,190 - __main__ - WARNING - Invalid to_account: XXXXXXXXXXXX4076
2026-01-23 12:41:28,195 - __main__ - WARNING - Invalid to_account: nan
2026-01-23 12:41:28,223 - __main__ - WARNING - Invalid to_account: RechargedNumber9686429972
2026-01-23 12:41:28,231 - __main__ - WARNING - Invalid to_account: kajal945845@freecharge
2026-01-23 12:41:28,606 - __main__ - WARNING - Invalid to_account: XXXXXXXXXXXX9866
2026-01-23 12:41:28,610 - __main__ - WARNING - Invalid to_account: XXXXXXXXXXXX3601
2026-01-23 12:41:28,615 - __main__ - WARNING - Invalid to_account: XXXXXXXXXXXX4935
2026-01-23 12:41:28,618 - __main__ - WARNING - Invalid from_account: XXXXXXXXXXXX4935
2026-01-23 12:41:28,623 - __main__ - WARNING - Invalid to_account: RechargeNumber9929494928
2026-01-23 12:41:28,626 - __main__ - WARNING - Invalid to_account: LoanNumberpd20ple8954327
2026-01-23 12:41:28,635 - __main__ - WARNING - Invalid from_account: kajal945845@freecharge
2026-01-23 12:41:28,660 - __main__ - WARNING - Invalid from_account: rk96017621@axl
2026-01-23 12:41:28,667 - __main__ - WARNING - Invalid from_account: 7903426600@ybl
2026-01-23 12:41:28,673 - __main__ - WARNING - Invalid from_account: XXXXXXXX6108
2026-01-23 12:41:28,700 - __main__ - WARNING - Invalid from_account: fs077651@ptaxis
2026-01-23 12:41:28,712 - __main__ - WARNING - Invalid from_account: 6570
2026-01-23 12:41:28,719 - __main__ - WARNING - Invalid from_account: fs077651@ptaxis
2026-01-23 12:41:28,757 - __main__ - WARNING - Invalid from_account: fs077651@ptaxis
2026-01-23 12:41:28,760 - __main__ - WARNING - Invalid from_account: 6570
2026-01-23 12:41:28,766 - __main__ - WARNING - Invalid to_account: ASHTAAUTOMOBI
2026-01-23 12:41:28,972 - __main__ - WARNING - Invalid to_account: paytmqr66t7c7@ptys
2026-01-23 12:41:28,975 - __main__ - WARNING - Invalid to_account: paytmqr6crqxb@ptys
2026-01-23 12:41:28,989 - __main__ - WARNING - Invalid to_account: nan
2026-01-23 12:41:28,994 - __main__ - WARNING - Invalid to_account: nan
2026-01-23 12:41:28,999 - __main__ - WARNING - Invalid to_account: na
2026-01-23 12:41:29,029 - __main__ - WARNING - Invalid to_account: nan
2026-01-23 12:41:29,038 - __main__ - WARNING - Invalid from_account: paytmqr66t7c7@ptys
2026-01-23 12:41:29,043 - __main__ - WARNING - Invalid from_account: paytmqr66t7c7@ptys
2026-01-23 12:41:29,047 - __main__ - WARNING - Invalid from_account: paytmqr6crqxb@ptys
2026-01-23 12:41:29,050 - __main__ - WARNING - Invalid from_account: paytmqr6crqxb@ptys
2026-01-23 12:41:29,077 - __main__ - WARNING - Invalid to_account: FastTagNumberMH12MV9689
2026-01-23 12:41:29,258 - __main__ - WARNING - Invalid amount: 0.0
2026-01-23 12:41:29,287 - __main__ - WARNING - Invalid to_account: nan
2026-01-23 12:41:29,290 - __main__ - WARNING - Invalid to_account: BCR2DN6TWCQNPUKM
2026-01-23 12:41:29,306 - __main__ - WARNING - Invalid from_account: BCR2DN6TWCQNPUKM
2026-01-23 12:41:29,315 - __main__ - WARNING - Invalid to_account: ZGLLFL000000008853
2026-01-23 12:41:29,318 - __main__ - WARNING - Invalid from_account: ZGLLFL000000008853
2026-01-23 12:41:29,336 - __main__ - WARNING - Invalid from_account: XXXX5711
2026-01-23 12:41:29,406 - __main__ - WARNING - Invalid amount: 0.0
2026-01-23 12:41:29,446 - __main__ - WARNING - Invalid to_account: XXXXXXXXXXXX7092
2026-01-23 12:41:29,480 - __main__ - WARNING - Invalid to_account: ZGLLFL000000017789
2026-01-23 12:41:29,485 - __main__ - WARNING - Invalid to_account: XXXXXXXXXXXX2908
2026-01-23 12:41:29,491 - __main__ - WARNING - Invalid to_account: MerchantOrderIdREFCL52407035831759219097761
2026-01-23 12:41:29,494 - __main__ - WARNING - Invalid to_account: MerchantOrderIdREFCL53210510861760431303369
2026-01-23 12:41:29,699 - __main__ - WARNING - Invalid to_account: FPPIe58f9a7c18cf
2026-01-23 12:41:29,702 - __main__ - WARNING - Invalid to_account: FPPIe58f9a7c18cf
2026-01-23 12:41:29,705 - __main__ - WARNING - Invalid to_account: FPPIe58f9a7c18cf
2026-01-23 12:41:29,710 - __main__ - WARNING - Invalid to_account: FPPIe58f9a7c18cf
2026-01-23 12:41:29,744 - __main__ - WARNING - Invalid to_account: CMSUBSPL17305334588
2026-01-23 12:41:29,919 - __main__ - WARNING - Invalid to_account: CMSUBSPL17305334588
2026-01-23 12:41:29,923 - __main__ - WARNING - Invalid to_account: CMSUBSPL17305334588
2026-01-23 12:41:29,929 - __main__ - WARNING - Invalid to_account: CMSUBSPL17305334588
2026-01-23 12:41:30,066 - __main__ - INFO - [UPLOAD] Txn ID extraction summary: Found=16163, Missing=0
2026-01-23 12:42:47,974 - __main__ - INFO - Fetching graph data for ACK: 22912250104096
2026-01-23 12:42:48,586 - __main__ - INFO - Found 15707 transactions for ACK 22912250104096
2026-01-23 12:43:03,378 - __main__ - INFO - Built hierarchy with 2 root children
2026-01-23 12:43:54,001 - __main__ - INFO - Fetching graph data for ACK: 22912250105209
2026-01-23 12:43:54,028 - __main__ - INFO - Found 196 transactions for ACK 22912250105209
2026-01-23 12:43:54,032 - __main__ - INFO - Restored persistent POH details for 2 transactions
2026-01-23 12:43:54,038 - __main__ - INFO - Built hierarchy with 1 root children
2026-01-23 12:47:09,707 - __main__ - INFO - Fetching graph data for ACK: 22912250104096
2026-01-23 12:47:12,264 - __main__ - INFO - Found 15707 transactions for ACK 22912250104096
2026-01-23 12:47:52,771 - __main__ - INFO - Built hierarchy with 2 root children
2026-01-23 12:52:55,334 - __main__ - INFO - Fetching graph data for ACK: 22912250104096
2026-01-23 12:52:56,996 - __main__ - INFO - Found 15707 transactions for ACK 22912250104096
2026-01-23 12:53:10,787 - __main__ - INFO - Fetching graph data for ACK: 22912250105209
2026-01-23 12:53:13,054 - __main__ - INFO - Found 196 transactions for ACK 22912250105209
2026-01-23 12:53:13,203 - __main__ - INFO - Restored persistent POH details for 2 transactions
2026-01-23 12:53:13,241 - __main__ - INFO - Built hierarchy with 1 root children
2026-01-23 12:53:48,743 - __main__ - INFO - Built hierarchy with 2 root children
2026-01-23 12:59:16,991 - __main__ - INFO - Fetching graph data for ACK: 22912250105209
2026-01-23 12:59:17,022 - __main__ - INFO - Found 196 transactions for ACK 22912250105209
2026-01-23 12:59:17,025 - __main__ - INFO - Restored persistent POH details for 2 transactions
2026-01-23 12:59:17,041 - __main__ - INFO - Built hierarchy with 1 root children
2026-01-23 13:00:01,973 - __main__ - INFO - User initialization complete.
2026-01-23 13:05:01,828 - __main__ - INFO - Fetching graph data for ACK: 22912250105209
2026-01-23 13:05:01,964 - __main__ - INFO - Found 196 transactions for ACK 22912250105209
2026-01-23 13:05:01,971 - __main__ - INFO - Restored persistent POH details for 2 transactions
2026-01-23 13:05:01,982 - __main__ - INFO - Built hierarchy with 1 root children
2026-01-23 13:05:06,597 - __main__ - INFO - Fetching graph data for ACK: 22912250105209
2026-01-23 13:05:06,631 - __main__ - INFO - Found 196 transactions for ACK 22912250105209
2026-01-23 13:05:06,636 - __main__ - INFO - Restored persistent POH details for 2 transactions
2026-01-23 13:05:06,644 - __main__ - INFO - Built hierarchy with 1 root children
2026-01-23 13:09:17,455 - __main__ - INFO - Fetching graph data for ACK: 22912250104096
2026-01-23 13:09:19,307 - __main__ - INFO - Found 15707 transactions for ACK 22912250104096
2026-01-23 13:10:06,124 - __main__ - INFO - Existing file and record deleted: BankAction_CompleteTrail23_01_2026_11_21_20.xlsx
2026-01-23 13:10:07,004 - __main__ - INFO - Built hierarchy with 2 root children
2026-01-23 13:10:29,802 - __main__ - WARNING - Invalid to_account: FPPId70836994d93
2026-01-23 13:10:29,860 - __main__ - WARNING - Invalid to_account: FPPI62c1fe101b32
2026-01-23 13:10:30,992 - __main__ - WARNING - Invalid to_account: OMBKMBK7604388
2026-01-23 13:10:32,479 - __main__ - WARNING - Invalid to_account: LoanNumber8546477
2026-01-23 13:10:32,501 - __main__ - WARNING - Invalid to_account: ZGLLFL000000008853
2026-01-23 13:10:36,672 - __main__ - WARNING - Invalid to_account: RechargedNumber8100219493
2026-01-23 13:10:39,262 - __main__ - WARNING - Invalid to_account: 049929900021000000000000
2026-01-23 13:10:51,001 - __main__ - WARNING - Invalid to_account: FPPI05272466e6db
2026-01-23 13:10:51,179 - __main__ - WARNING - Invalid to_account: FPPI822e470b17f4
2026-01-23 13:10:51,193 - __main__ - WARNING - Invalid to_account: FPPI822e470b17f4
2026-01-23 13:11:02,462 - __main__ - WARNING - Invalid to_account: ZGLLFL000000008853
2026-01-23 13:11:05,098 - __main__ - WARNING - Invalid to_account: 0103SL00IPAY
2026-01-23 13:11:05,820 - __main__ - WARNING - Invalid to_account: CMSUBSPL17305334588
2026-01-23 13:11:06,083 - __main__ - WARNING - Invalid to_account: FPPI3b7ad1141ae5
2026-01-23 13:11:16,095 - __main__ - WARNING - Invalid to_account: LoanNumberB2WJAI00072719
2026-01-23 13:11:16,122 - __main__ - WARNING - Invalid to_account: 01008102618509004175881746936500778
2026-01-23 13:11:16,136 - __main__ - WARNING - Invalid to_account: 01008102618509004175881746936500778
2026-01-23 13:11:16,162 - __main__ - WARNING - Invalid to_account: 01008102618509004175881746936500778
2026-01-23 13:11:17,941 - __main__ - WARNING - Invalid to_account: FPPI5c48f9f7d12c
2026-01-23 13:11:20,905 - __main__ - WARNING - Invalid to_account: FPPI30aae1b6471d
2026-01-23 13:11:20,922 - __main__ - WARNING - Invalid to_account: 01008102618509004175881746936500778
2026-01-23 13:11:20,934 - __main__ - WARNING - Invalid to_account: 01008102618509004175881746936500778
2026-01-23 13:11:20,950 - __main__ - WARNING - Invalid to_account: 01008102618509004175881746936500778
2026-01-23 13:11:23,137 - __main__ - WARNING - Invalid to_account: 0104SLEZYAPP
2026-01-23 13:11:25,404 - __main__ - WARNING - Invalid to_account: FPPIc5211529a963
2026-01-23 13:11:27,877 - __main__ - WARNING - Invalid to_account: FPPIcd05da4bfa33
2026-01-23 13:11:27,888 - __main__ - WARNING - Invalid to_account: FPPIcd05da4bfa33
2026-01-23 13:11:29,045 - __main__ - WARNING - Invalid to_account: ZGLLFL000000004875
2026-01-23 13:11:29,771 - __main__ - WARNING - Invalid to_account: 9828204837@pthdfc
2026-01-23 13:11:30,404 - __main__ - WARNING - Invalid to_account: BCR2DN6TXLSYNWAR
2026-01-23 13:11:30,432 - __main__ - WARNING - Invalid to_account: ranjeetsingh22003@okhdfcbank
2026-01-23 13:11:30,818 - __main__ - WARNING - Invalid to_account: BillNumber857748248
2026-01-23 13:11:31,311 - __main__ - WARNING - Invalid to_account: 0103SL00IPAY
2026-01-23 13:11:31,322 - __main__ - WARNING - Invalid from_account: 0103SL00IPAY
2026-01-23 13:11:31,759 - __main__ - WARNING - Invalid from_account: ZGLLFL000000004875
2026-01-23 13:11:32,253 - __main__ - WARNING - Invalid from_account: ranjeetsingh22003@okhdfcbank
2026-01-23 13:11:32,267 - __main__ - WARNING - Invalid to_account: ZGLLFL000000007857
2026-01-23 13:11:32,278 - __main__ - WARNING - Invalid from_account: BCR2DN6TXLSYNWAR
2026-01-23 13:11:40,003 - __main__ - WARNING - Invalid amount: 0.0
2026-01-23 13:11:41,538 - __main__ - WARNING - Invalid from_account: OMBKMBK7604388
2026-01-23 13:11:42,991 - __main__ - WARNING - Invalid to_account: FPPI3be9f0e4696c
2026-01-23 13:11:43,005 - __main__ - WARNING - Invalid to_account: FPPI14d908b1f464
2026-01-23 13:11:43,631 - __main__ - WARNING - Invalid to_account: FPPIcced8381e56a
2026-01-23 13:11:45,988 - __main__ - WARNING - Invalid to_account: 1234
2026-01-23 13:11:46,045 - __main__ - WARNING - Invalid from_account: nan
2026-01-23 13:11:47,153 - __main__ - WARNING - Invalid to_account: FPPIbd6cea284082
2026-01-23 13:11:47,340 - __main__ - WARNING - Invalid to_account: 1234
2026-01-23 13:11:50,337 - __main__ - WARNING - Invalid to_account: 0103SL00IPAY
2026-01-23 13:11:51,506 - __main__ - WARNING - Invalid to_account: BCR2DN6TRPY5TLLE
2026-01-23 13:11:51,963 - __main__ - WARNING - Invalid to_account: FPPI2e5721173fa2
2026-01-23 13:11:53,307 - __main__ - WARNING - Invalid to_account: nan
2026-01-23 13:11:53,323 - __main__ - WARNING - Invalid to_account: nan
2026-01-23 13:11:53,341 - __main__ - WARNING - Invalid to_account: nan
2026-01-23 13:11:53,357 - __main__ - WARNING - Invalid to_account: nan
2026-01-23 13:11:54,305 - __main__ - WARNING - Invalid to_account: nan
2026-01-23 13:11:54,331 - __main__ - WARNING - Invalid to_account: FPPI7b48c31a9175
2026-01-23 13:11:54,357 - __main__ - WARNING - Invalid to_account: FPPI7b48c31a9175
2026-01-23 13:11:54,390 - __main__ - WARNING - Invalid to_account: nan
2026-01-23 13:11:54,427 - __main__ - WARNING - Invalid to_account: nan
2026-01-23 13:11:54,573 - __main__ - WARNING - Invalid to_account: BCR2DN6TXLSYNWAR
2026-01-23 13:11:54,608 - __main__ - WARNING - Invalid to_account: BCR2DN6TXLSYNWAR
2026-01-23 13:11:54,657 - __main__ - WARNING - Invalid to_account: BCR2DN6TXLSYNWAR
2026-01-23 13:11:54,747 - __main__ - WARNING - Invalid to_account: 6305194867@axl
2026-01-23 13:11:54,760 - __main__ - WARNING - Invalid to_account: paytm79777099@ptybl
2026-01-23 13:11:54,774 - __main__ - WARNING - Invalid to_account: q731576283@ybl
2026-01-23 13:11:54,787 - __main__ - WARNING - Invalid to_account: paytm46047795@ptys
2026-01-23 13:11:54,887 - __main__ - WARNING - Invalid from_account: 0103SL00IPAY
2026-01-23 13:11:55,335 - __main__ - WARNING - Invalid to_account: ZGLLFL000000071967
2026-01-23 13:11:55,361 - __main__ - WARNING - Invalid to_account: 917020041206002E
2026-01-23 13:11:55,493 - __main__ - WARNING - Invalid to_account: na
2026-01-23 13:11:55,506 - __main__ - WARNING - Invalid to_account: nan
2026-01-23 13:11:55,522 - __main__ - WARNING - Invalid to_account: na
2026-01-23 13:11:55,537 - __main__ - WARNING - Invalid to_account: na
2026-01-23 13:11:55,547 - __main__ - WARNING - Invalid to_account: nan
2026-01-23 13:11:55,561 - __main__ - WARNING - Invalid to_account: na
2026-01-23 13:11:55,575 - __main__ - WARNING - Invalid to_account: na
2026-01-23 13:11:55,590 - __main__ - WARNING - Invalid to_account: na
2026-01-23 13:11:55,607 - __main__ - WARNING - Invalid to_account: nan
2026-01-23 13:11:55,619 - __main__ - WARNING - Invalid to_account: nan
2026-01-23 13:11:55,630 - __main__ - WARNING - Invalid to_account: nan
2026-01-23 13:11:55,645 - __main__ - WARNING - Invalid to_account: na
2026-01-23 13:11:55,661 - __main__ - WARNING - Invalid to_account: na
2026-01-23 13:11:55,677 - __main__ - WARNING - Invalid to_account: nan
2026-01-23 13:11:55,690 - __main__ - WARNING - Invalid to_account: nan
2026-01-23 13:11:55,841 - __main__ - WARNING - Invalid from_account: ZGLLFL000000071967
2026-01-23 13:11:56,090 - __main__ - WARNING - Invalid from_account: BCR2DN6TRPY5TLLE
2026-01-23 13:11:56,144 - __main__ - WARNING - Invalid to_account: NotFound
2026-01-23 13:11:56,157 - __main__ - WARNING - Invalid to_account: NotFound
2026-01-23 13:11:56,172 - __main__ - WARNING - Invalid from_account: BCR2DN6TXLSYNWAR
2026-01-23 13:11:56,254 - __main__ - WARNING - Invalid from_account: BCR2DN6TXLSYNWAR
2026-01-23 13:11:56,309 - __main__ - WARNING - Invalid from_account: BCR2DN6TXLSYNWAR
2026-01-23 13:11:56,369 - __main__ - WARNING - Invalid from_account: 0103SL00IPAY
2026-01-23 13:11:57,001 - __main__ - WARNING - Invalid to_account: nan
2026-01-23 13:11:57,013 - __main__ - WARNING - Invalid to_account: nan
2026-01-23 13:11:57,026 - __main__ - WARNING - Invalid to_account: nan
2026-01-23 13:11:57,249 - __main__ - WARNING - Invalid from_account: 1234
2026-01-23 13:11:57,417 - __main__ - WARNING - Invalid to_account: RMV9Q9AwUjIfRN
2026-01-23 13:11:57,457 - __main__ - WARNING - Invalid from_account: 917020041206002E
2026-01-23 13:11:57,509 - __main__ - WARNING - Invalid to_account: HMDM1008217
2026-01-23 13:11:57,524 - __main__ - WARNING - Invalid to_account: Attached
2026-01-23 13:11:57,613 - __main__ - WARNING - Invalid to_account: XXXXXXXXXXXX9000
2026-01-23 13:11:57,629 - __main__ - WARNING - Invalid to_account: nan
2026-01-23 13:11:58,350 - __main__ - WARNING - Invalid to_account: PPIW0884509
2026-01-23 13:11:58,361 - __main__ - WARNING - Invalid to_account: BCR2DN6T7WPKL7YZ
2026-01-23 13:12:01,626 - __main__ - WARNING - Invalid from_account: 9828204837@pthdfc
2026-01-23 13:12:01,827 - __main__ - WARNING - Invalid to_account: 10000UIk
2026-01-23 13:12:02,917 - __main__ - WARNING - Invalid to_account: 0104SLEZPUPI
2026-01-23 13:12:07,155 - __main__ - WARNING - Invalid to_account: FPPI1561833a538d
2026-01-23 13:12:10,234 - __main__ - WARNING - Invalid to_account: na
2026-01-23 13:12:10,244 - __main__ - WARNING - Invalid to_account: na
2026-01-23 13:12:10,259 - __main__ - WARNING - Invalid to_account: na
2026-01-23 13:12:10,271 - __main__ - WARNING - Invalid to_account: na
2026-01-23 13:12:10,309 - __main__ - WARNING - Invalid to_account: na
2026-01-23 13:12:19,423 - __main__ - WARNING - Invalid to_account: FPPIabe49e654934
2026-01-23 13:12:20,924 - __main__ - WARNING - Invalid to_account: 0103SL00IPAY
2026-01-23 13:12:21,509 - __main__ - WARNING - Invalid to_account: OMBKMBK9161047
2026-01-23 13:12:23,223 - __main__ - WARNING - Invalid amount: 0.0
2026-01-23 13:12:23,724 - __main__ - WARNING - Invalid to_account: vetrivadivel20021@oksbi
2026-01-23 13:12:23,919 - __main__ - WARNING - Invalid to_account: LoanNumberLVMOT00625-260411400
2026-01-23 13:12:24,661 - __main__ - WARNING - Invalid to_account: ZGLLFL000000007857
2026-01-23 13:12:24,735 - __main__ - WARNING - Invalid to_account: Q972286971@ybl
2026-01-23 13:12:24,747 - __main__ - WARNING - Invalid to_account: mukarampura478@okhdfcbank
2026-01-23 13:12:25,181 - __main__ - WARNING - Invalid to_account: HATSUN1033193
2026-01-23 13:12:25,196 - __main__ - WARNING - Invalid amount: 0.0
2026-01-23 13:12:27,077 - __main__ - WARNING - Invalid to_account: 0103SL00IPAY
2026-01-23 13:12:27,509 - __main__ - WARNING - Invalid from_account: 0103SL00IPAY
2026-01-23 13:12:31,357 - __main__ - WARNING - Invalid from_account: BCR2DN6T7WPKL7YZ
2026-01-23 13:12:38,352 - __main__ - WARNING - Invalid to_account: OMBKMBK3387110
2026-01-23 13:12:40,527 - __main__ - WARNING - Invalid to_account: paytmqr6cw27m@ptys
2026-01-23 13:12:48,817 - __main__ - WARNING - Invalid to_account: ZGLLFL000000005290
2026-01-23 13:12:48,828 - __main__ - WARNING - Invalid to_account: ZGLLFL000000005290
2026-01-23 13:12:48,844 - __main__ - WARNING - Invalid to_account: ZGLLFL000000004875
2026-01-23 13:12:52,549 - __main__ - WARNING - Invalid to_account: OMBKMBK6548215
2026-01-23 13:12:52,561 - __main__ - WARNING - Invalid to_account: OMBKMBK6548215
2026-01-23 13:12:53,628 - __main__ - WARNING - Invalid to_account: nan
2026-01-23 13:12:58,211 - __main__ - WARNING - Invalid to_account: FPPI33e1dac283ca
2026-01-23 13:12:58,880 - __main__ - WARNING - Invalid to_account: Q000186460@ybl
2026-01-23 13:12:59,162 - __main__ - WARNING - Invalid to_account: JioPrepaid
2026-01-23 13:12:59,172 - __main__ - WARNING - Invalid to_account: MrSriramsriramcuddalore1@okaxis
2026-01-23 13:12:59,187 - __main__ - WARNING - Invalid to_account: JioPrepaid
2026-01-23 13:12:59,492 - __main__ - WARNING - Invalid to_account: AUC036066000000006
2026-01-23 13:12:59,616 - __main__ - WARNING - Invalid from_account: MrSriramsriramcuddalore1@okaxis
2026-01-23 13:12:59,626 - __main__ - WARNING - Invalid to_account: kreditbeeonline@axl
2026-01-23 13:12:59,793 - __main__ - WARNING - Invalid to_account: FPPI62db458b13db
2026-01-23 13:12:59,803 - __main__ - WARNING - Invalid to_account: FPPI62db458b13db
2026-01-23 13:13:00,135 - __main__ - WARNING - Invalid to_account: na
2026-01-23 13:13:00,412 - __main__ - WARNING - Invalid to_account: na
2026-01-23 13:13:00,503 - __main__ - WARNING - Invalid to_account: na
2026-01-23 13:13:00,574 - __main__ - WARNING - Invalid to_account: na
2026-01-23 13:13:00,640 - __main__ - WARNING - Invalid to_account: na
2026-01-23 13:13:00,796 - __main__ - WARNING - Invalid to_account: LoanNumberUP3034CD0328239
2026-01-23 13:13:01,051 - __main__ - WARNING - Invalid from_account: JioPrepaid
2026-01-23 13:13:01,074 - __main__ - WARNING - Invalid to_account: ZGLLFL000000004875
2026-01-23 13:13:01,139 - __main__ - WARNING - Invalid to_account: na
2026-01-23 13:13:01,176 - __main__ - WARNING - Invalid from_account: JioPrepaid
2026-01-23 13:13:01,417 - __main__ - WARNING - Invalid to_account: ajayassp4@okhdfcbank
2026-01-23 13:13:01,473 - __main__ - WARNING - Invalid to_account: ikiranbtech20021@oksbi
2026-01-23 13:13:01,904 - __main__ - WARNING - Invalid to_account: paytmd00986572480@pty
2026-01-23 13:13:02,408 - __main__ - WARNING - Invalid to_account: nan
2026-01-23 13:13:02,420 - __main__ - WARNING - Invalid to_account: nan
2026-01-23 13:13:02,437 - __main__ - WARNING - Invalid to_account: nan
2026-01-23 13:13:02,448 - __main__ - WARNING - Invalid to_account: nan
2026-01-23 13:13:02,462 - __main__ - WARNING - Invalid to_account: nan
2026-01-23 13:13:02,474 - __main__ - WARNING - Invalid to_account: nan
2026-01-23 13:13:02,645 - __main__ - WARNING - Invalid from_account: ZGLLFL000000004875
2026-01-23 13:13:02,992 - __main__ - WARNING - Invalid to_account: na
2026-01-23 13:13:03,100 - __main__ - WARNING - Invalid from_account: paytmd00986572480@pty
2026-01-23 13:13:03,111 - __main__ - WARNING - Invalid from_account: paytmd00986572480@pty
2026-01-23 13:13:03,125 - __main__ - WARNING - Invalid from_account: paytmd00986572480@pty
2026-01-23 13:13:03,142 - __main__ - WARNING - Invalid from_account: paytmd00986572480@pty
2026-01-23 13:13:03,158 - __main__ - WARNING - Invalid from_account: paytmd00986572480@pty
2026-01-23 13:13:03,173 - __main__ - WARNING - Invalid from_account: paytmd00986572480@pty
2026-01-23 13:13:03,188 - __main__ - WARNING - Invalid from_account: paytmd00986572480@pty
2026-01-23 13:13:03,203 - __main__ - WARNING - Invalid from_account: paytmd00986572480@pty
2026-01-23 13:13:03,223 - __main__ - WARNING - Invalid from_account: paytmd00986572480@pty
2026-01-23 13:13:03,237 - __main__ - WARNING - Invalid from_account: paytmd00986572480@pty
2026-01-23 13:13:03,253 - __main__ - WARNING - Invalid from_account: paytmd00986572480@pty
2026-01-23 13:13:03,267 - __main__ - WARNING - Invalid from_account: paytmd00986572480@pty
2026-01-23 13:13:03,277 - __main__ - WARNING - Invalid from_account: paytmd00986572480@pty
2026-01-23 13:13:03,625 - __main__ - WARNING - Invalid to_account: nan
2026-01-23 13:13:04,146 - __main__ - WARNING - Invalid to_account: na
2026-01-23 13:13:04,156 - __main__ - WARNING - Invalid to_account: nan
2026-01-23 13:13:04,171 - __main__ - WARNING - Invalid to_account: nan
2026-01-23 13:13:04,185 - __main__ - WARNING - Invalid to_account: nan
2026-01-23 13:13:04,196 - __main__ - WARNING - Invalid to_account: nan
2026-01-23 13:13:04,209 - __main__ - WARNING - Invalid to_account: na
2026-01-23 13:13:04,410 - __main__ - WARNING - Invalid to_account: CITIG012111
2026-01-23 13:13:04,443 - __main__ - WARNING - Invalid from_account: CITIG012111
2026-01-23 13:13:04,479 - __main__ - WARNING - Invalid from_account: ikiranbtech20021@oksbi
2026-01-23 13:13:04,508 - __main__ - WARNING - Invalid from_account: ajayassp4@okhdfcbank
2026-01-23 13:13:04,628 - __main__ - WARNING - Invalid to_account: BCR2DN6T53OKNSKA
2026-01-23 13:13:04,691 - __main__ - WARNING - Invalid from_account: mukarampura478@okhdfcbank
2026-01-23 13:13:04,711 - __main__ - WARNING - Invalid from_account: vetrivadivel20021@oksbi
2026-01-23 13:13:04,729 - __main__ - WARNING - Invalid to_account: BCR2DN6TT7RZRJBJ
2026-01-23 13:13:04,907 - __main__ - WARNING - Invalid to_account: nan
2026-01-23 13:13:04,923 - __main__ - WARNING - Invalid to_account: nan
2026-01-23 13:13:04,987 - __main__ - WARNING - Invalid to_account: nan
2026-01-23 13:13:05,034 - __main__ - WARNING - Invalid to_account: BCR2DN6T7WPKL7YZ
2026-01-23 13:13:05,060 - __main__ - WARNING - Invalid to_account: FPPIe479abf90c63
2026-01-23 13:13:05,187 - __main__ - WARNING - Invalid to_account: BillNumber310212041457
2026-01-23 13:13:05,244 - __main__ - WARNING - Invalid to_account: 7592965107@pthdfc
2026-01-23 13:13:05,284 - __main__ - WARNING - Invalid to_account: jasvindarkaur01@ptyes
2026-01-23 13:13:05,663 - __main__ - WARNING - Invalid to_account: XX8344
2026-01-23 13:13:06,418 - __main__ - WARNING - Invalid from_account: paytm79777099@ptybl
2026-01-23 13:13:06,429 - __main__ - WARNING - Invalid to_account: na
2026-01-23 13:13:06,442 - __main__ - WARNING - Invalid to_account: na
2026-01-23 13:13:06,457 - __main__ - WARNING - Invalid to_account: navibbpsJ2369500617861383681
2026-01-23 13:13:06,471 - __main__ - WARNING - Invalid to_account: BCR2DN6T53OKNSKA
2026-01-23 13:13:06,483 - __main__ - WARNING - Invalid to_account: BCR2DN6T53OKNSKA
2026-01-23 13:13:07,824 - __main__ - WARNING - Invalid to_account: 7568117266@freecharge
2026-01-23 13:13:08,662 - __main__ - WARNING - Invalid to_account: FPPId5212c6fdc08
2026-01-23 13:13:08,674 - __main__ - WARNING - Invalid to_account: FPPIe61939a062e9
2026-01-23 13:13:09,306 - __main__ - WARNING - Invalid to_account: LoanNumberP54PPDP18039295
2026-01-23 13:13:09,316 - __main__ - WARNING - Invalid to_account: FPPI684e6ce57eac
2026-01-23 13:13:09,329 - __main__ - WARNING - Invalid to_account: FPPI684e6ce57eac
2026-01-23 13:13:10,072 - __main__ - WARNING - Invalid to_account: nan
2026-01-23 13:13:10,362 - __main__ - WARNING - Invalid to_account: FPPI8e79f18d6eb3
2026-01-23 13:13:10,762 - __main__ - WARNING - Invalid to_account: LoanNumberrj3016tw0064061
2026-01-23 13:13:11,608 - __main__ - WARNING - Invalid from_account: jasvindarkaur01@ptyes
2026-01-23 13:13:12,016 - __main__ - WARNING - Invalid to_account: nan
2026-01-23 13:13:12,102 - __main__ - WARNING - Invalid from_account: BCR2DN6T53OKNSKA
2026-01-23 13:13:12,424 - __main__ - WARNING - Invalid to_account: 0103SL00IPAY
2026-01-23 13:13:12,472 - __main__ - WARNING - Invalid from_account: BCR2DN6TT7RZRJBJ
2026-01-23 13:13:12,528 - __main__ - WARNING - Invalid from_account: BCR2DN6T7WPKL7YZ
2026-01-23 13:13:12,619 - __main__ - WARNING - Invalid from_account: BCR2DN6T53OKNSKA
2026-01-23 13:13:12,651 - __main__ - WARNING - Invalid from_account: BCR2DN6T53OKNSKA
2026-01-23 13:13:12,679 - __main__ - WARNING - Invalid from_account: 0103SL00IPAY
2026-01-23 13:13:12,692 - __main__ - WARNING - Invalid from_account: CITIG012111
2026-01-23 13:13:12,769 - __main__ - WARNING - Invalid to_account: SBICARD2509251114504717
2026-01-23 13:13:12,780 - __main__ - WARNING - Invalid from_account: 7592965107@pthdfc
2026-01-23 13:13:13,077 - __main__ - WARNING - Invalid to_account: RN4PvVNE1yfC0l
2026-01-23 13:13:13,214 - __main__ - WARNING - Invalid to_account: RLmOaJ7tEw5wSp
2026-01-23 13:13:13,227 - __main__ - WARNING - Invalid to_account: RLmdVWkliMD3hM
2026-01-23 13:13:13,330 - __main__ - WARNING - Invalid to_account: RU1J835VReCExG
2026-01-23 13:13:13,447 - __main__ - WARNING - Invalid to_account: RMvd69XTNMCRBo
2026-01-23 13:13:13,460 - __main__ - WARNING - Invalid to_account: RM8kqfdMpFynlk
2026-01-23 13:13:13,498 - __main__ - WARNING - Invalid to_account: RMGHNOdSwHrlSn
2026-01-23 13:13:13,510 - __main__ - WARNING - Invalid to_account: RNULddcE7hfwQR
2026-01-23 13:13:15,389 - __main__ - WARNING - Invalid to_account: nan
2026-01-23 13:13:15,802 - __main__ - WARNING - Invalid to_account: 0103SL00IPAY
2026-01-23 13:13:15,813 - __main__ - WARNING - Invalid to_account: ilhaammalik123@oksbi
2026-01-23 13:13:16,356 - __main__ - WARNING - Invalid to_account: na
2026-01-23 13:13:16,368 - __main__ - WARNING - Invalid to_account: na
2026-01-23 13:13:16,403 - __main__ - WARNING - Invalid to_account: na
2026-01-23 13:13:16,415 - __main__ - WARNING - Invalid to_account: na
2026-01-23 13:13:16,428 - __main__ - WARNING - Invalid to_account: na
2026-01-23 13:13:17,013 - __main__ - WARNING - Invalid to_account: XXXXXXXXXXXX4674
2026-01-23 13:13:17,051 - __main__ - WARNING - Invalid to_account: XXXXXXXXXXXX2007
2026-01-23 13:13:17,064 - __main__ - WARNING - Invalid to_account: XXXXXXXXXXXX5477
2026-01-23 13:13:17,099 - __main__ - WARNING - Invalid to_account: XXXXXXXXXXXX0694
2026-01-23 13:13:17,111 - __main__ - WARNING - Invalid to_account: XXXXXXXXXXXX5348
2026-01-23 13:13:17,204 - __main__ - WARNING - Invalid to_account: N
2026-01-23 13:13:17,220 - __main__ - WARNING - Invalid from_account: kreditbeeonline@axl
2026-01-23 13:13:17,233 - __main__ - WARNING - Invalid from_account: Q000186460@ybl
2026-01-23 13:13:17,343 - __main__ - WARNING - Invalid from_account: XXXXXXXXXXXX5477
2026-01-23 13:13:17,478 - __main__ - WARNING - Invalid from_account: q731576283@ybl
2026-01-23 13:13:17,959 - __main__ - WARNING - Invalid from_account: ilhaammalik123@oksbi
2026-01-23 13:13:17,980 - __main__ - WARNING - Invalid from_account: 6305194867@axl
2026-01-23 13:13:17,996 - __main__ - WARNING - Invalid to_account: LoanNumber110877921
2026-01-23 13:13:18,010 - __main__ - WARNING - Invalid to_account: LoanNumberatonresv00007
2026-01-23 13:13:18,020 - __main__ - WARNING - Invalid to_account: BillNumber211031019106
2026-01-23 13:13:18,035 - __main__ - WARNING - Invalid to_account: LoanNumberup3033tw0092346
2026-01-23 13:13:18,049 - __main__ - WARNING - Invalid to_account: LoanNumber2562MUL009454
2026-01-23 13:13:18,063 - __main__ - WARNING - Invalid to_account: LoanNumberPS58PRD59412840
2026-01-23 13:13:18,078 - __main__ - WARNING - Invalid to_account: BillNumber7000000053183379
2026-01-23 13:13:18,089 - __main__ - WARNING - Invalid to_account: LoanNumber59427661
2026-01-23 13:13:18,104 - __main__ - WARNING - Invalid to_account: LoanNumber59800997
2026-01-23 13:13:18,117 - __main__ - WARNING - Invalid to_account: BillNumber9581500671
2026-01-23 13:13:18,131 - __main__ - WARNING - Invalid to_account: LoanNumber10095638
2026-01-23 13:13:18,144 - __main__ - WARNING - Invalid to_account: LoanNumberNUHRFV000005617227
2026-01-23 13:13:18,155 - __main__ - WARNING - Invalid to_account: BillNumber670111857
2026-01-23 13:13:20,214 - __main__ - WARNING - Invalid to_account: 60117315716520663318
2026-01-23 13:13:21,295 - __main__ - WARNING - Invalid to_account: 049929900021000000000000
2026-01-23 13:13:22,191 - __main__ - WARNING - Invalid to_account: 0000071100100001615
2026-01-23 13:13:22,528 - __main__ - WARNING - Invalid to_account: sayedanuwar752@okaxis
2026-01-23 13:13:22,571 - __main__ - WARNING - Invalid to_account: na
2026-01-23 13:13:22,583 - __main__ - WARNING - Invalid to_account: na
2026-01-23 13:13:22,597 - __main__ - WARNING - Invalid to_account: na
2026-01-23 13:13:22,916 - __main__ - WARNING - Invalid to_account: nan
2026-01-23 13:13:22,948 - __main__ - WARNING - Invalid from_account: sayedanuwar752@okaxis
2026-01-23 13:13:22,976 - __main__ - WARNING - Invalid from_account: XXXXXXX5158
2026-01-23 13:13:23,141 - __main__ - WARNING - Invalid to_account: nan
2026-01-23 13:13:23,159 - __main__ - WARNING - Invalid to_account: XXXXXXXXXXXX7028
2026-01-23 13:13:23,248 - __main__ - WARNING - Invalid to_account: nan
2026-01-23 13:13:23,350 - __main__ - WARNING - Invalid to_account: WBSB000820060023
2026-01-23 13:13:23,485 - __main__ - WARNING - Invalid to_account: JI1lNgG0l0rfyH
2026-01-23 13:13:24,153 - __main__ - WARNING - Invalid from_account: 049929900021000000000000
2026-01-23 13:13:24,174 - __main__ - WARNING - Invalid from_account: xxxx5318
2026-01-23 13:13:24,192 - __main__ - WARNING - Invalid from_account: xxxx5318
2026-01-23 13:13:24,302 - __main__ - WARNING - Invalid to_account: Km7qVy5k39gdFi
2026-01-23 13:13:24,479 - __main__ - WARNING - Invalid to_account: XXXXXXXXXXXX0076
2026-01-23 13:13:24,491 - __main__ - WARNING - Invalid to_account: XXXXXXXXXXXX7683
2026-01-23 13:13:24,504 - __main__ - WARNING - Invalid to_account: XXXXXXXXXXXX6414
2026-01-23 13:13:24,521 - __main__ - WARNING - Invalid from_account: XXXXXXXXXXXX0076
2026-01-23 13:13:24,533 - __main__ - WARNING - Invalid to_account: na
2026-01-23 13:13:24,634 - __main__ - WARNING - Invalid to_account: 51377ebbfe5f4224840696a42bb82b26@draxisbank
2026-01-23 13:13:25,083 - __main__ - WARNING - Invalid to_account: 7903426600@ybl
2026-01-23 13:13:25,390 - __main__ - WARNING - Invalid to_account: rk96017621@axl
2026-01-23 13:13:25,700 - __main__ - WARNING - Invalid to_account: 049929900021000000000000
2026-01-23 13:13:26,038 - __main__ - WARNING - Invalid to_account: LoanNumber59317847
2026-01-23 13:13:26,068 - __main__ - WARNING - Invalid to_account: LoanNumber31240000886480
2026-01-23 13:13:26,673 - __main__ - WARNING - Invalid to_account: RechargedNumber7295971636
2026-01-23 13:13:26,958 - __main__ - WARNING - Invalid to_account: FastTagNumberRJ02GC3261
2026-01-23 13:13:27,005 - __main__ - WARNING - Invalid to_account: nan
2026-01-23 13:13:27,108 - __main__ - WARNING - Invalid from_account: 049929900021000000000000
2026-01-23 13:13:27,120 - __main__ - WARNING - Invalid to_account: BCR2DN6T7WPKL7YZ
2026-01-23 13:13:27,157 - __main__ - WARNING - Invalid from_account: 7568117266@freecharge
2026-01-23 13:13:27,169 - __main__ - WARNING - Invalid to_account: T2509261613211212792446
2026-01-23 13:13:27,181 - __main__ - WARNING - Invalid to_account: T2509261359497279116095
2026-01-23 13:13:27,503 - __main__ - WARNING - Invalid from_account: 0000071100100001615
2026-01-23 13:13:27,519 - __main__ - WARNING - Invalid from_account: 60117315716520663318
2026-01-23 13:13:27,558 - __main__ - WARNING - Invalid to_account: XXXXXXXXXXXX0851
2026-01-23 13:13:27,572 - __main__ - WARNING - Invalid to_account: nan
2026-01-23 13:13:27,586 - __main__ - WARNING - Invalid to_account: nan
2026-01-23 13:13:27,608 - __main__ - WARNING - Invalid to_account: na
2026-01-23 13:13:27,634 - __main__ - WARNING - Invalid to_account: na
2026-01-23 13:13:27,646 - __main__ - WARNING - Invalid to_account: na
2026-01-23 13:13:27,821 - __main__ - WARNING - Invalid from_account: BCR2DN6T7WPKL7YZ
2026-01-23 13:13:27,832 - __main__ - WARNING - Invalid from_account: 049929900021000000000000
2026-01-23 13:13:27,946 - __main__ - WARNING - Invalid from_account: REMARKS
2026-01-23 13:13:28,082 - __main__ - WARNING - Invalid to_account: nan
2026-01-23 13:13:28,094 - __main__ - WARNING - Invalid to_account: 049929900021000000000000
2026-01-23 13:13:34,509 - __main__ - WARNING - Invalid to_account: paytmqr28100505010117wm9x5ptmv9@p
2026-01-23 13:13:34,520 - __main__ - WARNING - Invalid to_account: ombkaach8247021lqml2q2jb@mbk
2026-01-23 13:13:34,532 - __main__ - WARNING - Invalid to_account: paytmqr6glfm8@ptys
2026-01-23 13:13:35,014 - __main__ - WARNING - Invalid to_account: IAAFIL20041493001
2026-01-23 13:13:35,245 - __main__ - WARNING - Invalid from_account: 049929900021000000000000
2026-01-23 13:13:35,760 - __main__ - WARNING - Invalid from_account: IAAFIL20041493001
2026-01-23 13:13:39,511 - __main__ - WARNING - Invalid to_account: FPPId9fa75f291ba
2026-01-23 13:13:39,691 - __main__ - WARNING - Invalid to_account: binaysingh58604@okicici
2026-01-23 13:13:39,701 - __main__ - WARNING - Invalid to_account: ASVBCRAFTVISIONPRIVATE
2026-01-23 13:13:40,193 - __main__ - WARNING - Invalid to_account: shahilstore202591602948@sbi
2026-01-23 13:13:40,217 - __main__ - WARNING - Invalid to_account: shahilstore202591602948@sbi
2026-01-23 13:13:40,235 - __main__ - WARNING - Invalid to_account: ASVBCRAFTVISIONPRIVATE
2026-01-23 13:13:40,250 - __main__ - WARNING - Invalid to_account: shahilstore202591602948@sbi
2026-01-23 13:13:41,743 - __main__ - WARNING - Invalid from_account: paytmqr28100505010117wm9x5ptmv9@p
2026-01-23 13:13:41,753 - __main__ - WARNING - Invalid from_account: paytmqr28100505010117wm9x5ptmv9@p
2026-01-23 13:13:41,920 - __main__ - WARNING - Invalid to_account: EtHJCtiuRSZRCz
2026-01-23 13:13:41,982 - __main__ - WARNING - Invalid to_account: poonamtegta35@okaxis
2026-01-23 13:13:42,371 - __main__ - WARNING - Invalid to_account: fs077651@ptaxis
2026-01-23 13:13:43,320 - __main__ - WARNING - Invalid to_account: IRMBRHDFCWMPHONE
2026-01-23 13:13:43,331 - __main__ - WARNING - Invalid to_account: IRMBRHDFCWMPHONE
2026-01-23 13:13:43,533 - __main__ - WARNING - Invalid to_account: FPPI509e83c3a676
2026-01-23 13:13:43,545 - __main__ - WARNING - Invalid to_account: FPPI509e83c3a676
2026-01-23 13:13:43,561 - __main__ - WARNING - Invalid to_account: FPPI49abb62d1cf4
2026-01-23 13:13:43,571 - __main__ - WARNING - Invalid to_account: FPPI49abb62d1cf4
2026-01-23 13:13:43,919 - __main__ - WARNING - Invalid to_account: FPPIa581505b7b72
2026-01-23 13:13:44,318 - __main__ - WARNING - Invalid to_account: OMBKMBKM173931
2026-01-23 13:13:44,567 - __main__ - WARNING - Invalid to_account: FPPIb7ba9f26e456
2026-01-23 13:13:44,985 - __main__ - WARNING - Invalid to_account: OMBKMBK9567416
2026-01-23 13:13:44,998 - __main__ - WARNING - Invalid to_account: OMBKMBK9448748
2026-01-23 13:13:46,498 - __main__ - WARNING - Invalid to_account: nan
2026-01-23 13:13:46,510 - __main__ - WARNING - Invalid to_account: IRMBRHDFCWMPHONE
2026-01-23 13:13:46,914 - __main__ - WARNING - Invalid to_account: BCR2DN4TZKVPPCBH
2026-01-23 13:13:46,937 - __main__ - WARNING - Invalid to_account: nan
2026-01-23 13:13:46,951 - __main__ - WARNING - Invalid to_account: nan
2026-01-23 13:13:47,447 - __main__ - WARNING - Invalid to_account: MMTCPAMP00115097
2026-01-23 13:13:47,469 - __main__ - WARNING - Invalid from_account: poonamtegta35@okaxis
2026-01-23 13:13:47,485 - __main__ - WARNING - Invalid from_account: binaysingh58604@okicici
2026-01-23 13:13:47,497 - __main__ - WARNING - Invalid from_account: BCR2DN4TZKVPPCBH
2026-01-23 13:13:47,607 - __main__ - WARNING - Invalid to_account: 7697891655@ibl
2026-01-23 13:13:47,622 - __main__ - WARNING - Invalid to_account: 76978916552@axl
2026-01-23 13:13:47,634 - __main__ - WARNING - Invalid to_account: 10537896@cbin
2026-01-23 13:13:47,667 - __main__ - WARNING - Invalid from_account: 7697891655@ibl
2026-01-23 13:13:47,678 - __main__ - WARNING - Invalid from_account: 76978916552@axl
2026-01-23 13:13:48,148 - __main__ - WARNING - Invalid to_account: FPPIb1f5b52e8f96
2026-01-23 13:13:48,171 - __main__ - WARNING - Invalid to_account: nan
2026-01-23 13:13:48,399 - __main__ - WARNING - Invalid to_account: BillNumber1334017277
2026-01-23 13:13:49,790 - __main__ - WARNING - Invalid to_account: BCR2DN6T7WPKL7YZ
2026-01-23 13:13:49,910 - __main__ - WARNING - Invalid from_account: BCR2DN6T7WPKL7YZ
2026-01-23 13:13:49,988 - __main__ - WARNING - Invalid to_account: na
2026-01-23 13:13:50,202 - __main__ - WARNING - Invalid to_account: 89054820
2026-01-23 13:13:50,244 - __main__ - WARNING - Invalid from_account: 89054820
2026-01-23 13:13:50,255 - __main__ - WARNING - Invalid from_account: 89054820
2026-01-23 13:13:50,272 - __main__ - WARNING - Invalid from_account: 89054820
2026-01-23 13:13:50,294 - __main__ - WARNING - Invalid from_account: 89054820
2026-01-23 13:13:50,311 - __main__ - WARNING - Invalid from_account: 89054820
2026-01-23 13:13:50,331 - __main__ - WARNING - Invalid from_account: 89054820
2026-01-23 13:13:50,351 - __main__ - WARNING - Invalid from_account: 89054820
2026-01-23 13:13:50,366 - __main__ - WARNING - Invalid from_account: 89054820
2026-01-23 13:13:51,727 - __main__ - WARNING - Invalid to_account: N
2026-01-23 13:13:51,850 - __main__ - WARNING - Invalid to_account: N
2026-01-23 13:13:51,860 - __main__ - WARNING - Invalid to_account: N
2026-01-23 13:13:51,873 - __main__ - WARNING - Invalid to_account: N
2026-01-23 13:13:51,889 - __main__ - WARNING - Invalid to_account: N
2026-01-23 13:13:51,902 - __main__ - WARNING - Invalid to_account: N
2026-01-23 13:13:51,915 - __main__ - WARNING - Invalid to_account: N
2026-01-23 13:13:51,926 - __main__ - WARNING - Invalid to_account: N
2026-01-23 13:13:51,941 - __main__ - WARNING - Invalid to_account: N
2026-01-23 13:13:52,228 - __main__ - WARNING - Invalid to_account: XXXX
2026-01-23 13:13:52,427 - __main__ - WARNING - Invalid to_account: ZGLLFL000000004875
2026-01-23 13:13:52,549 - __main__ - WARNING - Invalid from_account: ZGLLFL000000004875
2026-01-23 13:13:52,611 - __main__ - WARNING - Invalid from_account: fs077651@ptaxis
2026-01-23 13:13:52,624 - __main__ - WARNING - Invalid from_account: fs077651@ptaxis
2026-01-23 13:13:52,639 - __main__ - WARNING - Invalid from_account: fs077651@ptaxis
2026-01-23 13:13:52,655 - __main__ - WARNING - Invalid from_account: fs077651@ptaxis
2026-01-23 13:13:54,227 - __main__ - WARNING - Invalid to_account: nan
2026-01-23 13:13:54,244 - __main__ - WARNING - Invalid from_account: xxxx0498
2026-01-23 13:13:54,739 - __main__ - WARNING - Invalid to_account: BCR2DN6TXLSYNWAR
2026-01-23 13:13:54,911 - __main__ - WARNING - Invalid from_account: BCR2DN6TXLSYNWAR
2026-01-23 13:13:54,934 - __main__ - WARNING - Invalid from_account: XXXXXXXXXXXX9000
2026-01-23 13:13:55,146 - __main__ - WARNING - Invalid from_account: 1000000000012YS
2026-01-23 13:13:55,174 - __main__ - WARNING - Invalid to_account: nan
2026-01-23 13:13:55,697 - __main__ - WARNING - Invalid from_account: 51377ebbfe5f4224840696a42bb82b26@draxisbank
2026-01-23 13:13:55,708 - __main__ - WARNING - Invalid to_account: XXXXXXXXXXXX4076
2026-01-23 13:13:55,716 - __main__ - WARNING - Invalid to_account: nan
2026-01-23 13:13:55,803 - __main__ - WARNING - Invalid to_account: RechargedNumber9686429972
2026-01-23 13:13:55,830 - __main__ - WARNING - Invalid to_account: kajal945845@freecharge
2026-01-23 13:13:57,191 - __main__ - WARNING - Invalid to_account: XXXXXXXXXXXX9866
2026-01-23 13:13:57,205 - __main__ - WARNING - Invalid to_account: XXXXXXXXXXXX3601
2026-01-23 13:13:57,214 - __main__ - WARNING - Invalid to_account: XXXXXXXXXXXX4935
2026-01-23 13:13:57,237 - __main__ - WARNING - Invalid from_account: XXXXXXXXXXXX4935
2026-01-23 13:13:57,262 - __main__ - WARNING - Invalid to_account: RechargeNumber9929494928
2026-01-23 13:13:57,276 - __main__ - WARNING - Invalid to_account: LoanNumberpd20ple8954327
2026-01-23 13:13:57,311 - __main__ - WARNING - Invalid from_account: kajal945845@freecharge
2026-01-23 13:13:57,423 - __main__ - WARNING - Invalid from_account: rk96017621@axl
2026-01-23 13:13:57,436 - __main__ - WARNING - Invalid from_account: 7903426600@ybl
2026-01-23 13:13:57,465 - __main__ - WARNING - Invalid from_account: XXXXXXXX6108
2026-01-23 13:13:57,536 - __main__ - WARNING - Invalid from_account: fs077651@ptaxis
2026-01-23 13:13:57,592 - __main__ - WARNING - Invalid from_account: 6570
2026-01-23 13:13:57,641 - __main__ - WARNING - Invalid from_account: fs077651@ptaxis
2026-01-23 13:13:57,781 - __main__ - WARNING - Invalid from_account: fs077651@ptaxis
2026-01-23 13:13:57,802 - __main__ - WARNING - Invalid from_account: 6570
2026-01-23 13:13:57,827 - __main__ - WARNING - Invalid to_account: ASHTAAUTOMOBI
2026-01-23 13:13:58,530 - __main__ - WARNING - Invalid to_account: paytmqr66t7c7@ptys
2026-01-23 13:13:58,541 - __main__ - WARNING - Invalid to_account: paytmqr6crqxb@ptys
2026-01-23 13:13:58,592 - __main__ - WARNING - Invalid to_account: nan
2026-01-23 13:13:58,603 - __main__ - WARNING - Invalid to_account: nan
2026-01-23 13:13:58,616 - __main__ - WARNING - Invalid to_account: na
2026-01-23 13:13:58,704 - __main__ - WARNING - Invalid to_account: nan
2026-01-23 13:13:58,730 - __main__ - WARNING - Invalid from_account: paytmqr66t7c7@ptys
2026-01-23 13:13:58,737 - __main__ - WARNING - Invalid from_account: paytmqr66t7c7@ptys
2026-01-23 13:13:58,753 - __main__ - WARNING - Invalid from_account: paytmqr6crqxb@ptys
2026-01-23 13:13:58,764 - __main__ - WARNING - Invalid from_account: paytmqr6crqxb@ptys
2026-01-23 13:13:58,857 - __main__ - WARNING - Invalid to_account: FastTagNumberMH12MV9689
2026-01-23 13:13:59,518 - __main__ - WARNING - Invalid amount: 0.0
2026-01-23 13:13:59,612 - __main__ - WARNING - Invalid to_account: nan
2026-01-23 13:13:59,624 - __main__ - WARNING - Invalid to_account: BCR2DN6TWCQNPUKM
2026-01-23 13:13:59,684 - __main__ - WARNING - Invalid from_account: BCR2DN6TWCQNPUKM
2026-01-23 13:13:59,728 - __main__ - WARNING - Invalid to_account: ZGLLFL000000008853
2026-01-23 13:13:59,739 - __main__ - WARNING - Invalid from_account: ZGLLFL000000008853
2026-01-23 13:13:59,801 - __main__ - WARNING - Invalid from_account: XXXX5711
2026-01-23 13:14:00,091 - __main__ - WARNING - Invalid amount: 0.0
2026-01-23 13:14:00,262 - __main__ - WARNING - Invalid to_account: XXXXXXXXXXXX7092
2026-01-23 13:14:00,410 - __main__ - WARNING - Invalid to_account: ZGLLFL000000017789
2026-01-23 13:14:00,434 - __main__ - WARNING - Invalid to_account: XXXXXXXXXXXX2908
2026-01-23 13:14:00,462 - __main__ - WARNING - Invalid to_account: MerchantOrderIdREFCL52407035831759219097761
2026-01-23 13:14:00,477 - __main__ - WARNING - Invalid to_account: MerchantOrderIdREFCL53210510861760431303369
2026-01-23 13:14:01,233 - __main__ - WARNING - Invalid to_account: FPPIe58f9a7c18cf
2026-01-23 13:14:01,249 - __main__ - WARNING - Invalid to_account: FPPIe58f9a7c18cf
2026-01-23 13:14:01,264 - __main__ - WARNING - Invalid to_account: FPPIe58f9a7c18cf
2026-01-23 13:14:01,280 - __main__ - WARNING - Invalid to_account: FPPIe58f9a7c18cf
2026-01-23 13:14:01,396 - __main__ - WARNING - Invalid to_account: CMSUBSPL17305334588
2026-01-23 13:14:02,036 - __main__ - WARNING - Invalid to_account: CMSUBSPL17305334588
2026-01-23 13:14:02,046 - __main__ - WARNING - Invalid to_account: CMSUBSPL17305334588
2026-01-23 13:14:02,062 - __main__ - WARNING - Invalid to_account: CMSUBSPL17305334588
2026-01-23 13:14:02,641 - __main__ - INFO - [UPLOAD] Txn ID extraction summary: Found=16163, Missing=0
2026-01-23 13:22:49,817 - __main__ - INFO - User initialization complete.
2026-01-23 13:24:10,668 - __main__ - INFO - User initialization complete.
2026-01-23 13:24:58,964 - __main__ - INFO - User initialization complete.
2026-01-23 13:28:15,474 - __main__ - INFO - User initialization complete.
2026-01-23 13:28:20,515 - __main__ - INFO - User initialization complete.
2026-01-23 13:28:32,274 - __main__ - INFO - Fetching graph data for ACK: 22912250104096
2026-01-23 13:28:34,299 - __main__ - INFO - Found 15707 transactions for ACK 22912250104096
2026-01-23 13:28:51,823 - __main__ - INFO - Fetching graph data for ACK: 22912250105209
2026-01-23 13:28:53,796 - __main__ - INFO - Found 196 transactions for ACK 22912250105209
2026-01-23 13:28:53,944 - __main__ - INFO - Restored persistent POH details for 2 transactions
2026-01-23 13:28:53,985 - __main__ - INFO - Built hierarchy with 1 root children
2026-01-23 13:29:41,127 - __main__ - INFO - User initialization complete.
2026-01-23 13:29:42,084 - __main__ - INFO - Fetching graph data for ACK: 22912250104096
2026-01-23 13:29:45,419 - __main__ - INFO - Found 15707 transactions for ACK 22912250104096
2026-01-23 13:30:11,153 - __main__ - INFO - Fetching graph data for ACK: 22912250104096
2026-01-23 13:31:10,064 - __main__ - INFO - Built hierarchy with 2 root children
2026-01-23 13:31:11,937 - __main__ - INFO - Found 15707 transactions for ACK 22912250104096
2026-01-23 13:32:00,669 - __main__ - INFO - Built hierarchy with 2 root children
2026-01-23 14:34:13,596 - __main__ - INFO - User initialization complete.
2026-01-23 14:34:20,428 - __main__ - INFO - User initialization complete.
2026-01-23 14:34:31,091 - __main__ - INFO - Fetching graph data for ACK: 22912250104096
2026-01-23 14:34:33,128 - __main__ - INFO - Found 15707 transactions for ACK 22912250104096
2026-01-23 14:34:39,601 - __main__ - INFO - Fetching graph data for ACK: 22912250104096
2026-01-23 14:35:24,676 - __main__ - INFO - Built hierarchy with 2 root children
2026-01-23 14:35:26,536 - __main__ - INFO - Found 15707 transactions for ACK 22912250104096
2026-01-23 14:36:13,420 - __main__ - INFO - Built hierarchy with 2 root children
2026-01-23 14:43:32,652 - __main__ - INFO - Fetching graph data for ACK: 22912250104096
2026-01-23 14:43:35,308 - __main__ - INFO - Found 15707 transactions for ACK 22912250104096
2026-01-23 14:43:53,862 - __main__ - INFO - Fetching graph data for ACK: 22912250105209
2026-01-23 14:43:54,891 - __main__ - INFO - Found 196 transactions for ACK 22912250105209
2026-01-23 14:43:55,008 - __main__ - INFO - Restored persistent POH details for 2 transactions
2026-01-23 14:43:55,075 - __main__ - INFO - Built hierarchy with 1 root children
2026-01-23 14:48:41,958 - __main__ - INFO - Built hierarchy with 2 root children
2026-01-23 15:15:44,254 - __main__ - INFO - Fetching graph data for ACK: 22912250105209
2026-01-23 15:15:44,305 - __main__ - INFO - Found 196 transactions for ACK 22912250105209
2026-01-23 15:15:44,313 - __main__ - INFO - Restored persistent POH details for 2 transactions
2026-01-23 15:15:44,325 - __main__ - INFO - Built hierarchy with 1 root children
2026-01-23 15:16:01,241 - __main__ - INFO - Generating letter for ack_no=22912250105209, account=131310110019367, is_poh=True
2026-01-23 15:16:01,307 - __main__ - INFO - Found 1 POH transactions
2026-01-23 15:16:01,419 - __main__ - INFO - Replacements prepared: {'<Bank Name>': 'Bank of India', '<amount lost>': '679.00', '<from date>': '18/12/2025 07:33:27 PM', '<Rank>': 'ADGP', '<Name>': 'varshini', '<Phno>': '8976452367', '<email id>': 'varshini@gmail.com', '<Cr.No>': '12', '<Acknowledgement no>': '22912250105209', '<Account No>': '131310110019367', '<To Date>': '23-01-2026', '<current date>': '23-01-2026'}
2026-01-23 20:49:22,133 - __main__ - INFO - User initialization complete.
2026-01-23 20:49:28,082 - __main__ - INFO - User initialization complete.
2026-01-23 20:49:52,643 - __main__ - INFO - Fetching graph data for ACK: 22912250105209
2026-01-23 20:49:52,799 - __main__ - INFO - Found 196 transactions for ACK 22912250105209
2026-01-23 20:49:52,808 - __main__ - INFO - Restored persistent POH details for 2 transactions
2026-01-23 20:49:52,818 - __main__ - INFO - Built hierarchy with 1 root children
2026-01-23 20:50:39,893 - __main__ - INFO - User initialization complete.
2026-01-23 20:50:49,640 - __main__ - INFO - Fetching graph data for ACK: 22912250105209
2026-01-23 20:50:49,785 - __main__ - INFO - Found 196 transactions for ACK 22912250105209
2026-01-23 20:50:49,796 - __main__ - INFO - Restored persistent POH details for 2 transactions
2026-01-23 20:50:49,815 - __main__ - INFO - Built hierarchy with 1 root children
2026-01-23 20:51:14,354 - __main__ - INFO - Generating letter for ack_no=22912250105209, account=925020036850040, is_poh=True
2026-01-23 20:51:14,376 - __main__ - INFO - Found 2 POH transactions
2026-01-23 20:51:14,513 - __main__ - INFO - Replacements prepared: {'<Bank Name>': 'Axis Bank', '<amount lost>': '2,182.60', '<from date>': '18/12/2025 12:00:00 AM', '<Rank>': 'ADGP', '<Name>': 'varshini', '<Phno>': '8976452367', '<email id>': 'varshini@gmail.com', '<Cr.No>': '12', '<Acknowledgement no>': '22912250105209', '<Account No>': '925020036850040', '<To Date>': '23-01-2026', '<current date>': '23-01-2026'}
2026-01-23 20:54:21,709 - __main__ - INFO - User initialization complete.
2026-01-23 20:57:07,282 - __main__ - INFO - Fetching graph data for ACK: 22912250105209
2026-01-23 20:57:07,396 - __main__ - INFO - Found 196 transactions for ACK 22912250105209
2026-01-23 20:57:07,407 - __main__ - INFO - Restored persistent POH details for 2 transactions
2026-01-23 20:57:07,414 - __main__ - INFO - Built hierarchy with 1 root children
2026-01-23 20:57:25,891 - __main__ - INFO - Generating letter for ack_no=22912250105209, account=925020036850040, is_poh=True
2026-01-23 20:57:25,905 - __main__ - INFO - Found 2 POH transactions
2026-01-23 20:57:25,930 - __main__ - INFO - Replacements prepared: {'<Bank Name>': 'Axis Bank', '<amount lost>': '2,182.60', '<from date>': '18/12/2025 12:00:00 AM', '<Rank>': 'ADGP', '<Name>': 'varshini', '<Phno>': '8976452367', '<email id>': 'varshini@gmail.com', '<Cr.No>': '12', '<Acknowledgement no>': '22912250105209', '<Account No>': '925020036850040', '<To Date>': '23-01-2026', '<current date>': '23-01-2026'}
2026-01-23 20:58:23,169 - __main__ - INFO - User initialization complete.
2026-01-23 20:59:29,024 - __main__ - INFO - User initialization complete.
2026-01-23 21:00:33,751 - __main__ - INFO - User initialization complete.
2026-01-23 21:01:11,312 - __main__ - INFO - User initialization complete.
2026-01-23 21:01:45,309 - __main__ - INFO - Fetching graph data for ACK: 22912250105209
2026-01-23 21:01:45,443 - __main__ - INFO - Found 196 transactions for ACK 22912250105209
2026-01-23 21:01:45,453 - __main__ - INFO - Restored persistent POH details for 2 transactions
2026-01-23 21:01:45,467 - __main__ - INFO - Built hierarchy with 1 root children
2026-01-23 21:01:47,764 - __main__ - INFO - Fetching graph data for ACK: 22912250105209
2026-01-23 21:01:47,818 - __main__ - INFO - Found 196 transactions for ACK 22912250105209
2026-01-23 21:01:47,824 - __main__ - INFO - Restored persistent POH details for 2 transactions
2026-01-23 21:01:47,846 - __main__ - INFO - Built hierarchy with 1 root children
2026-01-23 21:02:07,523 - __main__ - INFO - Generating letter for ack_no=22912250105209, account=155501000008140, is_poh=True
2026-01-23 21:02:07,542 - __main__ - INFO - Found 1 POH transactions
2026-01-23 21:02:07,595 - __main__ - INFO - Replacements prepared: {'<Bank Name>': 'Indian Overseas Bank', '<amount lost>': '40,100.00', '<from date>': '18/12/2025 12:00:00 AM', '<Rank>': 'ADGP', '<Name>': 'varshini', '<Phno>': '8976452367', '<email id>': 'varshini@gmail.com', '<Cr.No>': '12', '<Acknowledgement no>': '22912250105209', '<Account No>': '155501000008140', '<To Date>': '23-01-2026', '<current date>': '23-01-2026'}
2026-01-23 21:04:30,468 - __main__ - INFO - User initialization complete.
2026-01-23 21:05:30,033 - __main__ - INFO - User initialization complete.
2026-01-23 21:06:39,895 - __main__ - INFO - User initialization complete.
2026-01-23 21:09:36,304 - __main__ - INFO - Fetching graph data for ACK: 22912250105209
2026-01-23 21:09:36,421 - __main__ - INFO - Found 196 transactions for ACK 22912250105209
2026-01-23 21:09:36,429 - __main__ - INFO - Restored persistent POH details for 2 transactions
2026-01-23 21:09:36,438 - __main__ - INFO - Built hierarchy with 1 root children
2026-01-23 21:09:37,847 - __main__ - INFO - Fetching graph data for ACK: 22912250105209
2026-01-23 21:09:37,886 - __main__ - INFO - Found 196 transactions for ACK 22912250105209
2026-01-23 21:09:37,891 - __main__ - INFO - Restored persistent POH details for 2 transactions
2026-01-23 21:09:37,905 - __main__ - INFO - Built hierarchy with 1 root children
2026-01-23 21:09:51,574 - __main__ - INFO - Generating letter for ack_no=22912250105209, account=120032890213, is_poh=True
2026-01-23 21:09:51,588 - __main__ - INFO - Found 2 POH transactions
2026-01-23 21:09:51,616 - __main__ - INFO - Replacements prepared: {'<Bank Name>': 'Canara Bank', '<amount lost>': '400,000.00', '<from date>': '18/12/2025 07:28:55 PM', '<Rank>': 'ADGP', '<Name>': 'varshini', '<Phno>': '8976452367', '<email id>': 'varshini@gmail.com', '<Cr.No>': '12', '<Acknowledgement no>': '22912250105209', '<Account No>': '120032890213', '<To Date>': '23-01-2026', '<current date>': '23-01-2026'}
2026-01-23 21:26:08,031 - __main__ - INFO - Fetching graph data for ACK: 22912250105209
2026-01-23 21:26:08,072 - __main__ - INFO - Found 196 transactions for ACK 22912250105209
2026-01-23 21:26:08,075 - __main__ - INFO - Restored persistent POH details for 2 transactions
2026-01-23 21:26:08,085 - __main__ - INFO - Built hierarchy with 1 root children
2026-01-23 21:31:06,872 - __main__ - INFO - [atm_data] Built layer map for 158 accounts
2026-01-23 21:31:06,874 - __main__ - INFO - [atm_data] Found account column: Account No./ (Wallet /PG/PA) Id
2026-01-23 21:31:06,893 - __main__ - INFO - [atm_data] Rows extracted: 27
2026-01-23 21:49:18,714 - __main__ - INFO - User initialization complete.
2026-01-23 21:49:24,180 - __main__ - INFO - User initialization complete.
2026-01-23 21:49:30,376 - __main__ - INFO - Fetching graph data for ACK: 22912250105209
2026-01-23 21:49:30,579 - __main__ - INFO - Found 196 transactions for ACK 22912250105209
2026-01-23 21:49:30,593 - __main__ - INFO - Restored persistent POH details for 2 transactions
2026-01-23 21:49:30,628 - __main__ - INFO - Restored persistent KYC details for 0 transactions
2026-01-23 21:49:30,652 - __main__ - INFO - Built hierarchy with 1 root children
2026-01-23 21:49:44,673 - __main__ - INFO - Fetching graph data for ACK: 22912250105209
2026-01-23 21:49:44,715 - __main__ - INFO - Found 196 transactions for ACK 22912250105209
2026-01-23 21:49:44,719 - __main__ - INFO - Restored persistent POH details for 2 transactions
2026-01-23 21:49:44,732 - __main__ - INFO - Restored persistent KYC details for 0 transactions
2026-01-23 21:49:44,739 - __main__ - INFO - Built hierarchy with 1 root children
2026-01-23 21:50:41,147 - __main__ - INFO - KYC Save Request processed for txn_id: HDFCR52025121896308277
2026-01-27 11:43:25,404 - __main__ - INFO - User initialization complete.
2026-01-27 11:43:31,159 - __main__ - INFO - User initialization complete.
2026-01-27 11:46:20,523 - __main__ - INFO - [UPLOAD] Txn ID extraction summary: Found=2, Missing=0
2026-01-27 11:46:27,403 - __main__ - INFO - Fetching graph data for ACK: 22901260004579
2026-01-27 11:46:27,415 - __main__ - INFO - Found 2 transactions for ACK 22901260004579
2026-01-27 11:46:27,448 - __main__ - INFO - Restored persistent KYC details for 0 transactions
2026-01-27 11:46:27,450 - __main__ - INFO - Built hierarchy with 1 root children
2026-01-27 11:47:31,711 - __main__ - WARNING - Invalid to_account: vivriticap67rzp@mairtel
2026-01-27 11:47:32,366 - __main__ - WARNING - Invalid to_account: nan
2026-01-27 11:47:32,499 - __main__ - WARNING - Invalid to_account: nan
2026-01-27 11:47:32,787 - __main__ - WARNING - Invalid to_account: XXXXXXXXXXX0919
2026-01-27 11:47:32,797 - __main__ - WARNING - Invalid to_account: XXXXXXXXXXX1777
2026-01-27 11:47:32,917 - __main__ - WARNING - Invalid to_account: XXXXXXXXXXXX6460
2026-01-27 11:47:33,024 - __main__ - WARNING - Invalid to_account: OMBKMBK3871258
2026-01-27 11:47:33,046 - __main__ - WARNING - Invalid to_account: OMBKMBK3871258
2026-01-27 11:47:33,170 - __main__ - WARNING - Invalid to_account: JI1lNgG0l0rfyH
2026-01-27 11:47:33,273 - __main__ - WARNING - Invalid to_account: BCR2DN6T7WPKL7YZ
2026-01-27 11:47:33,283 - __main__ - WARNING - Invalid from_account: BCR2DN6T7WPKL7YZ
2026-01-27 11:47:33,345 - __main__ - WARNING - Invalid from_account: OMBKMBK3871258
2026-01-27 11:47:33,442 - __main__ - WARNING - Invalid from_account: XXXXXXXXXXXX6460
2026-01-27 11:47:33,550 - __main__ - WARNING - Invalid to_account: COS370424
2026-01-27 11:47:33,627 - __main__ - WARNING - Invalid from_account: COS370424
2026-01-27 11:47:33,832 - __main__ - WARNING - Invalid to_account: RechargeNumber6265351363
2026-01-27 11:47:34,033 - __main__ - WARNING - Invalid from_account: XXXXXXXXXXXX6460
2026-01-27 11:47:34,041 - __main__ - WARNING - Invalid from_account: DP015345135203BystFH
2026-01-27 11:47:34,070 - __main__ - INFO - [UPLOAD] Txn ID extraction summary: Found=593, Missing=0
2026-01-27 11:47:38,041 - __main__ - INFO - Fetching graph data for ACK: 22901260004717
2026-01-27 11:47:38,172 - __main__ - INFO - Found 575 transactions for ACK 22901260004717
2026-01-27 11:47:38,195 - __main__ - INFO - Restored persistent KYC details for 0 transactions
2026-01-27 11:47:38,253 - __main__ - INFO - Built hierarchy with 2 root children
2026-01-27 11:49:10,698 - __main__ - INFO - [UPLOAD] Txn ID extraction summary: Found=1, Missing=0
2026-01-27 11:49:14,914 - __main__ - INFO - Fetching graph data for ACK: 22901260004550
2026-01-27 11:49:14,921 - __main__ - INFO - Found 1 transactions for ACK 22901260004550
2026-01-27 11:49:14,935 - __main__ - INFO - Restored persistent KYC details for 0 transactions
2026-01-27 11:49:14,936 - __main__ - INFO - Built hierarchy with 1 root children
2026-01-27 11:50:03,481 - __main__ - INFO - [UPLOAD] Txn ID extraction summary: Found=16, Missing=0
2026-01-27 11:50:07,541 - __main__ - INFO - Fetching graph data for ACK: 22901260004574
2026-01-27 11:50:07,549 - __main__ - INFO - Found 16 transactions for ACK 22901260004574
2026-01-27 11:50:07,556 - __main__ - INFO - Restored persistent KYC details for 0 transactions
2026-01-27 11:50:07,558 - __main__ - INFO - Built hierarchy with 1 root children
2026-01-27 11:50:39,437 - __main__ - WARNING - Invalid to_account: Razorpay
2026-01-27 11:50:39,491 - __main__ - WARNING - Invalid to_account: 7837536968@dridib
2026-01-27 11:50:39,562 - __main__ - WARNING - Invalid to_account: 7837536968@dridib
2026-01-27 11:50:39,637 - __main__ - WARNING - Invalid from_account: Razorpay
2026-01-27 11:50:39,738 - __main__ - WARNING - Invalid to_account: 7837536968@dridib
2026-01-27 11:50:39,928 - __main__ - WARNING - Invalid to_account: 7837536968@dridib
2026-01-27 11:50:39,939 - __main__ - WARNING - Invalid to_account: nan
2026-01-27 11:50:40,080 - __main__ - WARNING - Invalid to_account: INBCVAXVFccWdWJvfBF4m8WEq2ap31FvNjT
2026-01-27 11:50:40,092 - __main__ - WARNING - Invalid to_account: INBBmtHycRqxOxfUkBztSS0Ph4DY1SXUk6S
2026-01-27 11:50:40,104 - __main__ - WARNING - Invalid to_account: INBa4nNovJ923Uq0xZttCmo6nlAPXVorvSe
2026-01-27 11:50:40,114 - __main__ - WARNING - Invalid to_account: INByq0D70VL7cjb4rL6bi6oq9tXWFWSgT1x
2026-01-27 11:50:40,124 - __main__ - WARNING - Invalid to_account: INBZg56bpaosbWbAKKkAtMBFM9vP4YM50AG
2026-01-27 11:50:40,149 - __main__ - WARNING - Invalid to_account: BCR2DN4T27ZKFXL7
2026-01-27 11:50:40,161 - __main__ - WARNING - Invalid from_account: BCR2DN4T27ZKFXL7
2026-01-27 11:50:40,181 - __main__ - WARNING - Invalid from_account: BD016008BAKAAAFAR0PM
2026-01-27 11:50:40,198 - __main__ - INFO - [UPLOAD] Txn ID extraction summary: Found=59, Missing=0
2026-01-27 11:51:03,910 - __main__ - INFO - Fetching graph data for ACK: 22901260004608
2026-01-27 11:51:03,929 - __main__ - INFO - Found 44 transactions for ACK 22901260004608
2026-01-27 11:51:03,955 - __main__ - INFO - Restored persistent KYC details for 0 transactions
2026-01-27 11:51:03,961 - __main__ - INFO - Built hierarchy with 2 root children
2026-01-27 11:52:01,070 - __main__ - INFO - Fetching graph data for ACK: 22901260004608
2026-01-27 11:52:01,100 - __main__ - INFO - Found 44 transactions for ACK 22901260004608
2026-01-27 11:52:01,110 - __main__ - INFO - Restored persistent KYC details for 0 transactions
2026-01-27 11:52:01,116 - __main__ - INFO - Built hierarchy with 2 root children
2026-01-27 11:52:10,844 - __main__ - INFO - Generating letter for ack_no=22901260004608, account=7938277856, is_poh=True
2026-01-27 11:52:10,880 - __main__ - INFO - Found 0 POH transactions
2026-01-27 11:52:10,930 - __main__ - INFO - Replacements prepared: {'<Bank Name>': 'Unknown Bank', '<amount lost>': '0.00', '<from date>': '27-01-2026', '<Rank>': 'ADGP', '<Name>': 'varshini', '<Phno>': '8976452367', '<email id>': 'varshini@gmail.com', '<Cr.No>': '12', '<Acknowledgement no>': '22901260004608', '<Account No>': '7938277856', '<To Date>': '27-01-2026', '<current date>': '27-01-2026'}
2026-01-27 11:54:36,227 - __main__ - INFO - Generating letter for ack_no=22901260004608, account=12300110117385, is_poh=True
2026-01-27 11:54:36,246 - __main__ - INFO - Found 1 POH transactions
2026-01-27 11:54:36,271 - __main__ - INFO - Replacements prepared: {'<Bank Name>': 'UCO Bank', '<amount lost>': '10,000.00', '<from date>': '15/01/2026 12:00:00 AM', '<Rank>': 'ADGP', '<Name>': 'varshini', '<Phno>': '8976452367', '<email id>': 'varshini@gmail.com', '<Cr.No>': '12', '<Acknowledgement no>': '22901260004608', '<Account No>': '12300110117385', '<To Date>': '27-01-2026', '<current date>': '27-01-2026'}
2026-01-27 12:04:12,330 - __main__ - INFO - User initialization complete.
2026-01-27 12:04:16,346 - __main__ - INFO - User initialization complete.
2026-01-27 12:33:34,613 - __main__ - INFO - User initialization complete.
2026-01-27 12:33:38,735 - __main__ - INFO - User initialization complete.
2026-01-27 12:34:10,028 - __main__ - INFO - Fetching graph data for ACK: 22903250021752
2026-01-27 12:34:10,582 - __main__ - INFO - Found 3756 transactions for ACK 22903250021752
2026-01-27 12:34:10,681 - __main__ - INFO - Restored persistent KYC details for 0 transactions
2026-01-27 12:34:12,696 - __main__ - INFO - Built hierarchy with 3 root children
2026-01-27 12:36:04,113 - __main__ - INFO - [atm_data] Built layer map for 2103 accounts
2026-01-27 12:36:04,115 - __main__ - INFO - [atm_data] Found account column: Account No./ (Wallet /PG/PA) Id
2026-01-27 12:36:04,144 - __main__ - INFO - [atm_data] Rows extracted: 219
2026-01-27 12:37:08,172 - __main__ - INFO - Fetching graph data for ACK: 22903250021752
2026-01-27 12:37:09,931 - __main__ - INFO - Found 3756 transactions for ACK 22903250021752
2026-01-27 12:37:10,282 - __main__ - INFO - Restored persistent KYC details for 0 transactions
2026-01-27 12:37:20,116 - __main__ - INFO - Built hierarchy with 3 root children
2026-01-27 12:38:48,114 - __main__ - ERROR - Error fetching state for UTIB0000454: HTTPSConnectionPool(host='ifsc.razorpay.com', port=443): Read timed out. (read timeout=5)
2026-01-27 12:38:48,190 - __main__ - ERROR - Error fetching state for SBIN0031292: HTTPSConnectionPool(host='ifsc.razorpay.com', port=443): Read timed out. (read timeout=5)
2026-01-27 12:38:48,258 - __main__ - ERROR - Error fetching state for HDFC0009049: HTTPSConnectionPool(host='ifsc.razorpay.com', port=443): Read timed out. (read timeout=5)
2026-01-27 12:38:48,273 - __main__ - ERROR - Error fetching state for CNRB0006700: HTTPSConnectionPool(host='ifsc.razorpay.com', port=443): Read timed out. (read timeout=5)
2026-01-27 12:38:48,300 - __main__ - ERROR - Error fetching state for KKBK0000151: HTTPSConnectionPool(host='ifsc.razorpay.com', port=443): Read timed out. (read timeout=5)
2026-01-27 12:38:48,324 - __main__ - ERROR - Error fetching state for SBIN0016543: HTTPSConnectionPool(host='ifsc.razorpay.com', port=443): Read timed out. (read timeout=5)
2026-01-27 12:38:48,374 - __main__ - ERROR - Error fetching state for CNRB0000033: HTTPSConnectionPool(host='ifsc.razorpay.com', port=443): Read timed out. (read timeout=5)
2026-01-27 12:38:48,702 - __main__ - ERROR - Error fetching state for IDFB0021019: HTTPSConnectionPool(host='ifsc.razorpay.com', port=443): Read timed out. (read timeout=5)
2026-01-27 12:38:48,718 - __main__ - ERROR - Error fetching state for SBIN0017186: HTTPSConnectionPool(host='ifsc.razorpay.com', port=443): Read timed out. (read timeout=5)
2026-01-27 12:38:49,099 - __main__ - ERROR - Error fetching state for UTIB0000454: HTTPSConnectionPool(host='ifsc.razorpay.com', port=443): Read timed out. (read timeout=5)
2026-01-27 12:38:49,295 - __main__ - ERROR - Error fetching state for PUNB0095010: HTTPSConnectionPool(host='ifsc.razorpay.com', port=443): Read timed out. (read timeout=5)
2026-01-27 12:38:49,310 - __main__ - ERROR - Error fetching state for IDFB0021019: HTTPSConnectionPool(host='ifsc.razorpay.com', port=443): Read timed out. (read timeout=5)
2026-01-27 12:38:49,368 - __main__ - ERROR - Error fetching state for CNRB0006700: HTTPSConnectionPool(host='ifsc.razorpay.com', port=443): Read timed out. (read timeout=5)
2026-01-27 12:38:49,448 - __main__ - ERROR - Error fetching state for KARB0000106: HTTPSConnectionPool(host='ifsc.razorpay.com', port=443): Read timed out. (read timeout=5)
2026-01-27 12:38:49,576 - __main__ - ERROR - Error fetching state for UBIN0545341: HTTPSConnectionPool(host='ifsc.razorpay.com', port=443): Read timed out. (read timeout=5)
2026-01-27 12:38:49,591 - __main__ - ERROR - Error fetching state for SBIN0017186: HTTPSConnectionPool(host='ifsc.razorpay.com', port=443): Read timed out. (read timeout=5)
2026-01-27 12:38:49,624 - __main__ - ERROR - Error fetching state for KKBK0000151: HTTPSConnectionPool(host='ifsc.razorpay.com', port=443): Read timed out. (read timeout=5)
2026-01-27 12:38:49,640 - __main__ - ERROR - Error fetching state for BARB0GOTHIB: HTTPSConnectionPool(host='ifsc.razorpay.com', port=443): Read timed out. (read timeout=5)
2026-01-27 12:38:49,640 - __main__ - ERROR - Error fetching state for SBIN0050135: HTTPSConnectionPool(host='ifsc.razorpay.com', port=443): Read timed out. (read timeout=5)
2026-01-27 12:38:52,759 - __main__ - ERROR - Error fetching state for PUNB0095010: HTTPSConnectionPool(host='ifsc.razorpay.com', port=443): Max retries exceeded with url: /PUNB0095010 (Caused by ConnectTimeoutError(<HTTPSConnection(host='ifsc.razorpay.com', port=443) at 0x22af4d274d0>, 'Connection to ifsc.razorpay.com timed out. (connect timeout=5)'))
2026-01-27 12:38:58,135 - __main__ - ERROR - Error fetching state for PUNB0157800: HTTPSConnectionPool(host='ifsc.razorpay.com', port=443): Max retries exceeded with url: /PUNB0157800 (Caused by ConnectTimeoutError(<HTTPSConnection(host='ifsc.razorpay.com', port=443) at 0x22a8868da90>, 'Connection to ifsc.razorpay.com timed out. (connect timeout=5)'))
2026-01-27 12:38:58,215 - __main__ - ERROR - Error fetching state for KARB0000106: HTTPSConnectionPool(host='ifsc.razorpay.com', port=443): Max retries exceeded with url: /KARB0000106 (Caused by ConnectTimeoutError(<HTTPSConnection(host='ifsc.razorpay.com', port=443) at 0x22a8868de50>, 'Connection to ifsc.razorpay.com timed out. (connect timeout=5)'))
2026-01-27 12:38:58,271 - __main__ - ERROR - Error fetching state for UBIN0545341: HTTPSConnectionPool(host='ifsc.razorpay.com', port=443): Max retries exceeded with url: /UBIN0545341 (Caused by ConnectTimeoutError(<HTTPSConnection(host='ifsc.razorpay.com', port=443) at 0x22a8868e5d0>, 'Connection to ifsc.razorpay.com timed out. (connect timeout=5)'))
2026-01-27 12:38:58,298 - __main__ - ERROR - Error fetching state for UBIN0569461: HTTPSConnectionPool(host='ifsc.razorpay.com', port=443): Max retries exceeded with url: /UBIN0569461 (Caused by ConnectTimeoutError(<HTTPSConnection(host='ifsc.razorpay.com', port=443) at 0x22a8868e850>, 'Connection to ifsc.razorpay.com timed out. (connect timeout=5)'))
2026-01-27 12:38:58,332 - __main__ - ERROR - Error fetching state for CNRB0004174: HTTPSConnectionPool(host='ifsc.razorpay.com', port=443): Max retries exceeded with url: /CNRB0004174 (Caused by ConnectTimeoutError(<HTTPSConnection(host='ifsc.razorpay.com', port=443) at 0x22a8868ead0>, 'Connection to ifsc.razorpay.com timed out. (connect timeout=5)'))
2026-01-27 12:38:58,346 - __main__ - ERROR - Error fetching state for SBIN0050135: HTTPSConnectionPool(host='ifsc.razorpay.com', port=443): Max retries exceeded with url: /SBIN0050135 (Caused by ConnectTimeoutError(<HTTPSConnection(host='ifsc.razorpay.com', port=443) at 0x22a8868ed50>, 'Connection to ifsc.razorpay.com timed out. (connect timeout=5)'))
2026-01-27 12:38:58,408 - __main__ - ERROR - Error fetching state for BARB0GOTHIB: HTTPSConnectionPool(host='ifsc.razorpay.com', port=443): Max retries exceeded with url: /BARB0GOTHIB (Caused by ConnectTimeoutError(<HTTPSConnection(host='ifsc.razorpay.com', port=443) at 0x22a8868efd0>, 'Connection to ifsc.razorpay.com timed out. (connect timeout=5)'))
2026-01-27 12:38:58,714 - __main__ - ERROR - Error fetching state for IOBA0001446: HTTPSConnectionPool(host='ifsc.razorpay.com', port=443): Max retries exceeded with url: /IOBA0001446 (Caused by ConnectTimeoutError(<HTTPSConnection(host='ifsc.razorpay.com', port=443) at 0x22a8868f250>, 'Connection to ifsc.razorpay.com timed out. (connect timeout=5)'))
2026-01-27 12:38:58,747 - __main__ - ERROR - Error fetching state for MAHB0001701: HTTPSConnectionPool(host='ifsc.razorpay.com', port=443): Max retries exceeded with url: /MAHB0001701 (Caused by ConnectTimeoutError(<HTTPSConnection(host='ifsc.razorpay.com', port=443) at 0x22a8868f4d0>, 'Connection to ifsc.razorpay.com timed out. (connect timeout=5)'))
2026-01-27 12:38:59,151 - __main__ - ERROR - Error fetching state for PUNB0157800: HTTPSConnectionPool(host='ifsc.razorpay.com', port=443): Max retries exceeded with url: /PUNB0157800 (Caused by ConnectTimeoutError(<HTTPSConnection(host='ifsc.razorpay.com', port=443) at 0x22a8868f890>, 'Connection to ifsc.razorpay.com timed out. (connect timeout=5)'))
2026-01-27 12:38:59,336 - __main__ - ERROR - Error fetching state for BARB0AKKAYY: HTTPSConnectionPool(host='ifsc.razorpay.com', port=443): Max retries exceeded with url: /BARB0AKKAYY (Caused by ConnectTimeoutError(<HTTPSConnection(host='ifsc.razorpay.com', port=443) at 0x22a8868fb10>, 'Connection to ifsc.razorpay.com timed out. (connect timeout=5)'))
2026-01-27 12:38:59,351 - __main__ - ERROR - Error fetching state for UBIN0569461: HTTPSConnectionPool(host='ifsc.razorpay.com', port=443): Max retries exceeded with url: /UBIN0569461 (Caused by ConnectTimeoutError(<HTTPSConnection(host='ifsc.razorpay.com', port=443) at 0x22a8868fd90>, 'Connection to ifsc.razorpay.com timed out. (connect timeout=5)'))
2026-01-27 12:38:59,399 - __main__ - ERROR - Error fetching state for CNRB0004174: HTTPSConnectionPool(host='ifsc.razorpay.com', port=443): Max retries exceeded with url: /CNRB0004174 (Caused by ConnectTimeoutError(<HTTPSConnection(host='ifsc.razorpay.com', port=443) at 0x22a8868f750>, 'Connection to ifsc.razorpay.com timed out. (connect timeout=5)'))
2026-01-27 12:38:59,480 - __main__ - ERROR - Error fetching state for BARB0MAHWAX: HTTPSConnectionPool(host='ifsc.razorpay.com', port=443): Max retries exceeded with url: /BARB0MAHWAX (Caused by ConnectTimeoutError(<HTTPSConnection(host='ifsc.razorpay.com', port=443) at 0x22af02b8190>, 'Connection to ifsc.razorpay.com timed out. (connect timeout=5)'))
2026-01-27 12:38:59,592 - __main__ - ERROR - Error fetching state for SBIN0008354: HTTPSConnectionPool(host='ifsc.razorpay.com', port=443): Max retries exceeded with url: /SBIN0008354 (Caused by ConnectTimeoutError(<HTTPSConnection(host='ifsc.razorpay.com', port=443) at 0x22af02b8410>, 'Connection to ifsc.razorpay.com timed out. (connect timeout=5)'))
2026-01-27 12:38:59,615 - __main__ - ERROR - Error fetching state for IOBA0001446: HTTPSConnectionPool(host='ifsc.razorpay.com', port=443): Max retries exceeded with url: /IOBA0001446 (Caused by ConnectTimeoutError(<HTTPSConnection(host='ifsc.razorpay.com', port=443) at 0x22af02b8690>, 'Connection to ifsc.razorpay.com timed out. (connect timeout=5)'))
2026-01-27 12:38:59,663 - __main__ - ERROR - Error fetching state for ICIC0000008: HTTPSConnectionPool(host='ifsc.razorpay.com', port=443): Max retries exceeded with url: /ICIC0000008 (Caused by ConnectTimeoutError(<HTTPSConnection(host='ifsc.razorpay.com', port=443) at 0x22af02b8cd0>, 'Connection to ifsc.razorpay.com timed out. (connect timeout=5)'))
2026-01-27 12:38:59,665 - __main__ - ERROR - Error fetching state for ICIC0DC0099: HTTPSConnectionPool(host='ifsc.razorpay.com', port=443): Max retries exceeded with url: /ICIC0DC0099 (Caused by ConnectTimeoutError(<HTTPSConnection(host='ifsc.razorpay.com', port=443) at 0x22af02b8e10>, 'Connection to ifsc.razorpay.com timed out. (connect timeout=5)'))
2026-01-27 12:38:59,667 - __main__ - ERROR - Error fetching state for MAHB0001701: HTTPSConnectionPool(host='ifsc.razorpay.com', port=443): Max retries exceeded with url: /MAHB0001701 (Caused by ConnectTimeoutError(<HTTPSConnection(host='ifsc.razorpay.com', port=443) at 0x22af02b8910>, 'Connection to ifsc.razorpay.com timed out. (connect timeout=5)'))
2026-01-27 12:39:02,789 - __main__ - ERROR - Error fetching state for BARB0AKKAYY: HTTPSConnectionPool(host='ifsc.razorpay.com', port=443): Max retries exceeded with url: /BARB0AKKAYY (Caused by ConnectTimeoutError(<HTTPSConnection(host='ifsc.razorpay.com', port=443) at 0x22af02b9090>, 'Connection to ifsc.razorpay.com timed out. (connect timeout=5)'))
2026-01-27 12:39:08,176 - __main__ - ERROR - Error fetching state for CIUB0000441: HTTPSConnectionPool(host='ifsc.razorpay.com', port=443): Max retries exceeded with url: /CIUB0000441 (Caused by ConnectTimeoutError(<HTTPSConnection(host='ifsc.razorpay.com', port=443) at 0x22af02b9310>, 'Connection to ifsc.razorpay.com timed out. (connect timeout=5)'))
2026-01-27 12:39:08,239 - __main__ - ERROR - Error fetching state for BARB0MAHWAX: HTTPSConnectionPool(host='ifsc.razorpay.com', port=443): Max retries exceeded with url: /BARB0MAHWAX (Caused by ConnectTimeoutError(<HTTPSConnection(host='ifsc.razorpay.com', port=443) at 0x22af02b9590>, 'Connection to ifsc.razorpay.com timed out. (connect timeout=5)'))
2026-01-27 12:39:08,304 - __main__ - ERROR - Error fetching state for SBIN0008354: HTTPSConnectionPool(host='ifsc.razorpay.com', port=443): Max retries exceeded with url: /SBIN0008354 (Caused by ConnectTimeoutError(<HTTPSConnection(host='ifsc.razorpay.com', port=443) at 0x22af02b9810>, 'Connection to ifsc.razorpay.com timed out. (connect timeout=5)'))
2026-01-27 12:39:08,312 - __main__ - ERROR - Error fetching state for SBIN0005725: HTTPSConnectionPool(host='ifsc.razorpay.com', port=443): Max retries exceeded with url: /SBIN0005725 (Caused by ConnectTimeoutError(<HTTPSConnection(host='ifsc.razorpay.com', port=443) at 0x22af02b9a90>, 'Connection to ifsc.razorpay.com timed out. (connect timeout=5)'))
2026-01-27 12:39:08,370 - __main__ - ERROR - Error fetching state for ICIC0000008: HTTPSConnectionPool(host='ifsc.razorpay.com', port=443): Max retries exceeded with url: /ICIC0000008 (Caused by ConnectTimeoutError(<HTTPSConnection(host='ifsc.razorpay.com', port=443) at 0x22af02b9f90>, 'Connection to ifsc.razorpay.com timed out. (connect timeout=5)'))
2026-01-27 12:39:08,371 - __main__ - ERROR - Error fetching state for BARB0VJDOSA: HTTPSConnectionPool(host='ifsc.razorpay.com', port=443): Max retries exceeded with url: /BARB0VJDOSA (Caused by ConnectTimeoutError(<HTTPSConnection(host='ifsc.razorpay.com', port=443) at 0x22af02b9d10>, 'Connection to ifsc.razorpay.com timed out. (connect timeout=5)'))
2026-01-27 12:39:08,437 - __main__ - ERROR - Error fetching state for ICIC0DC0099: HTTPSConnectionPool(host='ifsc.razorpay.com', port=443): Max retries exceeded with url: /ICIC0DC0099 (Caused by ConnectTimeoutError(<HTTPSConnection(host='ifsc.razorpay.com', port=443) at 0x22af02ba210>, 'Connection to ifsc.razorpay.com timed out. (connect timeout=5)'))
2026-01-27 12:39:08,742 - __main__ - ERROR - Error fetching state for HDFC0002117: HTTPSConnectionPool(host='ifsc.razorpay.com', port=443): Max retries exceeded with url: /HDFC0002117 (Caused by ConnectTimeoutError(<HTTPSConnection(host='ifsc.razorpay.com', port=443) at 0x22af02ba490>, 'Connection to ifsc.razorpay.com timed out. (connect timeout=5)'))
2026-01-27 12:39:08,775 - __main__ - ERROR - Error fetching state for FDRL0001840: HTTPSConnectionPool(host='ifsc.razorpay.com', port=443): Max retries exceeded with url: /FDRL0001840 (Caused by ConnectTimeoutError(<HTTPSConnection(host='ifsc.razorpay.com', port=443) at 0x22af02ba710>, 'Connection to ifsc.razorpay.com timed out. (connect timeout=5)'))
2026-01-27 12:39:09,183 - __main__ - ERROR - Error fetching state for CIUB0000441: HTTPSConnectionPool(host='ifsc.razorpay.com', port=443): Max retries exceeded with url: /CIUB0000441 (Caused by ConnectTimeoutError(<HTTPSConnection(host='ifsc.razorpay.com', port=443) at 0x22af02ba990>, 'Connection to ifsc.razorpay.com timed out. (connect timeout=5)'))
2026-01-27 12:39:09,368 - __main__ - ERROR - Error fetching state for CNRB0018100: HTTPSConnectionPool(host='ifsc.razorpay.com', port=443): Max retries exceeded with url: /CNRB0018100 (Caused by ConnectTimeoutError(<HTTPSConnection(host='ifsc.razorpay.com', port=443) at 0x22af02bac10>, 'Connection to ifsc.razorpay.com timed out. (connect timeout=5)'))
2026-01-27 12:39:09,384 - __main__ - ERROR - Error fetching state for SBIN0005725: HTTPSConnectionPool(host='ifsc.razorpay.com', port=443): Max retries exceeded with url: /SBIN0005725 (Caused by ConnectTimeoutError(<HTTPSConnection(host='ifsc.razorpay.com', port=443) at 0x22af02bae90>, 'Connection to ifsc.razorpay.com timed out. (connect timeout=5)'))
2026-01-27 12:39:09,432 - __main__ - ERROR - Error fetching state for BARB0VJDOSA: HTTPSConnectionPool(host='ifsc.razorpay.com', port=443): Max retries exceeded with url: /BARB0VJDOSA (Caused by ConnectTimeoutError(<HTTPSConnection(host='ifsc.razorpay.com', port=443) at 0x22af02bb110>, 'Connection to ifsc.razorpay.com timed out. (connect timeout=5)'))
2026-01-27 12:39:09,506 - __main__ - ERROR - Error fetching state for IDIB000P007: HTTPSConnectionPool(host='ifsc.razorpay.com', port=443): Max retries exceeded with url: /IDIB000P007 (Caused by ConnectTimeoutError(<HTTPSConnection(host='ifsc.razorpay.com', port=443) at 0x22af02bb390>, 'Connection to ifsc.razorpay.com timed out. (connect timeout=5)'))
2026-01-27 12:39:09,620 - __main__ - ERROR - Error fetching state for CNRB0005987: HTTPSConnectionPool(host='ifsc.razorpay.com', port=443): Max retries exceeded with url: /CNRB0005987 (Caused by ConnectTimeoutError(<HTTPSConnection(host='ifsc.razorpay.com', port=443) at 0x22af02bb610>, 'Connection to ifsc.razorpay.com timed out. (connect timeout=5)'))
2026-01-27 12:39:09,652 - __main__ - ERROR - Error fetching state for HDFC0002117: HTTPSConnectionPool(host='ifsc.razorpay.com', port=443): Max retries exceeded with url: /HDFC0002117 (Caused by ConnectTimeoutError(<HTTPSConnection(host='ifsc.razorpay.com', port=443) at 0x22aff41a0d0>, 'Connection to ifsc.razorpay.com timed out. (connect timeout=5)'))
2026-01-27 12:39:09,707 - __main__ - ERROR - Error fetching state for FDRL0001840: HTTPSConnectionPool(host='ifsc.razorpay.com', port=443): Max retries exceeded with url: /FDRL0001840 (Caused by ConnectTimeoutError(<HTTPSConnection(host='ifsc.razorpay.com', port=443) at 0x22aff41a350>, 'Connection to ifsc.razorpay.com timed out. (connect timeout=5)'))
2026-01-27 12:39:09,708 - __main__ - ERROR - Error fetching state for IDFB0041281: HTTPSConnectionPool(host='ifsc.razorpay.com', port=443): Max retries exceeded with url: /IDFB0041281 (Caused by ConnectTimeoutError(<HTTPSConnection(host='ifsc.razorpay.com', port=443) at 0x22aff41a850>, 'Connection to ifsc.razorpay.com timed out. (connect timeout=5)'))
2026-01-27 12:39:09,709 - __main__ - ERROR - Error fetching state for CNRB0004324: HTTPSConnectionPool(host='ifsc.razorpay.com', port=443): Max retries exceeded with url: /CNRB0004324 (Caused by ConnectTimeoutError(<HTTPSConnection(host='ifsc.razorpay.com', port=443) at 0x22aff41a5d0>, 'Connection to ifsc.razorpay.com timed out. (connect timeout=5)'))
2026-01-27 12:39:13,918 - __main__ - ERROR - Error fetching state for CNRB0018100: HTTPSConnectionPool(host='ifsc.razorpay.com', port=443): Max retries exceeded with url: /CNRB0018100 (Caused by NameResolutionError("HTTPSConnection(host='ifsc.razorpay.com', port=443): Failed to resolve 'ifsc.razorpay.com' ([Errno 11001] getaddrinfo failed)"))
2026-01-27 12:39:13,919 - __main__ - ERROR - Error fetching state for JAKA0KEELAM: HTTPSConnectionPool(host='ifsc.razorpay.com', port=443): Max retries exceeded with url: /JAKA0KEELAM (Caused by NameResolutionError("HTTPSConnection(host='ifsc.razorpay.com', port=443): Failed to resolve 'ifsc.razorpay.com' ([Errno 11001] getaddrinfo failed)"))
2026-01-27 12:39:13,920 - __main__ - ERROR - Error fetching state for SBIN0009729: HTTPSConnectionPool(host='ifsc.razorpay.com', port=443): Max retries exceeded with url: /SBIN0009729 (Caused by NameResolutionError("HTTPSConnection(host='ifsc.razorpay.com', port=443): Failed to resolve 'ifsc.razorpay.com' ([Errno 11001] getaddrinfo failed)"))
2026-01-27 12:39:13,920 - __main__ - ERROR - Error fetching state for CNRB0005987: HTTPSConnectionPool(host='ifsc.razorpay.com', port=443): Max retries exceeded with url: /CNRB0005987 (Caused by NameResolutionError("HTTPSConnection(host='ifsc.razorpay.com', port=443): Failed to resolve 'ifsc.razorpay.com' ([Errno 11001] getaddrinfo failed)"))
2026-01-27 12:39:13,920 - __main__ - ERROR - Error fetching state for JAKA0KEELAM: HTTPSConnectionPool(host='ifsc.razorpay.com', port=443): Max retries exceeded with url: /JAKA0KEELAM (Caused by NameResolutionError("HTTPSConnection(host='ifsc.razorpay.com', port=443): Failed to resolve 'ifsc.razorpay.com' ([Errno 11001] getaddrinfo failed)"))
2026-01-27 12:39:13,921 - __main__ - ERROR - Error fetching state for UTKS0001802: HTTPSConnectionPool(host='ifsc.razorpay.com', port=443): Max retries exceeded with url: /UTKS0001802 (Caused by NameResolutionError("HTTPSConnection(host='ifsc.razorpay.com', port=443): Failed to resolve 'ifsc.razorpay.com' ([Errno 11001] getaddrinfo failed)"))
2026-01-27 12:39:13,921 - __main__ - ERROR - Error fetching state for IDFB0041281: HTTPSConnectionPool(host='ifsc.razorpay.com', port=443): Max retries exceeded with url: /IDFB0041281 (Caused by NameResolutionError("HTTPSConnection(host='ifsc.razorpay.com', port=443): Failed to resolve 'ifsc.razorpay.com' ([Errno 11001] getaddrinfo failed)"))
2026-01-27 12:39:13,922 - __main__ - ERROR - Error fetching state for CNRB0004324: HTTPSConnectionPool(host='ifsc.razorpay.com', port=443): Max retries exceeded with url: /CNRB0004324 (Caused by NameResolutionError("HTTPSConnection(host='ifsc.razorpay.com', port=443): Failed to resolve 'ifsc.razorpay.com' ([Errno 11001] getaddrinfo failed)"))
2026-01-27 12:39:13,922 - __main__ - ERROR - Error fetching state for IDIB000P007: HTTPSConnectionPool(host='ifsc.razorpay.com', port=443): Max retries exceeded with url: /IDIB000P007 (Caused by NameResolutionError("HTTPSConnection(host='ifsc.razorpay.com', port=443): Failed to resolve 'ifsc.razorpay.com' ([Errno 11001] getaddrinfo failed)"))
2026-01-27 12:39:13,923 - __main__ - ERROR - Error fetching state for IOBA0003777: HTTPSConnectionPool(host='ifsc.razorpay.com', port=443): Max retries exceeded with url: /IOBA0003777 (Caused by NameResolutionError("HTTPSConnection(host='ifsc.razorpay.com', port=443): Failed to resolve 'ifsc.razorpay.com' ([Errno 11001] getaddrinfo failed)"))
2026-01-27 12:39:13,923 - __main__ - ERROR - Error fetching state for DBSS0IN0210: HTTPSConnectionPool(host='ifsc.razorpay.com', port=443): Max retries exceeded with url: /DBSS0IN0210 (Caused by NameResolutionError("HTTPSConnection(host='ifsc.razorpay.com', port=443): Failed to resolve 'ifsc.razorpay.com' ([Errno 11001] getaddrinfo failed)"))
2026-01-27 12:39:13,924 - __main__ - ERROR - Error fetching state for IOBA0000930: HTTPSConnectionPool(host='ifsc.razorpay.com', port=443): Max retries exceeded with url: /IOBA0000930 (Caused by NameResolutionError("HTTPSConnection(host='ifsc.razorpay.com', port=443): Failed to resolve 'ifsc.razorpay.com' ([Errno 11001] getaddrinfo failed)"))
2026-01-27 12:39:13,925 - __main__ - ERROR - Error fetching state for BARB0BUPGBX: HTTPSConnectionPool(host='ifsc.razorpay.com', port=443): Max retries exceeded with url: /BARB0BUPGBX (Caused by NameResolutionError("HTTPSConnection(host='ifsc.razorpay.com', port=443): Failed to resolve 'ifsc.razorpay.com' ([Errno 11001] getaddrinfo failed)"))
2026-01-27 12:39:13,925 - __main__ - ERROR - Error fetching state for SBIN0020068: HTTPSConnectionPool(host='ifsc.razorpay.com', port=443): Max retries exceeded with url: /SBIN0020068 (Caused by NameResolutionError("HTTPSConnection(host='ifsc.razorpay.com', port=443): Failed to resolve 'ifsc.razorpay.com' ([Errno 11001] getaddrinfo failed)"))
2026-01-27 12:39:13,926 - __main__ - ERROR - Error fetching state for IOBA0000930: HTTPSConnectionPool(host='ifsc.razorpay.com', port=443): Max retries exceeded with url: /IOBA0000930 (Caused by NameResolutionError("HTTPSConnection(host='ifsc.razorpay.com', port=443): Failed to resolve 'ifsc.razorpay.com' ([Errno 11001] getaddrinfo failed)"))
2026-01-27 12:39:13,926 - __main__ - ERROR - Error fetching state for PUNB0661400: HTTPSConnectionPool(host='ifsc.razorpay.com', port=443): Max retries exceeded with url: /PUNB0661400 (Caused by NameResolutionError("HTTPSConnection(host='ifsc.razorpay.com', port=443): Failed to resolve 'ifsc.razorpay.com' ([Errno 11001] getaddrinfo failed)"))
2026-01-27 12:39:13,927 - __main__ - ERROR - Error fetching state for IOBA0003777: HTTPSConnectionPool(host='ifsc.razorpay.com', port=443): Max retries exceeded with url: /IOBA0003777 (Caused by NameResolutionError("HTTPSConnection(host='ifsc.razorpay.com', port=443): Failed to resolve 'ifsc.razorpay.com' ([Errno 11001] getaddrinfo failed)"))
2026-01-27 12:39:13,927 - __main__ - ERROR - Error fetching state for CNRB0005925: HTTPSConnectionPool(host='ifsc.razorpay.com', port=443): Max retries exceeded with url: /CNRB0005925 (Caused by NameResolutionError("HTTPSConnection(host='ifsc.razorpay.com', port=443): Failed to resolve 'ifsc.razorpay.com' ([Errno 11001] getaddrinfo failed)"))
2026-01-27 12:39:13,928 - __main__ - ERROR - Error fetching state for DBSS0IN0210: HTTPSConnectionPool(host='ifsc.razorpay.com', port=443): Max retries exceeded with url: /DBSS0IN0210 (Caused by NameResolutionError("HTTPSConnection(host='ifsc.razorpay.com', port=443): Failed to resolve 'ifsc.razorpay.com' ([Errno 11001] getaddrinfo failed)"))
2026-01-27 12:39:13,928 - __main__ - ERROR - Error fetching state for UTKS0001802: HTTPSConnectionPool(host='ifsc.razorpay.com', port=443): Max retries exceeded with url: /UTKS0001802 (Caused by NameResolutionError("HTTPSConnection(host='ifsc.razorpay.com', port=443): Failed to resolve 'ifsc.razorpay.com' ([Errno 11001] getaddrinfo failed)"))
2026-01-27 12:39:25,079 - __main__ - ERROR - Error fetching state for CNRB0002888: HTTPSConnectionPool(host='ifsc.razorpay.com', port=443): Max retries exceeded with url: /CNRB0002888 (Caused by NameResolutionError("HTTPSConnection(host='ifsc.razorpay.com', port=443): Failed to resolve 'ifsc.razorpay.com' ([Errno 11001] getaddrinfo failed)"))
2026-01-27 12:39:25,079 - __main__ - ERROR - Error fetching state for SBIN0009729: HTTPSConnectionPool(host='ifsc.razorpay.com', port=443): Max retries exceeded with url: /SBIN0009729 (Caused by NameResolutionError("HTTPSConnection(host='ifsc.razorpay.com', port=443): Failed to resolve 'ifsc.razorpay.com' ([Errno 11001] getaddrinfo failed)"))
2026-01-27 12:39:25,080 - __main__ - ERROR - Error fetching state for SBIN0020068: HTTPSConnectionPool(host='ifsc.razorpay.com', port=443): Max retries exceeded with url: /SBIN0020068 (Caused by NameResolutionError("HTTPSConnection(host='ifsc.razorpay.com', port=443): Failed to resolve 'ifsc.razorpay.com' ([Errno 11001] getaddrinfo failed)"))
2026-01-27 12:39:25,080 - __main__ - ERROR - Error fetching state for INDB0001032: HTTPSConnectionPool(host='ifsc.razorpay.com', port=443): Max retries exceeded with url: /INDB0001032 (Caused by NameResolutionError("HTTPSConnection(host='ifsc.razorpay.com', port=443): Failed to resolve 'ifsc.razorpay.com' ([Errno 11001] getaddrinfo failed)"))
2026-01-27 12:39:25,081 - __main__ - ERROR - Error fetching state for BARB0BUPGBX: HTTPSConnectionPool(host='ifsc.razorpay.com', port=443): Max retries exceeded with url: /BARB0BUPGBX (Caused by NameResolutionError("HTTPSConnection(host='ifsc.razorpay.com', port=443): Failed to resolve 'ifsc.razorpay.com' ([Errno 11001] getaddrinfo failed)"))
2026-01-27 12:39:25,081 - __main__ - ERROR - Error fetching state for SBIN0000925: HTTPSConnectionPool(host='ifsc.razorpay.com', port=443): Max retries exceeded with url: /SBIN0000925 (Caused by NameResolutionError("HTTPSConnection(host='ifsc.razorpay.com', port=443): Failed to resolve 'ifsc.razorpay.com' ([Errno 11001] getaddrinfo failed)"))
2026-01-27 12:39:25,082 - __main__ - ERROR - Error fetching state for PUNB0661400: HTTPSConnectionPool(host='ifsc.razorpay.com', port=443): Max retries exceeded with url: /PUNB0661400 (Caused by NameResolutionError("HTTPSConnection(host='ifsc.razorpay.com', port=443): Failed to resolve 'ifsc.razorpay.com' ([Errno 11001] getaddrinfo failed)"))
2026-01-27 12:39:25,082 - __main__ - ERROR - Error fetching state for CNRB0005925: HTTPSConnectionPool(host='ifsc.razorpay.com', port=443): Max retries exceeded with url: /CNRB0005925 (Caused by NameResolutionError("HTTPSConnection(host='ifsc.razorpay.com', port=443): Failed to resolve 'ifsc.razorpay.com' ([Errno 11001] getaddrinfo failed)"))
2026-01-27 12:39:25,083 - __main__ - ERROR - Error fetching state for CNRB0002888: HTTPSConnectionPool(host='ifsc.razorpay.com', port=443): Max retries exceeded with url: /CNRB0002888 (Caused by NameResolutionError("HTTPSConnection(host='ifsc.razorpay.com', port=443): Failed to resolve 'ifsc.razorpay.com' ([Errno 11001] getaddrinfo failed)"))
2026-01-27 12:39:25,083 - __main__ - ERROR - Error fetching state for SBIN0000925: HTTPSConnectionPool(host='ifsc.razorpay.com', port=443): Max retries exceeded with url: /SBIN0000925 (Caused by NameResolutionError("HTTPSConnection(host='ifsc.razorpay.com', port=443): Failed to resolve 'ifsc.razorpay.com' ([Errno 11001] getaddrinfo failed)"))
2026-01-27 12:39:25,084 - __main__ - ERROR - Error fetching state for KKBK0004336: HTTPSConnectionPool(host='ifsc.razorpay.com', port=443): Max retries exceeded with url: /KKBK0004336 (Caused by NameResolutionError("HTTPSConnection(host='ifsc.razorpay.com', port=443): Failed to resolve 'ifsc.razorpay.com' ([Errno 11001] getaddrinfo failed)"))
2026-01-27 12:39:25,084 - __main__ - ERROR - Error fetching state for JAKA0ANCHAR: HTTPSConnectionPool(host='ifsc.razorpay.com', port=443): Max retries exceeded with url: /JAKA0ANCHAR (Caused by NameResolutionError("HTTPSConnection(host='ifsc.razorpay.com', port=443): Failed to resolve 'ifsc.razorpay.com' ([Errno 11001] getaddrinfo failed)"))
2026-01-27 12:39:25,084 - __main__ - ERROR - Error fetching state for HDFC0004723: HTTPSConnectionPool(host='ifsc.razorpay.com', port=443): Max retries exceeded with url: /HDFC0004723 (Caused by NameResolutionError("HTTPSConnection(host='ifsc.razorpay.com', port=443): Failed to resolve 'ifsc.razorpay.com' ([Errno 11001] getaddrinfo failed)"))
2026-01-27 12:39:25,085 - __main__ - ERROR - Error fetching state for PUNB0453800: HTTPSConnectionPool(host='ifsc.razorpay.com', port=443): Max retries exceeded with url: /PUNB0453800 (Caused by NameResolutionError("HTTPSConnection(host='ifsc.razorpay.com', port=443): Failed to resolve 'ifsc.razorpay.com' ([Errno 11001] getaddrinfo failed)"))
2026-01-27 12:39:25,085 - __main__ - ERROR - Error fetching state for UBIN0912808: HTTPSConnectionPool(host='ifsc.razorpay.com', port=443): Max retries exceeded with url: /UBIN0912808 (Caused by NameResolutionError("HTTPSConnection(host='ifsc.razorpay.com', port=443): Failed to resolve 'ifsc.razorpay.com' ([Errno 11001] getaddrinfo failed)"))
2026-01-27 12:39:25,085 - __main__ - ERROR - Error fetching state for SBIN0001563: HTTPSConnectionPool(host='ifsc.razorpay.com', port=443): Max retries exceeded with url: /SBIN0001563 (Caused by NameResolutionError("HTTPSConnection(host='ifsc.razorpay.com', port=443): Failed to resolve 'ifsc.razorpay.com' ([Errno 11001] getaddrinfo failed)"))
2026-01-27 12:39:25,086 - __main__ - ERROR - Error fetching state for UBIN0559105: HTTPSConnectionPool(host='ifsc.razorpay.com', port=443): Max retries exceeded with url: /UBIN0559105 (Caused by NameResolutionError("HTTPSConnection(host='ifsc.razorpay.com', port=443): Failed to resolve 'ifsc.razorpay.com' ([Errno 11001] getaddrinfo failed)"))
2026-01-27 12:39:25,086 - __main__ - ERROR - Error fetching state for INDB0001032: HTTPSConnectionPool(host='ifsc.razorpay.com', port=443): Max retries exceeded with url: /INDB0001032 (Caused by NameResolutionError("HTTPSConnection(host='ifsc.razorpay.com', port=443): Failed to resolve 'ifsc.razorpay.com' ([Errno 11001] getaddrinfo failed)"))
2026-01-27 12:39:25,086 - __main__ - ERROR - Error fetching state for KKBK0004336: HTTPSConnectionPool(host='ifsc.razorpay.com', port=443): Max retries exceeded with url: /KKBK0004336 (Caused by NameResolutionError("HTTPSConnection(host='ifsc.razorpay.com', port=443): Failed to resolve 'ifsc.razorpay.com' ([Errno 11001] getaddrinfo failed)"))
2026-01-27 12:39:25,087 - __main__ - ERROR - Error fetching state for HDFC0004723: HTTPSConnectionPool(host='ifsc.razorpay.com', port=443): Max retries exceeded with url: /HDFC0004723 (Caused by NameResolutionError("HTTPSConnection(host='ifsc.razorpay.com', port=443): Failed to resolve 'ifsc.razorpay.com' ([Errno 11001] getaddrinfo failed)"))
2026-01-27 12:39:25,099 - __main__ - ERROR - Error fetching state for UBIN0571423: HTTPSConnectionPool(host='ifsc.razorpay.com', port=443): Max retries exceeded with url: /UBIN0571423 (Caused by NameResolutionError("HTTPSConnection(host='ifsc.razorpay.com', port=443): Failed to resolve 'ifsc.razorpay.com' ([Errno 11001] getaddrinfo failed)"))
2026-01-27 12:39:25,108 - __main__ - ERROR - Error fetching state for JAKA0ANCHAR: HTTPSConnectionPool(host='ifsc.razorpay.com', port=443): Max retries exceeded with url: /JAKA0ANCHAR (Caused by NameResolutionError("HTTPSConnection(host='ifsc.razorpay.com', port=443): Failed to resolve 'ifsc.razorpay.com' ([Errno 11001] getaddrinfo failed)"))
2026-01-27 12:39:25,112 - __main__ - ERROR - Error fetching state for PUNB0453800: HTTPSConnectionPool(host='ifsc.razorpay.com', port=443): Max retries exceeded with url: /PUNB0453800 (Caused by NameResolutionError("HTTPSConnection(host='ifsc.razorpay.com', port=443): Failed to resolve 'ifsc.razorpay.com' ([Errno 11001] getaddrinfo failed)"))
2026-01-27 12:39:25,118 - __main__ - ERROR - Error fetching state for CNRB0011912: HTTPSConnectionPool(host='ifsc.razorpay.com', port=443): Max retries exceeded with url: /CNRB0011912 (Caused by NameResolutionError("HTTPSConnection(host='ifsc.razorpay.com', port=443): Failed to resolve 'ifsc.razorpay.com' ([Errno 11001] getaddrinfo failed)"))
2026-01-27 12:39:25,133 - __main__ - ERROR - Error fetching state for UBIN0912808: HTTPSConnectionPool(host='ifsc.razorpay.com', port=443): Max retries exceeded with url: /UBIN0912808 (Caused by NameResolutionError("HTTPSConnection(host='ifsc.razorpay.com', port=443): Failed to resolve 'ifsc.razorpay.com' ([Errno 11001] getaddrinfo failed)"))
2026-01-27 12:39:25,136 - __main__ - ERROR - Error fetching state for CNRB0000213: HTTPSConnectionPool(host='ifsc.razorpay.com', port=443): Max retries exceeded with url: /CNRB0000213 (Caused by NameResolutionError("HTTPSConnection(host='ifsc.razorpay.com', port=443): Failed to resolve 'ifsc.razorpay.com' ([Errno 11001] getaddrinfo failed)"))
2026-01-27 12:39:25,154 - __main__ - ERROR - Error fetching state for UBIN0559105: HTTPSConnectionPool(host='ifsc.razorpay.com', port=443): Max retries exceeded with url: /UBIN0559105 (Caused by NameResolutionError("HTTPSConnection(host='ifsc.razorpay.com', port=443): Failed to resolve 'ifsc.razorpay.com' ([Errno 11001] getaddrinfo failed)"))
2026-01-27 12:39:25,154 - __main__ - ERROR - Error fetching state for SBIN0001563: HTTPSConnectionPool(host='ifsc.razorpay.com', port=443): Max retries exceeded with url: /SBIN0001563 (Caused by NameResolutionError("HTTPSConnection(host='ifsc.razorpay.com', port=443): Failed to resolve 'ifsc.razorpay.com' ([Errno 11001] getaddrinfo failed)"))
2026-01-27 12:39:25,162 - __main__ - ERROR - Error fetching state for UBIN0571423: HTTPSConnectionPool(host='ifsc.razorpay.com', port=443): Max retries exceeded with url: /UBIN0571423 (Caused by NameResolutionError("HTTPSConnection(host='ifsc.razorpay.com', port=443): Failed to resolve 'ifsc.razorpay.com' ([Errno 11001] getaddrinfo failed)"))
2026-01-27 12:39:25,170 - __main__ - ERROR - Error fetching state for CNRB0011912: HTTPSConnectionPool(host='ifsc.razorpay.com', port=443): Max retries exceeded with url: /CNRB0011912 (Caused by NameResolutionError("HTTPSConnection(host='ifsc.razorpay.com', port=443): Failed to resolve 'ifsc.razorpay.com' ([Errno 11001] getaddrinfo failed)"))
2026-01-27 12:39:25,174 - __main__ - ERROR - Error fetching state for PUNB0171120: HTTPSConnectionPool(host='ifsc.razorpay.com', port=443): Max retries exceeded with url: /PUNB0171120 (Caused by NameResolutionError("HTTPSConnection(host='ifsc.razorpay.com', port=443): Failed to resolve 'ifsc.razorpay.com' ([Errno 11001] getaddrinfo failed)"))
2026-01-27 12:39:25,180 - __main__ - ERROR - Error fetching state for HDFC0002157: HTTPSConnectionPool(host='ifsc.razorpay.com', port=443): Max retries exceeded with url: /HDFC0002157 (Caused by NameResolutionError("HTTPSConnection(host='ifsc.razorpay.com', port=443): Failed to resolve 'ifsc.razorpay.com' ([Errno 11001] getaddrinfo failed)"))
2026-01-27 12:39:25,185 - __main__ - ERROR - Error fetching state for JAKA0KASTIG: HTTPSConnectionPool(host='ifsc.razorpay.com', port=443): Max retries exceeded with url: /JAKA0KASTIG (Caused by NameResolutionError("HTTPSConnection(host='ifsc.razorpay.com', port=443): Failed to resolve 'ifsc.razorpay.com' ([Errno 11001] getaddrinfo failed)"))
2026-01-27 12:39:25,187 - __main__ - ERROR - Error fetching state for SBIN0009195: HTTPSConnectionPool(host='ifsc.razorpay.com', port=443): Max retries exceeded with url: /SBIN0009195 (Caused by NameResolutionError("HTTPSConnection(host='ifsc.razorpay.com', port=443): Failed to resolve 'ifsc.razorpay.com' ([Errno 11001] getaddrinfo failed)"))
2026-01-27 12:39:25,198 - __main__ - ERROR - Error fetching state for BARB0PURPIL: HTTPSConnectionPool(host='ifsc.razorpay.com', port=443): Max retries exceeded with url: /BARB0PURPIL (Caused by NameResolutionError("HTTPSConnection(host='ifsc.razorpay.com', port=443): Failed to resolve 'ifsc.razorpay.com' ([Errno 11001] getaddrinfo failed)"))
2026-01-27 12:39:25,206 - __main__ - ERROR - Error fetching state for SBIN0012393: HTTPSConnectionPool(host='ifsc.razorpay.com', port=443): Max retries exceeded with url: /SBIN0012393 (Caused by NameResolutionError("HTTPSConnection(host='ifsc.razorpay.com', port=443): Failed to resolve 'ifsc.razorpay.com' ([Errno 11001] getaddrinfo failed)"))
2026-01-27 12:39:25,207 - __main__ - ERROR - Error fetching state for CNRB0004533: HTTPSConnectionPool(host='ifsc.razorpay.com', port=443): Max retries exceeded with url: /CNRB0004533 (Caused by NameResolutionError("HTTPSConnection(host='ifsc.razorpay.com', port=443): Failed to resolve 'ifsc.razorpay.com' ([Errno 11001] getaddrinfo failed)"))
2026-01-27 12:39:25,212 - __main__ - ERROR - Error fetching state for CNRB0000213: HTTPSConnectionPool(host='ifsc.razorpay.com', port=443): Max retries exceeded with url: /CNRB0000213 (Caused by NameResolutionError("HTTPSConnection(host='ifsc.razorpay.com', port=443): Failed to resolve 'ifsc.razorpay.com' ([Errno 11001] getaddrinfo failed)"))
2026-01-27 12:39:25,226 - __main__ - ERROR - Error fetching state for HDFC0002157: HTTPSConnectionPool(host='ifsc.razorpay.com', port=443): Max retries exceeded with url: /HDFC0002157 (Caused by NameResolutionError("HTTPSConnection(host='ifsc.razorpay.com', port=443): Failed to resolve 'ifsc.razorpay.com' ([Errno 11001] getaddrinfo failed)"))
2026-01-27 12:39:25,229 - __main__ - ERROR - Error fetching state for PUNB0171120: HTTPSConnectionPool(host='ifsc.razorpay.com', port=443): Max retries exceeded with url: /PUNB0171120 (Caused by NameResolutionError("HTTPSConnection(host='ifsc.razorpay.com', port=443): Failed to resolve 'ifsc.razorpay.com' ([Errno 11001] getaddrinfo failed)"))
2026-01-27 12:39:25,233 - __main__ - ERROR - Error fetching state for UTIB0001782: HTTPSConnectionPool(host='ifsc.razorpay.com', port=443): Max retries exceeded with url: /UTIB0001782 (Caused by NameResolutionError("HTTPSConnection(host='ifsc.razorpay.com', port=443): Failed to resolve 'ifsc.razorpay.com' ([Errno 11001] getaddrinfo failed)"))
2026-01-27 12:39:25,243 - __main__ - ERROR - Error fetching state for JAKA0KASTIG: HTTPSConnectionPool(host='ifsc.razorpay.com', port=443): Max retries exceeded with url: /JAKA0KASTIG (Caused by NameResolutionError("HTTPSConnection(host='ifsc.razorpay.com', port=443): Failed to resolve 'ifsc.razorpay.com' ([Errno 11001] getaddrinfo failed)"))
2026-01-27 12:39:25,245 - __main__ - ERROR - Error fetching state for SBIN0009195: HTTPSConnectionPool(host='ifsc.razorpay.com', port=443): Max retries exceeded with url: /SBIN0009195 (Caused by NameResolutionError("HTTPSConnection(host='ifsc.razorpay.com', port=443): Failed to resolve 'ifsc.razorpay.com' ([Errno 11001] getaddrinfo failed)"))
2026-01-27 12:39:25,253 - __main__ - ERROR - Error fetching state for SBIN0000360: HTTPSConnectionPool(host='ifsc.razorpay.com', port=443): Max retries exceeded with url: /SBIN0000360 (Caused by NameResolutionError("HTTPSConnection(host='ifsc.razorpay.com', port=443): Failed to resolve 'ifsc.razorpay.com' ([Errno 11001] getaddrinfo failed)"))
2026-01-27 12:39:25,254 - __main__ - ERROR - Error fetching state for BARB0PURPIL: HTTPSConnectionPool(host='ifsc.razorpay.com', port=443): Max retries exceeded with url: /BARB0PURPIL (Caused by NameResolutionError("HTTPSConnection(host='ifsc.razorpay.com', port=443): Failed to resolve 'ifsc.razorpay.com' ([Errno 11001] getaddrinfo failed)"))
2026-01-27 12:39:25,257 - __main__ - ERROR - Error fetching state for CNRB0002171: HTTPSConnectionPool(host='ifsc.razorpay.com', port=443): Max retries exceeded with url: /CNRB0002171 (Caused by NameResolutionError("HTTPSConnection(host='ifsc.razorpay.com', port=443): Failed to resolve 'ifsc.razorpay.com' ([Errno 11001] getaddrinfo failed)"))
2026-01-27 12:39:25,270 - __main__ - ERROR - Error fetching state for CNRB0004533: HTTPSConnectionPool(host='ifsc.razorpay.com', port=443): Max retries exceeded with url: /CNRB0004533 (Caused by NameResolutionError("HTTPSConnection(host='ifsc.razorpay.com', port=443): Failed to resolve 'ifsc.razorpay.com' ([Errno 11001] getaddrinfo failed)"))
2026-01-27 12:39:25,278 - __main__ - ERROR - Error fetching state for SBIN0012393: HTTPSConnectionPool(host='ifsc.razorpay.com', port=443): Max retries exceeded with url: /SBIN0012393 (Caused by NameResolutionError("HTTPSConnection(host='ifsc.razorpay.com', port=443): Failed to resolve 'ifsc.razorpay.com' ([Errno 11001] getaddrinfo failed)"))
2026-01-27 12:39:25,279 - __main__ - ERROR - Error fetching state for UTIB0001782: HTTPSConnectionPool(host='ifsc.razorpay.com', port=443): Max retries exceeded with url: /UTIB0001782 (Caused by NameResolutionError("HTTPSConnection(host='ifsc.razorpay.com', port=443): Failed to resolve 'ifsc.razorpay.com' ([Errno 11001] getaddrinfo failed)"))
2026-01-27 12:39:25,289 - __main__ - ERROR - Error fetching state for SBIN0000360: HTTPSConnectionPool(host='ifsc.razorpay.com', port=443): Max retries exceeded with url: /SBIN0000360 (Caused by NameResolutionError("HTTPSConnection(host='ifsc.razorpay.com', port=443): Failed to resolve 'ifsc.razorpay.com' ([Errno 11001] getaddrinfo failed)"))
2026-01-27 12:39:25,291 - __main__ - ERROR - Error fetching state for BDBL0001351: HTTPSConnectionPool(host='ifsc.razorpay.com', port=443): Max retries exceeded with url: /BDBL0001351 (Caused by NameResolutionError("HTTPSConnection(host='ifsc.razorpay.com', port=443): Failed to resolve 'ifsc.razorpay.com' ([Errno 11001] getaddrinfo failed)"))
2026-01-27 12:39:25,298 - __main__ - ERROR - Error fetching state for SBIN0002014: HTTPSConnectionPool(host='ifsc.razorpay.com', port=443): Max retries exceeded with url: /SBIN0002014 (Caused by NameResolutionError("HTTPSConnection(host='ifsc.razorpay.com', port=443): Failed to resolve 'ifsc.razorpay.com' ([Errno 11001] getaddrinfo failed)"))
2026-01-27 12:39:25,306 - __main__ - ERROR - Error fetching state for PUNB0498900: HTTPSConnectionPool(host='ifsc.razorpay.com', port=443): Max retries exceeded with url: /PUNB0498900 (Caused by NameResolutionError("HTTPSConnection(host='ifsc.razorpay.com', port=443): Failed to resolve 'ifsc.razorpay.com' ([Errno 11001] getaddrinfo failed)"))
2026-01-27 12:39:25,311 - __main__ - ERROR - Error fetching state for CNRB0001759: HTTPSConnectionPool(host='ifsc.razorpay.com', port=443): Max retries exceeded with url: /CNRB0001759 (Caused by NameResolutionError("HTTPSConnection(host='ifsc.razorpay.com', port=443): Failed to resolve 'ifsc.razorpay.com' ([Errno 11001] getaddrinfo failed)"))
2026-01-27 12:39:25,313 - __main__ - ERROR - Error fetching state for UTIB0001956: HTTPSConnectionPool(host='ifsc.razorpay.com', port=443): Max retries exceeded with url: /UTIB0001956 (Caused by NameResolutionError("HTTPSConnection(host='ifsc.razorpay.com', port=443): Failed to resolve 'ifsc.razorpay.com' ([Errno 11001] getaddrinfo failed)"))
2026-01-27 12:39:25,313 - __main__ - ERROR - Error fetching state for CNRB0004580: HTTPSConnectionPool(host='ifsc.razorpay.com', port=443): Max retries exceeded with url: /CNRB0004580 (Caused by NameResolutionError("HTTPSConnection(host='ifsc.razorpay.com', port=443): Failed to resolve 'ifsc.razorpay.com' ([Errno 11001] getaddrinfo failed)"))
2026-01-27 12:39:25,324 - __main__ - ERROR - Error fetching state for CNRB0002171: HTTPSConnectionPool(host='ifsc.razorpay.com', port=443): Max retries exceeded with url: /CNRB0002171 (Caused by NameResolutionError("HTTPSConnection(host='ifsc.razorpay.com', port=443): Failed to resolve 'ifsc.razorpay.com' ([Errno 11001] getaddrinfo failed)"))
2026-01-27 12:39:25,324 - __main__ - ERROR - Error fetching state for IDIB000N538: HTTPSConnectionPool(host='ifsc.razorpay.com', port=443): Max retries exceeded with url: /IDIB000N538 (Caused by NameResolutionError("HTTPSConnection(host='ifsc.razorpay.com', port=443): Failed to resolve 'ifsc.razorpay.com' ([Errno 11001] getaddrinfo failed)"))
2026-01-27 12:39:25,336 - __main__ - ERROR - Error fetching state for SBIN0002014: HTTPSConnectionPool(host='ifsc.razorpay.com', port=443): Max retries exceeded with url: /SBIN0002014 (Caused by NameResolutionError("HTTPSConnection(host='ifsc.razorpay.com', port=443): Failed to resolve 'ifsc.razorpay.com' ([Errno 11001] getaddrinfo failed)"))
2026-01-27 12:39:25,337 - __main__ - ERROR - Error fetching state for BDBL0001351: HTTPSConnectionPool(host='ifsc.razorpay.com', port=443): Max retries exceeded with url: /BDBL0001351 (Caused by NameResolutionError("HTTPSConnection(host='ifsc.razorpay.com', port=443): Failed to resolve 'ifsc.razorpay.com' ([Errno 11001] getaddrinfo failed)"))
2026-01-27 12:39:25,351 - __main__ - ERROR - Error fetching state for SPCB0251019: HTTPSConnectionPool(host='ifsc.razorpay.com', port=443): Max retries exceeded with url: /SPCB0251019 (Caused by NameResolutionError("HTTPSConnection(host='ifsc.razorpay.com', port=443): Failed to resolve 'ifsc.razorpay.com' ([Errno 11001] getaddrinfo failed)"))
2026-01-27 12:39:25,352 - __main__ - ERROR - Error fetching state for PUNB0498900: HTTPSConnectionPool(host='ifsc.razorpay.com', port=443): Max retries exceeded with url: /PUNB0498900 (Caused by NameResolutionError("HTTPSConnection(host='ifsc.razorpay.com', port=443): Failed to resolve 'ifsc.razorpay.com' ([Errno 11001] getaddrinfo failed)"))
2026-01-27 12:39:25,357 - __main__ - ERROR - Error fetching state for CNRB0004580: HTTPSConnectionPool(host='ifsc.razorpay.com', port=443): Max retries exceeded with url: /CNRB0004580 (Caused by NameResolutionError("HTTPSConnection(host='ifsc.razorpay.com', port=443): Failed to resolve 'ifsc.razorpay.com' ([Errno 11001] getaddrinfo failed)"))
2026-01-27 12:39:25,358 - __main__ - ERROR - Error fetching state for HDFC0000239: HTTPSConnectionPool(host='ifsc.razorpay.com', port=443): Max retries exceeded with url: /HDFC0000239 (Caused by NameResolutionError("HTTPSConnection(host='ifsc.razorpay.com', port=443): Failed to resolve 'ifsc.razorpay.com' ([Errno 11001] getaddrinfo failed)"))
2026-01-27 12:39:25,362 - __main__ - ERROR - Error fetching state for CNRB0001759: HTTPSConnectionPool(host='ifsc.razorpay.com', port=443): Max retries exceeded with url: /CNRB0001759 (Caused by NameResolutionError("HTTPSConnection(host='ifsc.razorpay.com', port=443): Failed to resolve 'ifsc.razorpay.com' ([Errno 11001] getaddrinfo failed)"))
2026-01-27 12:39:25,367 - __main__ - ERROR - Error fetching state for HDFC0001896: HTTPSConnectionPool(host='ifsc.razorpay.com', port=443): Max retries exceeded with url: /HDFC0001896 (Caused by NameResolutionError("HTTPSConnection(host='ifsc.razorpay.com', port=443): Failed to resolve 'ifsc.razorpay.com' ([Errno 11001] getaddrinfo failed)"))
2026-01-27 12:39:25,372 - __main__ - ERROR - Error fetching state for IDIB000N538: HTTPSConnectionPool(host='ifsc.razorpay.com', port=443): Max retries exceeded with url: /IDIB000N538 (Caused by NameResolutionError("HTTPSConnection(host='ifsc.razorpay.com', port=443): Failed to resolve 'ifsc.razorpay.com' ([Errno 11001] getaddrinfo failed)"))
2026-01-27 12:39:25,376 - __main__ - ERROR - Error fetching state for UTIB0001956: HTTPSConnectionPool(host='ifsc.razorpay.com', port=443): Max retries exceeded with url: /UTIB0001956 (Caused by NameResolutionError("HTTPSConnection(host='ifsc.razorpay.com', port=443): Failed to resolve 'ifsc.razorpay.com' ([Errno 11001] getaddrinfo failed)"))
2026-01-27 12:39:25,387 - __main__ - ERROR - Error fetching state for HDFC0000239: HTTPSConnectionPool(host='ifsc.razorpay.com', port=443): Max retries exceeded with url: /HDFC0000239 (Caused by NameResolutionError("HTTPSConnection(host='ifsc.razorpay.com', port=443): Failed to resolve 'ifsc.razorpay.com' ([Errno 11001] getaddrinfo failed)"))
2026-01-27 12:39:25,388 - __main__ - ERROR - Error fetching state for SPCB0251019: HTTPSConnectionPool(host='ifsc.razorpay.com', port=443): Max retries exceeded with url: /SPCB0251019 (Caused by NameResolutionError("HTTPSConnection(host='ifsc.razorpay.com', port=443): Failed to resolve 'ifsc.razorpay.com' ([Errno 11001] getaddrinfo failed)"))
2026-01-27 12:39:25,393 - __main__ - ERROR - Error fetching state for SBIN0007034: HTTPSConnectionPool(host='ifsc.razorpay.com', port=443): Max retries exceeded with url: /SBIN0007034 (Caused by NameResolutionError("HTTPSConnection(host='ifsc.razorpay.com', port=443): Failed to resolve 'ifsc.razorpay.com' ([Errno 11001] getaddrinfo failed)"))
2026-01-27 12:39:25,408 - __main__ - ERROR - Error fetching state for CNRB0010546: HTTPSConnectionPool(host='ifsc.razorpay.com', port=443): Max retries exceeded with url: /CNRB0010546 (Caused by NameResolutionError("HTTPSConnection(host='ifsc.razorpay.com', port=443): Failed to resolve 'ifsc.razorpay.com' ([Errno 11001] getaddrinfo failed)"))
2026-01-27 12:39:25,412 - __main__ - ERROR - Error fetching state for CNRB0006317: HTTPSConnectionPool(host='ifsc.razorpay.com', port=443): Max retries exceeded with url: /CNRB0006317 (Caused by NameResolutionError("HTTPSConnection(host='ifsc.razorpay.com', port=443): Failed to resolve 'ifsc.razorpay.com' ([Errno 11001] getaddrinfo failed)"))
2026-01-27 12:39:25,421 - __main__ - ERROR - Error fetching state for IBKL0000269: HTTPSConnectionPool(host='ifsc.razorpay.com', port=443): Max retries exceeded with url: /IBKL0000269 (Caused by NameResolutionError("HTTPSConnection(host='ifsc.razorpay.com', port=443): Failed to resolve 'ifsc.razorpay.com' ([Errno 11001] getaddrinfo failed)"))
2026-01-27 12:39:25,427 - __main__ - ERROR - Error fetching state for AUBL0002643: HTTPSConnectionPool(host='ifsc.razorpay.com', port=443): Max retries exceeded with url: /AUBL0002643 (Caused by NameResolutionError("HTTPSConnection(host='ifsc.razorpay.com', port=443): Failed to resolve 'ifsc.razorpay.com' ([Errno 11001] getaddrinfo failed)"))
2026-01-27 12:39:25,428 - __main__ - ERROR - Error fetching state for SBIN0008031: HTTPSConnectionPool(host='ifsc.razorpay.com', port=443): Max retries exceeded with url: /SBIN0008031 (Caused by NameResolutionError("HTTPSConnection(host='ifsc.razorpay.com', port=443): Failed to resolve 'ifsc.razorpay.com' ([Errno 11001] getaddrinfo failed)"))
2026-01-27 12:39:25,432 - __main__ - ERROR - Error fetching state for SBIN0016765: HTTPSConnectionPool(host='ifsc.razorpay.com', port=443): Max retries exceeded with url: /SBIN0016765 (Caused by NameResolutionError("HTTPSConnection(host='ifsc.razorpay.com', port=443): Failed to resolve 'ifsc.razorpay.com' ([Errno 11001] getaddrinfo failed)"))
2026-01-27 12:39:25,437 - __main__ - ERROR - Error fetching state for HDFC0001896: HTTPSConnectionPool(host='ifsc.razorpay.com', port=443): Max retries exceeded with url: /HDFC0001896 (Caused by NameResolutionError("HTTPSConnection(host='ifsc.razorpay.com', port=443): Failed to resolve 'ifsc.razorpay.com' ([Errno 11001] getaddrinfo failed)"))
2026-01-27 12:39:25,444 - __main__ - ERROR - Error fetching state for SBIN0007034: HTTPSConnectionPool(host='ifsc.razorpay.com', port=443): Max retries exceeded with url: /SBIN0007034 (Caused by NameResolutionError("HTTPSConnection(host='ifsc.razorpay.com', port=443): Failed to resolve 'ifsc.razorpay.com' ([Errno 11001] getaddrinfo failed)"))
2026-01-27 12:39:25,446 - __main__ - ERROR - Error fetching state for CNRB0010546: HTTPSConnectionPool(host='ifsc.razorpay.com', port=443): Max retries exceeded with url: /CNRB0010546 (Caused by NameResolutionError("HTTPSConnection(host='ifsc.razorpay.com', port=443): Failed to resolve 'ifsc.razorpay.com' ([Errno 11001] getaddrinfo failed)"))
2026-01-27 12:39:25,454 - __main__ - ERROR - Error fetching state for SBIN0000806: HTTPSConnectionPool(host='ifsc.razorpay.com', port=443): Max retries exceeded with url: /SBIN0000806 (Caused by NameResolutionError("HTTPSConnection(host='ifsc.razorpay.com', port=443): Failed to resolve 'ifsc.razorpay.com' ([Errno 11001] getaddrinfo failed)"))
2026-01-27 12:39:25,463 - __main__ - ERROR - Error fetching state for IBKL0000269: HTTPSConnectionPool(host='ifsc.razorpay.com', port=443): Max retries exceeded with url: /IBKL0000269 (Caused by NameResolutionError("HTTPSConnection(host='ifsc.razorpay.com', port=443): Failed to resolve 'ifsc.razorpay.com' ([Errno 11001] getaddrinfo failed)"))
2026-01-27 12:39:25,468 - __main__ - ERROR - Error fetching state for SBIN0009401: HTTPSConnectionPool(host='ifsc.razorpay.com', port=443): Max retries exceeded with url: /SBIN0009401 (Caused by NameResolutionError("HTTPSConnection(host='ifsc.razorpay.com', port=443): Failed to resolve 'ifsc.razorpay.com' ([Errno 11001] getaddrinfo failed)"))
2026-01-27 12:39:25,470 - __main__ - ERROR - Error fetching state for CNRB0006317: HTTPSConnectionPool(host='ifsc.razorpay.com', port=443): Max retries exceeded with url: /CNRB0006317 (Caused by NameResolutionError("HTTPSConnection(host='ifsc.razorpay.com', port=443): Failed to resolve 'ifsc.razorpay.com' ([Errno 11001] getaddrinfo failed)"))
2026-01-27 12:39:25,474 - __main__ - ERROR - Error fetching state for AUBL0002643: HTTPSConnectionPool(host='ifsc.razorpay.com', port=443): Max retries exceeded with url: /AUBL0002643 (Caused by NameResolutionError("HTTPSConnection(host='ifsc.razorpay.com', port=443): Failed to resolve 'ifsc.razorpay.com' ([Errno 11001] getaddrinfo failed)"))
2026-01-27 12:39:25,481 - __main__ - ERROR - Error fetching state for JAKA0AKHNOR: HTTPSConnectionPool(host='ifsc.razorpay.com', port=443): Max retries exceeded with url: /JAKA0AKHNOR (Caused by NameResolutionError("HTTPSConnection(host='ifsc.razorpay.com', port=443): Failed to resolve 'ifsc.razorpay.com' ([Errno 11001] getaddrinfo failed)"))
2026-01-27 12:39:25,482 - __main__ - ERROR - Error fetching state for SBIN0016765: HTTPSConnectionPool(host='ifsc.razorpay.com', port=443): Max retries exceeded with url: /SBIN0016765 (Caused by NameResolutionError("HTTPSConnection(host='ifsc.razorpay.com', port=443): Failed to resolve 'ifsc.razorpay.com' ([Errno 11001] getaddrinfo failed)"))
2026-01-27 12:39:25,491 - __main__ - ERROR - Error fetching state for SBIN0000806: HTTPSConnectionPool(host='ifsc.razorpay.com', port=443): Max retries exceeded with url: /SBIN0000806 (Caused by NameResolutionError("HTTPSConnection(host='ifsc.razorpay.com', port=443): Failed to resolve 'ifsc.razorpay.com' ([Errno 11001] getaddrinfo failed)"))
2026-01-27 12:39:25,504 - __main__ - ERROR - Error fetching state for SBIN0008031: HTTPSConnectionPool(host='ifsc.razorpay.com', port=443): Max retries exceeded with url: /SBIN0008031 (Caused by NameResolutionError("HTTPSConnection(host='ifsc.razorpay.com', port=443): Failed to resolve 'ifsc.razorpay.com' ([Errno 11001] getaddrinfo failed)"))
2026-01-27 12:39:25,505 - __main__ - ERROR - Error fetching state for SBIN0009401: HTTPSConnectionPool(host='ifsc.razorpay.com', port=443): Max retries exceeded with url: /SBIN0009401 (Caused by NameResolutionError("HTTPSConnection(host='ifsc.razorpay.com', port=443): Failed to resolve 'ifsc.razorpay.com' ([Errno 11001] getaddrinfo failed)"))
2026-01-27 12:39:25,519 - __main__ - ERROR - Error fetching state for SBIN0040456: HTTPSConnectionPool(host='ifsc.razorpay.com', port=443): Max retries exceeded with url: /SBIN0040456 (Caused by NameResolutionError("HTTPSConnection(host='ifsc.razorpay.com', port=443): Failed to resolve 'ifsc.razorpay.com' ([Errno 11001] getaddrinfo failed)"))
2026-01-27 12:39:25,520 - __main__ - ERROR - Error fetching state for SBIN0021830: HTTPSConnectionPool(host='ifsc.razorpay.com', port=443): Max retries exceeded with url: /SBIN0021830 (Caused by NameResolutionError("HTTPSConnection(host='ifsc.razorpay.com', port=443): Failed to resolve 'ifsc.razorpay.com' ([Errno 11001] getaddrinfo failed)"))
2026-01-27 12:39:25,521 - __main__ - ERROR - Error fetching state for SBIN0032262: HTTPSConnectionPool(host='ifsc.razorpay.com', port=443): Max retries exceeded with url: /SBIN0032262 (Caused by NameResolutionError("HTTPSConnection(host='ifsc.razorpay.com', port=443): Failed to resolve 'ifsc.razorpay.com' ([Errno 11001] getaddrinfo failed)"))
2026-01-27 12:39:25,523 - __main__ - ERROR - Error fetching state for NSPB0000002: HTTPSConnectionPool(host='ifsc.razorpay.com', port=443): Max retries exceeded with url: /NSPB0000002 (Caused by NameResolutionError("HTTPSConnection(host='ifsc.razorpay.com', port=443): Failed to resolve 'ifsc.razorpay.com' ([Errno 11001] getaddrinfo failed)"))
2026-01-27 12:39:25,532 - __main__ - ERROR - Error fetching state for RATN0000262: HTTPSConnectionPool(host='ifsc.razorpay.com', port=443): Max retries exceeded with url: /RATN0000262 (Caused by NameResolutionError("HTTPSConnection(host='ifsc.razorpay.com', port=443): Failed to resolve 'ifsc.razorpay.com' ([Errno 11001] getaddrinfo failed)"))
2026-01-27 12:39:25,533 - __main__ - ERROR - Error fetching state for CNRB0000757: HTTPSConnectionPool(host='ifsc.razorpay.com', port=443): Max retries exceeded with url: /CNRB0000757 (Caused by NameResolutionError("HTTPSConnection(host='ifsc.razorpay.com', port=443): Failed to resolve 'ifsc.razorpay.com' ([Errno 11001] getaddrinfo failed)"))
2026-01-27 12:39:25,542 - __main__ - ERROR - Error fetching state for PUNB0107320: HTTPSConnectionPool(host='ifsc.razorpay.com', port=443): Max retries exceeded with url: /PUNB0107320 (Caused by NameResolutionError("HTTPSConnection(host='ifsc.razorpay.com', port=443): Failed to resolve 'ifsc.razorpay.com' ([Errno 11001] getaddrinfo failed)"))
2026-01-27 12:39:25,545 - __main__ - ERROR - Error fetching state for SBIN0021830: HTTPSConnectionPool(host='ifsc.razorpay.com', port=443): Max retries exceeded with url: /SBIN0021830 (Caused by NameResolutionError("HTTPSConnection(host='ifsc.razorpay.com', port=443): Failed to resolve 'ifsc.razorpay.com' ([Errno 11001] getaddrinfo failed)"))
2026-01-27 12:39:25,546 - __main__ - ERROR - Error fetching state for JAKA0AKHNOR: HTTPSConnectionPool(host='ifsc.razorpay.com', port=443): Max retries exceeded with url: /JAKA0AKHNOR (Caused by NameResolutionError("HTTPSConnection(host='ifsc.razorpay.com', port=443): Failed to resolve 'ifsc.razorpay.com' ([Errno 11001] getaddrinfo failed)"))
2026-01-27 12:39:25,557 - __main__ - ERROR - Error fetching state for BARB0EXTLUC: HTTPSConnectionPool(host='ifsc.razorpay.com', port=443): Max retries exceeded with url: /BARB0EXTLUC (Caused by NameResolutionError("HTTPSConnection(host='ifsc.razorpay.com', port=443): Failed to resolve 'ifsc.razorpay.com' ([Errno 11001] getaddrinfo failed)"))
2026-01-27 12:39:25,558 - __main__ - ERROR - Error fetching state for SBIN0040456: HTTPSConnectionPool(host='ifsc.razorpay.com', port=443): Max retries exceeded with url: /SBIN0040456 (Caused by NameResolutionError("HTTPSConnection(host='ifsc.razorpay.com', port=443): Failed to resolve 'ifsc.razorpay.com' ([Errno 11001] getaddrinfo failed)"))
2026-01-27 12:39:25,563 - __main__ - ERROR - Error fetching state for SBIN0032262: HTTPSConnectionPool(host='ifsc.razorpay.com', port=443): Max retries exceeded with url: /SBIN0032262 (Caused by NameResolutionError("HTTPSConnection(host='ifsc.razorpay.com', port=443): Failed to resolve 'ifsc.razorpay.com' ([Errno 11001] getaddrinfo failed)"))
2026-01-27 12:39:25,574 - __main__ - ERROR - Error fetching state for AIRP0000001: HTTPSConnectionPool(host='ifsc.razorpay.com', port=443): Max retries exceeded with url: /AIRP0000001 (Caused by NameResolutionError("HTTPSConnection(host='ifsc.razorpay.com', port=443): Failed to resolve 'ifsc.razorpay.com' ([Errno 11001] getaddrinfo failed)"))
2026-01-27 12:39:25,579 - __main__ - ERROR - Error fetching state for NSPB0000002: HTTPSConnectionPool(host='ifsc.razorpay.com', port=443): Max retries exceeded with url: /NSPB0000002 (Caused by NameResolutionError("HTTPSConnection(host='ifsc.razorpay.com', port=443): Failed to resolve 'ifsc.razorpay.com' ([Errno 11001] getaddrinfo failed)"))
2026-01-27 12:39:25,579 - __main__ - ERROR - Error fetching state for CNRB0000757: HTTPSConnectionPool(host='ifsc.razorpay.com', port=443): Max retries exceeded with url: /CNRB0000757 (Caused by NameResolutionError("HTTPSConnection(host='ifsc.razorpay.com', port=443): Failed to resolve 'ifsc.razorpay.com' ([Errno 11001] getaddrinfo failed)"))
2026-01-27 12:39:25,588 - __main__ - ERROR - Error fetching state for RATN0000262: HTTPSConnectionPool(host='ifsc.razorpay.com', port=443): Max retries exceeded with url: /RATN0000262 (Caused by NameResolutionError("HTTPSConnection(host='ifsc.razorpay.com', port=443): Failed to resolve 'ifsc.razorpay.com' ([Errno 11001] getaddrinfo failed)"))
2026-01-27 12:39:25,590 - __main__ - ERROR - Error fetching state for SIBL0000078: HTTPSConnectionPool(host='ifsc.razorpay.com', port=443): Max retries exceeded with url: /SIBL0000078 (Caused by NameResolutionError("HTTPSConnection(host='ifsc.razorpay.com', port=443): Failed to resolve 'ifsc.razorpay.com' ([Errno 11001] getaddrinfo failed)"))
2026-01-27 12:39:25,593 - __main__ - ERROR - Error fetching state for PUNB0107320: HTTPSConnectionPool(host='ifsc.razorpay.com', port=443): Max retries exceeded with url: /PUNB0107320 (Caused by NameResolutionError("HTTPSConnection(host='ifsc.razorpay.com', port=443): Failed to resolve 'ifsc.razorpay.com' ([Errno 11001] getaddrinfo failed)"))
2026-01-27 12:39:25,597 - __main__ - ERROR - Error fetching state for BARB0EXTLUC: HTTPSConnectionPool(host='ifsc.razorpay.com', port=443): Max retries exceeded with url: /BARB0EXTLUC (Caused by NameResolutionError("HTTPSConnection(host='ifsc.razorpay.com', port=443): Failed to resolve 'ifsc.razorpay.com' ([Errno 11001] getaddrinfo failed)"))
2026-01-27 12:39:25,608 - __main__ - ERROR - Error fetching state for AIRP0000001: HTTPSConnectionPool(host='ifsc.razorpay.com', port=443): Max retries exceeded with url: /AIRP0000001 (Caused by NameResolutionError("HTTPSConnection(host='ifsc.razorpay.com', port=443): Failed to resolve 'ifsc.razorpay.com' ([Errno 11001] getaddrinfo failed)"))
2026-01-27 12:39:25,609 - __main__ - ERROR - Error fetching state for IDIB000K357: HTTPSConnectionPool(host='ifsc.razorpay.com', port=443): Max retries exceeded with url: /IDIB000K357 (Caused by NameResolutionError("HTTPSConnection(host='ifsc.razorpay.com', port=443): Failed to resolve 'ifsc.razorpay.com' ([Errno 11001] getaddrinfo failed)"))
2026-01-27 12:39:25,616 - __main__ - ERROR - Error fetching state for PUNB0252400: HTTPSConnectionPool(host='ifsc.razorpay.com', port=443): Max retries exceeded with url: /PUNB0252400 (Caused by NameResolutionError("HTTPSConnection(host='ifsc.razorpay.com', port=443): Failed to resolve 'ifsc.razorpay.com' ([Errno 11001] getaddrinfo failed)"))
2026-01-27 12:39:25,622 - __main__ - ERROR - Error fetching state for IDIB000C042: HTTPSConnectionPool(host='ifsc.razorpay.com', port=443): Max retries exceeded with url: /IDIB000C042 (Caused by NameResolutionError("HTTPSConnection(host='ifsc.razorpay.com', port=443): Failed to resolve 'ifsc.razorpay.com' ([Errno 11001] getaddrinfo failed)"))
2026-01-27 12:39:25,627 - __main__ - ERROR - Error fetching state for SBIN0007140: HTTPSConnectionPool(host='ifsc.razorpay.com', port=443): Max retries exceeded with url: /SBIN0007140 (Caused by NameResolutionError("HTTPSConnection(host='ifsc.razorpay.com', port=443): Failed to resolve 'ifsc.razorpay.com' ([Errno 11001] getaddrinfo failed)"))
2026-01-27 12:39:25,629 - __main__ - ERROR - Error fetching state for CNRB0002830: HTTPSConnectionPool(host='ifsc.razorpay.com', port=443): Max retries exceeded with url: /CNRB0002830 (Caused by NameResolutionError("HTTPSConnection(host='ifsc.razorpay.com', port=443): Failed to resolve 'ifsc.razorpay.com' ([Errno 11001] getaddrinfo failed)"))
2026-01-27 12:39:25,637 - __main__ - ERROR - Error fetching state for UBIN0813095: HTTPSConnectionPool(host='ifsc.razorpay.com', port=443): Max retries exceeded with url: /UBIN0813095 (Caused by NameResolutionError("HTTPSConnection(host='ifsc.razorpay.com', port=443): Failed to resolve 'ifsc.razorpay.com' ([Errno 11001] getaddrinfo failed)"))
2026-01-27 12:39:25,646 - __main__ - ERROR - Error fetching state for IBKL0001484: HTTPSConnectionPool(host='ifsc.razorpay.com', port=443): Max retries exceeded with url: /IBKL0001484 (Caused by NameResolutionError("HTTPSConnection(host='ifsc.razorpay.com', port=443): Failed to resolve 'ifsc.razorpay.com' ([Errno 11001] getaddrinfo failed)"))
2026-01-27 12:39:25,647 - __main__ - ERROR - Error fetching state for SIBL0000078: HTTPSConnectionPool(host='ifsc.razorpay.com', port=443): Max retries exceeded with url: /SIBL0000078 (Caused by NameResolutionError("HTTPSConnection(host='ifsc.razorpay.com', port=443): Failed to resolve 'ifsc.razorpay.com' ([Errno 11001] getaddrinfo failed)"))
2026-01-27 12:39:25,654 - __main__ - ERROR - Error fetching state for PUNB0252400: HTTPSConnectionPool(host='ifsc.razorpay.com', port=443): Max retries exceeded with url: /PUNB0252400 (Caused by NameResolutionError("HTTPSConnection(host='ifsc.razorpay.com', port=443): Failed to resolve 'ifsc.razorpay.com' ([Errno 11001] getaddrinfo failed)"))
2026-01-27 12:39:25,660 - __main__ - ERROR - Error fetching state for PUNB0481000: HTTPSConnectionPool(host='ifsc.razorpay.com', port=443): Max retries exceeded with url: /PUNB0481000 (Caused by NameResolutionError("HTTPSConnection(host='ifsc.razorpay.com', port=443): Failed to resolve 'ifsc.razorpay.com' ([Errno 11001] getaddrinfo failed)"))
2026-01-27 12:39:25,670 - __main__ - ERROR - Error fetching state for IDIB000C042: HTTPSConnectionPool(host='ifsc.razorpay.com', port=443): Max retries exceeded with url: /IDIB000C042 (Caused by NameResolutionError("HTTPSConnection(host='ifsc.razorpay.com', port=443): Failed to resolve 'ifsc.razorpay.com' ([Errno 11001] getaddrinfo failed)"))
2026-01-27 12:39:25,678 - __main__ - ERROR - Error fetching state for SBIN0007140: HTTPSConnectionPool(host='ifsc.razorpay.com', port=443): Max retries exceeded with url: /SBIN0007140 (Caused by NameResolutionError("HTTPSConnection(host='ifsc.razorpay.com', port=443): Failed to resolve 'ifsc.razorpay.com' ([Errno 11001] getaddrinfo failed)"))
2026-01-27 12:39:25,679 - __main__ - ERROR - Error fetching state for BARB0VJTIPA: HTTPSConnectionPool(host='ifsc.razorpay.com', port=443): Max retries exceeded with url: /BARB0VJTIPA (Caused by NameResolutionError("HTTPSConnection(host='ifsc.razorpay.com', port=443): Failed to resolve 'ifsc.razorpay.com' ([Errno 11001] getaddrinfo failed)"))
2026-01-27 12:39:25,681 - __main__ - ERROR - Error fetching state for IDIB000K357: HTTPSConnectionPool(host='ifsc.razorpay.com', port=443): Max retries exceeded with url: /IDIB000K357 (Caused by NameResolutionError("HTTPSConnection(host='ifsc.razorpay.com', port=443): Failed to resolve 'ifsc.razorpay.com' ([Errno 11001] getaddrinfo failed)"))
2026-01-27 12:39:25,682 - __main__ - ERROR - Error fetching state for CNRB0002830: HTTPSConnectionPool(host='ifsc.razorpay.com', port=443): Max retries exceeded with url: /CNRB0002830 (Caused by NameResolutionError("HTTPSConnection(host='ifsc.razorpay.com', port=443): Failed to resolve 'ifsc.razorpay.com' ([Errno 11001] getaddrinfo failed)"))
2026-01-27 12:39:25,689 - __main__ - ERROR - Error fetching state for SBIN0004378: HTTPSConnectionPool(host='ifsc.razorpay.com', port=443): Max retries exceeded with url: /SBIN0004378 (Caused by NameResolutionError("HTTPSConnection(host='ifsc.razorpay.com', port=443): Failed to resolve 'ifsc.razorpay.com' ([Errno 11001] getaddrinfo failed)"))
2026-01-27 12:39:25,703 - __main__ - ERROR - Error fetching state for UBIN0813095: HTTPSConnectionPool(host='ifsc.razorpay.com', port=443): Max retries exceeded with url: /UBIN0813095 (Caused by NameResolutionError("HTTPSConnection(host='ifsc.razorpay.com', port=443): Failed to resolve 'ifsc.razorpay.com' ([Errno 11001] getaddrinfo failed)"))
2026-01-27 12:39:25,706 - __main__ - ERROR - Error fetching state for IBKL0001484: HTTPSConnectionPool(host='ifsc.razorpay.com', port=443): Max retries exceeded with url: /IBKL0001484 (Caused by NameResolutionError("HTTPSConnection(host='ifsc.razorpay.com', port=443): Failed to resolve 'ifsc.razorpay.com' ([Errno 11001] getaddrinfo failed)"))
2026-01-27 12:39:25,709 - __main__ - ERROR - Error fetching state for PUNB0481000: HTTPSConnectionPool(host='ifsc.razorpay.com', port=443): Max retries exceeded with url: /PUNB0481000 (Caused by NameResolutionError("HTTPSConnection(host='ifsc.razorpay.com', port=443): Failed to resolve 'ifsc.razorpay.com' ([Errno 11001] getaddrinfo failed)"))
2026-01-27 12:39:25,723 - __main__ - ERROR - Error fetching state for BDBL0002055: HTTPSConnectionPool(host='ifsc.razorpay.com', port=443): Max retries exceeded with url: /BDBL0002055 (Caused by NameResolutionError("HTTPSConnection(host='ifsc.razorpay.com', port=443): Failed to resolve 'ifsc.razorpay.com' ([Errno 11001] getaddrinfo failed)"))
2026-01-27 12:39:25,724 - __main__ - ERROR - Error fetching state for SBIN0001186: HTTPSConnectionPool(host='ifsc.razorpay.com', port=443): Max retries exceeded with url: /SBIN0001186 (Caused by NameResolutionError("HTTPSConnection(host='ifsc.razorpay.com', port=443): Failed to resolve 'ifsc.razorpay.com' ([Errno 11001] getaddrinfo failed)"))
2026-01-27 12:39:25,725 - __main__ - ERROR - Error fetching state for SBIN0000868: HTTPSConnectionPool(host='ifsc.razorpay.com', port=443): Max retries exceeded with url: /SBIN0000868 (Caused by NameResolutionError("HTTPSConnection(host='ifsc.razorpay.com', port=443): Failed to resolve 'ifsc.razorpay.com' ([Errno 11001] getaddrinfo failed)"))
2026-01-27 12:39:25,726 - __main__ - ERROR - Error fetching state for BARB0VJTIPA: HTTPSConnectionPool(host='ifsc.razorpay.com', port=443): Max retries exceeded with url: /BARB0VJTIPA (Caused by NameResolutionError("HTTPSConnection(host='ifsc.razorpay.com', port=443): Failed to resolve 'ifsc.razorpay.com' ([Errno 11001] getaddrinfo failed)"))
2026-01-27 12:39:25,740 - __main__ - ERROR - Error fetching state for KKBK0007492: HTTPSConnectionPool(host='ifsc.razorpay.com', port=443): Max retries exceeded with url: /KKBK0007492 (Caused by NameResolutionError("HTTPSConnection(host='ifsc.razorpay.com', port=443): Failed to resolve 'ifsc.razorpay.com' ([Errno 11001] getaddrinfo failed)"))
2026-01-27 12:39:25,741 - __main__ - ERROR - Error fetching state for PUNB0333700: HTTPSConnectionPool(host='ifsc.razorpay.com', port=443): Max retries exceeded with url: /PUNB0333700 (Caused by NameResolutionError("HTTPSConnection(host='ifsc.razorpay.com', port=443): Failed to resolve 'ifsc.razorpay.com' ([Errno 11001] getaddrinfo failed)"))
2026-01-27 12:39:25,751 - __main__ - ERROR - Error fetching state for SBIN0003796: HTTPSConnectionPool(host='ifsc.razorpay.com', port=443): Max retries exceeded with url: /SBIN0003796 (Caused by NameResolutionError("HTTPSConnection(host='ifsc.razorpay.com', port=443): Failed to resolve 'ifsc.razorpay.com' ([Errno 11001] getaddrinfo failed)"))
2026-01-27 12:39:25,756 - __main__ - ERROR - Error fetching state for KKBK0005294: HTTPSConnectionPool(host='ifsc.razorpay.com', port=443): Max retries exceeded with url: /KKBK0005294 (Caused by NameResolutionError("HTTPSConnection(host='ifsc.razorpay.com', port=443): Failed to resolve 'ifsc.razorpay.com' ([Errno 11001] getaddrinfo failed)"))
2026-01-27 12:39:25,762 - __main__ - ERROR - Error fetching state for SBIN0004378: HTTPSConnectionPool(host='ifsc.razorpay.com', port=443): Max retries exceeded with url: /SBIN0004378 (Caused by NameResolutionError("HTTPSConnection(host='ifsc.razorpay.com', port=443): Failed to resolve 'ifsc.razorpay.com' ([Errno 11001] getaddrinfo failed)"))
2026-01-27 12:39:25,763 - __main__ - ERROR - Error fetching state for BDBL0002055: HTTPSConnectionPool(host='ifsc.razorpay.com', port=443): Max retries exceeded with url: /BDBL0002055 (Caused by NameResolutionError("HTTPSConnection(host='ifsc.razorpay.com', port=443): Failed to resolve 'ifsc.razorpay.com' ([Errno 11001] getaddrinfo failed)"))
2026-01-27 12:39:25,771 - __main__ - ERROR - Error fetching state for SBIN0009170: HTTPSConnectionPool(host='ifsc.razorpay.com', port=443): Max retries exceeded with url: /SBIN0009170 (Caused by NameResolutionError("HTTPSConnection(host='ifsc.razorpay.com', port=443): Failed to resolve 'ifsc.razorpay.com' ([Errno 11001] getaddrinfo failed)"))
2026-01-27 12:39:25,775 - __main__ - ERROR - Error fetching state for SBIN0000868: HTTPSConnectionPool(host='ifsc.razorpay.com', port=443): Max retries exceeded with url: /SBIN0000868 (Caused by NameResolutionError("HTTPSConnection(host='ifsc.razorpay.com', port=443): Failed to resolve 'ifsc.razorpay.com' ([Errno 11001] getaddrinfo failed)"))
2026-01-27 12:39:25,786 - __main__ - ERROR - Error fetching state for UTIB0003330: HTTPSConnectionPool(host='ifsc.razorpay.com', port=443): Max retries exceeded with url: /UTIB0003330 (Caused by NameResolutionError("HTTPSConnection(host='ifsc.razorpay.com', port=443): Failed to resolve 'ifsc.razorpay.com' ([Errno 11001] getaddrinfo failed)"))
2026-01-27 12:39:25,792 - __main__ - ERROR - Error fetching state for KKBK0007492: HTTPSConnectionPool(host='ifsc.razorpay.com', port=443): Max retries exceeded with url: /KKBK0007492 (Caused by NameResolutionError("HTTPSConnection(host='ifsc.razorpay.com', port=443): Failed to resolve 'ifsc.razorpay.com' ([Errno 11001] getaddrinfo failed)"))
2026-01-27 12:39:25,793 - __main__ - ERROR - Error fetching state for SBIN0001186: HTTPSConnectionPool(host='ifsc.razorpay.com', port=443): Max retries exceeded with url: /SBIN0001186 (Caused by NameResolutionError("HTTPSConnection(host='ifsc.razorpay.com', port=443): Failed to resolve 'ifsc.razorpay.com' ([Errno 11001] getaddrinfo failed)"))
2026-01-27 12:39:25,810 - __main__ - ERROR - Error fetching state for PUNB0333700: HTTPSConnectionPool(host='ifsc.razorpay.com', port=443): Max retries exceeded with url: /PUNB0333700 (Caused by NameResolutionError("HTTPSConnection(host='ifsc.razorpay.com', port=443): Failed to resolve 'ifsc.razorpay.com' ([Errno 11001] getaddrinfo failed)"))
2026-01-27 12:39:25,811 - __main__ - ERROR - Error fetching state for SBIN0011616: HTTPSConnectionPool(host='ifsc.razorpay.com', port=443): Max retries exceeded with url: /SBIN0011616 (Caused by NameResolutionError("HTTPSConnection(host='ifsc.razorpay.com', port=443): Failed to resolve 'ifsc.razorpay.com' ([Errno 11001] getaddrinfo failed)"))
2026-01-27 12:39:25,815 - __main__ - ERROR - Error fetching state for SBIN0003796: HTTPSConnectionPool(host='ifsc.razorpay.com', port=443): Max retries exceeded with url: /SBIN0003796 (Caused by NameResolutionError("HTTPSConnection(host='ifsc.razorpay.com', port=443): Failed to resolve 'ifsc.razorpay.com' ([Errno 11001] getaddrinfo failed)"))
2026-01-27 12:39:25,821 - __main__ - ERROR - Error fetching state for SBIN0009170: HTTPSConnectionPool(host='ifsc.razorpay.com', port=443): Max retries exceeded with url: /SBIN0009170 (Caused by NameResolutionError("HTTPSConnection(host='ifsc.razorpay.com', port=443): Failed to resolve 'ifsc.razorpay.com' ([Errno 11001] getaddrinfo failed)"))
2026-01-27 12:39:25,826 - __main__ - ERROR - Error fetching state for KKBK0005294: HTTPSConnectionPool(host='ifsc.razorpay.com', port=443): Max retries exceeded with url: /KKBK0005294 (Caused by NameResolutionError("HTTPSConnection(host='ifsc.razorpay.com', port=443): Failed to resolve 'ifsc.razorpay.com' ([Errno 11001] getaddrinfo failed)"))
2026-01-27 12:39:25,837 - __main__ - ERROR - Error fetching state for SBIN0003190: HTTPSConnectionPool(host='ifsc.razorpay.com', port=443): Max retries exceeded with url: /SBIN0003190 (Caused by NameResolutionError("HTTPSConnection(host='ifsc.razorpay.com', port=443): Failed to resolve 'ifsc.razorpay.com' ([Errno 11001] getaddrinfo failed)"))
2026-01-27 12:39:25,846 - __main__ - ERROR - Error fetching state for RATN0000500: HTTPSConnectionPool(host='ifsc.razorpay.com', port=443): Max retries exceeded with url: /RATN0000500 (Caused by NameResolutionError("HTTPSConnection(host='ifsc.razorpay.com', port=443): Failed to resolve 'ifsc.razorpay.com' ([Errno 11001] getaddrinfo failed)"))
2026-01-27 12:39:25,848 - __main__ - ERROR - Error fetching state for UTIB0003330: HTTPSConnectionPool(host='ifsc.razorpay.com', port=443): Max retries exceeded with url: /UTIB0003330 (Caused by NameResolutionError("HTTPSConnection(host='ifsc.razorpay.com', port=443): Failed to resolve 'ifsc.razorpay.com' ([Errno 11001] getaddrinfo failed)"))
2026-01-27 12:39:25,849 - __main__ - ERROR - Error fetching state for BKID0008404: HTTPSConnectionPool(host='ifsc.razorpay.com', port=443): Max retries exceeded with url: /BKID0008404 (Caused by NameResolutionError("HTTPSConnection(host='ifsc.razorpay.com', port=443): Failed to resolve 'ifsc.razorpay.com' ([Errno 11001] getaddrinfo failed)"))
2026-01-27 12:39:25,862 - __main__ - ERROR - Error fetching state for KKBK0007473: HTTPSConnectionPool(host='ifsc.razorpay.com', port=443): Max retries exceeded with url: /KKBK0007473 (Caused by NameResolutionError("HTTPSConnection(host='ifsc.razorpay.com', port=443): Failed to resolve 'ifsc.razorpay.com' ([Errno 11001] getaddrinfo failed)"))
2026-01-27 12:39:25,872 - __main__ - ERROR - Error fetching state for PUNB0683600: HTTPSConnectionPool(host='ifsc.razorpay.com', port=443): Max retries exceeded with url: /PUNB0683600 (Caused by NameResolutionError("HTTPSConnection(host='ifsc.razorpay.com', port=443): Failed to resolve 'ifsc.razorpay.com' ([Errno 11001] getaddrinfo failed)"))
2026-01-27 12:39:25,878 - __main__ - ERROR - Error fetching state for PUNB0216720: HTTPSConnectionPool(host='ifsc.razorpay.com', port=443): Max retries exceeded with url: /PUNB0216720 (Caused by NameResolutionError("HTTPSConnection(host='ifsc.razorpay.com', port=443): Failed to resolve 'ifsc.razorpay.com' ([Errno 11001] getaddrinfo failed)"))
2026-01-27 12:39:25,880 - __main__ - ERROR - Error fetching state for SBIN0011616: HTTPSConnectionPool(host='ifsc.razorpay.com', port=443): Max retries exceeded with url: /SBIN0011616 (Caused by NameResolutionError("HTTPSConnection(host='ifsc.razorpay.com', port=443): Failed to resolve 'ifsc.razorpay.com' ([Errno 11001] getaddrinfo failed)"))
2026-01-27 12:39:25,880 - __main__ - ERROR - Error fetching state for FDRL0002182: HTTPSConnectionPool(host='ifsc.razorpay.com', port=443): Max retries exceeded with url: /FDRL0002182 (Caused by NameResolutionError("HTTPSConnection(host='ifsc.razorpay.com', port=443): Failed to resolve 'ifsc.razorpay.com' ([Errno 11001] getaddrinfo failed)"))
2026-01-27 12:39:25,886 - __main__ - ERROR - Error fetching state for BKID0008404: HTTPSConnectionPool(host='ifsc.razorpay.com', port=443): Max retries exceeded with url: /BKID0008404 (Caused by NameResolutionError("HTTPSConnection(host='ifsc.razorpay.com', port=443): Failed to resolve 'ifsc.razorpay.com' ([Errno 11001] getaddrinfo failed)"))
2026-01-27 12:39:25,895 - __main__ - ERROR - Error fetching state for CNRB0000828: HTTPSConnectionPool(host='ifsc.razorpay.com', port=443): Max retries exceeded with url: /CNRB0000828 (Caused by NameResolutionError("HTTPSConnection(host='ifsc.razorpay.com', port=443): Failed to resolve 'ifsc.razorpay.com' ([Errno 11001] getaddrinfo failed)"))
2026-01-27 12:39:25,904 - __main__ - ERROR - Error fetching state for CNRB0013187: HTTPSConnectionPool(host='ifsc.razorpay.com', port=443): Max retries exceeded with url: /CNRB0013187 (Caused by NameResolutionError("HTTPSConnection(host='ifsc.razorpay.com', port=443): Failed to resolve 'ifsc.razorpay.com' ([Errno 11001] getaddrinfo failed)"))
2026-01-27 12:39:25,908 - __main__ - ERROR - Error fetching state for SBIN0003190: HTTPSConnectionPool(host='ifsc.razorpay.com', port=443): Max retries exceeded with url: /SBIN0003190 (Caused by NameResolutionError("HTTPSConnection(host='ifsc.razorpay.com', port=443): Failed to resolve 'ifsc.razorpay.com' ([Errno 11001] getaddrinfo failed)"))
2026-01-27 12:39:25,915 - __main__ - ERROR - Error fetching state for FDRL0002182: HTTPSConnectionPool(host='ifsc.razorpay.com', port=443): Max retries exceeded with url: /FDRL0002182 (Caused by NameResolutionError("HTTPSConnection(host='ifsc.razorpay.com', port=443): Failed to resolve 'ifsc.razorpay.com' ([Errno 11001] getaddrinfo failed)"))
2026-01-27 12:39:25,916 - __main__ - ERROR - Error fetching state for RATN0000500: HTTPSConnectionPool(host='ifsc.razorpay.com', port=443): Max retries exceeded with url: /RATN0000500 (Caused by NameResolutionError("HTTPSConnection(host='ifsc.razorpay.com', port=443): Failed to resolve 'ifsc.razorpay.com' ([Errno 11001] getaddrinfo failed)"))
2026-01-27 12:39:25,928 - __main__ - ERROR - Error fetching state for KKBK0007473: HTTPSConnectionPool(host='ifsc.razorpay.com', port=443): Max retries exceeded with url: /KKBK0007473 (Caused by NameResolutionError("HTTPSConnection(host='ifsc.razorpay.com', port=443): Failed to resolve 'ifsc.razorpay.com' ([Errno 11001] getaddrinfo failed)"))
2026-01-27 12:39:25,930 - __main__ - ERROR - Error fetching state for BARB0KAFARA: HTTPSConnectionPool(host='ifsc.razorpay.com', port=443): Max retries exceeded with url: /BARB0KAFARA (Caused by NameResolutionError("HTTPSConnection(host='ifsc.razorpay.com', port=443): Failed to resolve 'ifsc.razorpay.com' ([Errno 11001] getaddrinfo failed)"))
2026-01-27 12:39:25,947 - __main__ - ERROR - Error fetching state for PUNB0216720: HTTPSConnectionPool(host='ifsc.razorpay.com', port=443): Max retries exceeded with url: /PUNB0216720 (Caused by NameResolutionError("HTTPSConnection(host='ifsc.razorpay.com', port=443): Failed to resolve 'ifsc.razorpay.com' ([Errno 11001] getaddrinfo failed)"))
2026-01-27 12:39:25,948 - __main__ - ERROR - Error fetching state for PUNB0683600: HTTPSConnectionPool(host='ifsc.razorpay.com', port=443): Max retries exceeded with url: /PUNB0683600 (Caused by NameResolutionError("HTTPSConnection(host='ifsc.razorpay.com', port=443): Failed to resolve 'ifsc.razorpay.com' ([Errno 11001] getaddrinfo failed)"))
2026-01-27 12:39:25,948 - __main__ - ERROR - Error fetching state for CNRB0000828: HTTPSConnectionPool(host='ifsc.razorpay.com', port=443): Max retries exceeded with url: /CNRB0000828 (Caused by NameResolutionError("HTTPSConnection(host='ifsc.razorpay.com', port=443): Failed to resolve 'ifsc.razorpay.com' ([Errno 11001] getaddrinfo failed)"))
2026-01-27 12:39:25,963 - __main__ - ERROR - Error fetching state for CBIN0280276: HTTPSConnectionPool(host='ifsc.razorpay.com', port=443): Max retries exceeded with url: /CBIN0280276 (Caused by NameResolutionError("HTTPSConnection(host='ifsc.razorpay.com', port=443): Failed to resolve 'ifsc.razorpay.com' ([Errno 11001] getaddrinfo failed)"))
2026-01-27 12:39:25,964 - __main__ - ERROR - Error fetching state for SBIN0012992: HTTPSConnectionPool(host='ifsc.razorpay.com', port=443): Max retries exceeded with url: /SBIN0012992 (Caused by NameResolutionError("HTTPSConnection(host='ifsc.razorpay.com', port=443): Failed to resolve 'ifsc.razorpay.com' ([Errno 11001] getaddrinfo failed)"))
2026-01-27 12:39:25,976 - __main__ - ERROR - Error fetching state for CNRB0013187: HTTPSConnectionPool(host='ifsc.razorpay.com', port=443): Max retries exceeded with url: /CNRB0013187 (Caused by NameResolutionError("HTTPSConnection(host='ifsc.razorpay.com', port=443): Failed to resolve 'ifsc.razorpay.com' ([Errno 11001] getaddrinfo failed)"))
2026-01-27 12:39:25,977 - __main__ - ERROR - Error fetching state for SBIN0006812: HTTPSConnectionPool(host='ifsc.razorpay.com', port=443): Max retries exceeded with url: /SBIN0006812 (Caused by NameResolutionError("HTTPSConnection(host='ifsc.razorpay.com', port=443): Failed to resolve 'ifsc.razorpay.com' ([Errno 11001] getaddrinfo failed)"))
2026-01-27 12:39:25,992 - __main__ - ERROR - Error fetching state for IOBA0000714: HTTPSConnectionPool(host='ifsc.razorpay.com', port=443): Max retries exceeded with url: /IOBA0000714 (Caused by NameResolutionError("HTTPSConnection(host='ifsc.razorpay.com', port=443): Failed to resolve 'ifsc.razorpay.com' ([Errno 11001] getaddrinfo failed)"))
2026-01-27 12:39:25,995 - __main__ - ERROR - Error fetching state for SBIN0017537: HTTPSConnectionPool(host='ifsc.razorpay.com', port=443): Max retries exceeded with url: /SBIN0017537 (Caused by NameResolutionError("HTTPSConnection(host='ifsc.razorpay.com', port=443): Failed to resolve 'ifsc.razorpay.com' ([Errno 11001] getaddrinfo failed)"))
2026-01-27 12:39:25,998 - __main__ - ERROR - Error fetching state for BARB0KAFARA: HTTPSConnectionPool(host='ifsc.razorpay.com', port=443): Max retries exceeded with url: /BARB0KAFARA (Caused by NameResolutionError("HTTPSConnection(host='ifsc.razorpay.com', port=443): Failed to resolve 'ifsc.razorpay.com' ([Errno 11001] getaddrinfo failed)"))
2026-01-27 12:39:26,002 - __main__ - ERROR - Error fetching state for PUNB0736600: HTTPSConnectionPool(host='ifsc.razorpay.com', port=443): Max retries exceeded with url: /PUNB0736600 (Caused by NameResolutionError("HTTPSConnection(host='ifsc.razorpay.com', port=443): Failed to resolve 'ifsc.razorpay.com' ([Errno 11001] getaddrinfo failed)"))
2026-01-27 12:39:26,006 - __main__ - ERROR - Error fetching state for SBIN0070158: HTTPSConnectionPool(host='ifsc.razorpay.com', port=443): Max retries exceeded with url: /SBIN0070158 (Caused by NameResolutionError("HTTPSConnection(host='ifsc.razorpay.com', port=443): Failed to resolve 'ifsc.razorpay.com' ([Errno 11001] getaddrinfo failed)"))
2026-01-27 12:39:26,013 - __main__ - ERROR - Error fetching state for SBIN0008345: HTTPSConnectionPool(host='ifsc.razorpay.com', port=443): Max retries exceeded with url: /SBIN0008345 (Caused by NameResolutionError("HTTPSConnection(host='ifsc.razorpay.com', port=443): Failed to resolve 'ifsc.razorpay.com' ([Errno 11001] getaddrinfo failed)"))
2026-01-27 12:39:26,014 - __main__ - ERROR - Error fetching state for CBIN0280276: HTTPSConnectionPool(host='ifsc.razorpay.com', port=443): Max retries exceeded with url: /CBIN0280276 (Caused by NameResolutionError("HTTPSConnection(host='ifsc.razorpay.com', port=443): Failed to resolve 'ifsc.razorpay.com' ([Errno 11001] getaddrinfo failed)"))
2026-01-27 12:39:26,031 - __main__ - ERROR - Error fetching state for CNRB0005079: HTTPSConnectionPool(host='ifsc.razorpay.com', port=443): Max retries exceeded with url: /CNRB0005079 (Caused by NameResolutionError("HTTPSConnection(host='ifsc.razorpay.com', port=443): Failed to resolve 'ifsc.razorpay.com' ([Errno 11001] getaddrinfo failed)"))
2026-01-27 12:39:26,041 - __main__ - ERROR - Error fetching state for SBIN0012992: HTTPSConnectionPool(host='ifsc.razorpay.com', port=443): Max retries exceeded with url: /SBIN0012992 (Caused by NameResolutionError("HTTPSConnection(host='ifsc.razorpay.com', port=443): Failed to resolve 'ifsc.razorpay.com' ([Errno 11001] getaddrinfo failed)"))
2026-01-27 12:39:26,045 - __main__ - ERROR - Error fetching state for SBIN0006812: HTTPSConnectionPool(host='ifsc.razorpay.com', port=443): Max retries exceeded with url: /SBIN0006812 (Caused by NameResolutionError("HTTPSConnection(host='ifsc.razorpay.com', port=443): Failed to resolve 'ifsc.razorpay.com' ([Errno 11001] getaddrinfo failed)"))
2026-01-27 12:39:26,053 - __main__ - ERROR - Error fetching state for SBIN0017537: HTTPSConnectionPool(host='ifsc.razorpay.com', port=443): Max retries exceeded with url: /SBIN0017537 (Caused by NameResolutionError("HTTPSConnection(host='ifsc.razorpay.com', port=443): Failed to resolve 'ifsc.razorpay.com' ([Errno 11001] getaddrinfo failed)"))
2026-01-27 12:39:26,061 - __main__ - ERROR - Error fetching state for PUNB0736600: HTTPSConnectionPool(host='ifsc.razorpay.com', port=443): Max retries exceeded with url: /PUNB0736600 (Caused by NameResolutionError("HTTPSConnection(host='ifsc.razorpay.com', port=443): Failed to resolve 'ifsc.razorpay.com' ([Errno 11001] getaddrinfo failed)"))
2026-01-27 12:39:26,063 - __main__ - ERROR - Error fetching state for SBIN0013032: HTTPSConnectionPool(host='ifsc.razorpay.com', port=443): Max retries exceeded with url: /SBIN0013032 (Caused by NameResolutionError("HTTPSConnection(host='ifsc.razorpay.com', port=443): Failed to resolve 'ifsc.razorpay.com' ([Errno 11001] getaddrinfo failed)"))
2026-01-27 12:39:26,064 - __main__ - ERROR - Error fetching state for IOBA0000714: HTTPSConnectionPool(host='ifsc.razorpay.com', port=443): Max retries exceeded with url: /IOBA0000714 (Caused by NameResolutionError("HTTPSConnection(host='ifsc.razorpay.com', port=443): Failed to resolve 'ifsc.razorpay.com' ([Errno 11001] getaddrinfo failed)"))
2026-01-27 12:39:26,078 - __main__ - ERROR - Error fetching state for SBIN0008345: HTTPSConnectionPool(host='ifsc.razorpay.com', port=443): Max retries exceeded with url: /SBIN0008345 (Caused by NameResolutionError("HTTPSConnection(host='ifsc.razorpay.com', port=443): Failed to resolve 'ifsc.razorpay.com' ([Errno 11001] getaddrinfo failed)"))
2026-01-27 12:39:26,081 - __main__ - ERROR - Error fetching state for SBIN0070158: HTTPSConnectionPool(host='ifsc.razorpay.com', port=443): Max retries exceeded with url: /SBIN0070158 (Caused by NameResolutionError("HTTPSConnection(host='ifsc.razorpay.com', port=443): Failed to resolve 'ifsc.razorpay.com' ([Errno 11001] getaddrinfo failed)"))
2026-01-27 12:39:26,085 - __main__ - ERROR - Error fetching state for HDFC0002159: HTTPSConnectionPool(host='ifsc.razorpay.com', port=443): Max retries exceeded with url: /HDFC0002159 (Caused by NameResolutionError("HTTPSConnection(host='ifsc.razorpay.com', port=443): Failed to resolve 'ifsc.razorpay.com' ([Errno 11001] getaddrinfo failed)"))
2026-01-27 12:39:26,092 - __main__ - ERROR - Error fetching state for MAHB0001536: HTTPSConnectionPool(host='ifsc.razorpay.com', port=443): Max retries exceeded with url: /MAHB0001536 (Caused by NameResolutionError("HTTPSConnection(host='ifsc.razorpay.com', port=443): Failed to resolve 'ifsc.razorpay.com' ([Errno 11001] getaddrinfo failed)"))
2026-01-27 12:39:26,094 - __main__ - ERROR - Error fetching state for CNRB0005079: HTTPSConnectionPool(host='ifsc.razorpay.com', port=443): Max retries exceeded with url: /CNRB0005079 (Caused by NameResolutionError("HTTPSConnection(host='ifsc.razorpay.com', port=443): Failed to resolve 'ifsc.razorpay.com' ([Errno 11001] getaddrinfo failed)"))
2026-01-27 12:39:26,098 - __main__ - ERROR - Error fetching state for MAHB0002384: HTTPSConnectionPool(host='ifsc.razorpay.com', port=443): Max retries exceeded with url: /MAHB0002384 (Caused by NameResolutionError("HTTPSConnection(host='ifsc.razorpay.com', port=443): Failed to resolve 'ifsc.razorpay.com' ([Errno 11001] getaddrinfo failed)"))
2026-01-27 12:39:26,108 - __main__ - ERROR - Error fetching state for SBIN0030344: HTTPSConnectionPool(host='ifsc.razorpay.com', port=443): Max retries exceeded with url: /SBIN0030344 (Caused by NameResolutionError("HTTPSConnection(host='ifsc.razorpay.com', port=443): Failed to resolve 'ifsc.razorpay.com' ([Errno 11001] getaddrinfo failed)"))
2026-01-27 12:39:26,110 - __main__ - ERROR - Error fetching state for UBIN0819484: HTTPSConnectionPool(host='ifsc.razorpay.com', port=443): Max retries exceeded with url: /UBIN0819484 (Caused by NameResolutionError("HTTPSConnection(host='ifsc.razorpay.com', port=443): Failed to resolve 'ifsc.razorpay.com' ([Errno 11001] getaddrinfo failed)"))
2026-01-27 12:39:26,116 - __main__ - ERROR - Error fetching state for SBIN0013032: HTTPSConnectionPool(host='ifsc.razorpay.com', port=443): Max retries exceeded with url: /SBIN0013032 (Caused by NameResolutionError("HTTPSConnection(host='ifsc.razorpay.com', port=443): Failed to resolve 'ifsc.razorpay.com' ([Errno 11001] getaddrinfo failed)"))
2026-01-27 12:39:26,313 - __main__ - ERROR - Error fetching state for HDFC0001909: HTTPSConnectionPool(host='ifsc.razorpay.com', port=443): Max retries exceeded with url: /HDFC0001909 (Caused by NameResolutionError("HTTPSConnection(host='ifsc.razorpay.com', port=443): Failed to resolve 'ifsc.razorpay.com' ([Errno 11001] getaddrinfo failed)"))
2026-01-27 12:39:26,321 - __main__ - ERROR - Error fetching state for SBIN0000885: HTTPSConnectionPool(host='ifsc.razorpay.com', port=443): Max retries exceeded with url: /SBIN0000885 (Caused by NameResolutionError("HTTPSConnection(host='ifsc.razorpay.com', port=443): Failed to resolve 'ifsc.razorpay.com' ([Errno 11001] getaddrinfo failed)"))
2026-01-27 12:39:26,321 - __main__ - ERROR - Error fetching state for UTIB0000109: HTTPSConnectionPool(host='ifsc.razorpay.com', port=443): Max retries exceeded with url: /UTIB0000109 (Caused by NameResolutionError("HTTPSConnection(host='ifsc.razorpay.com', port=443): Failed to resolve 'ifsc.razorpay.com' ([Errno 11001] getaddrinfo failed)"))
2026-01-27 12:39:26,332 - __main__ - ERROR - Error fetching state for RMGB0000001: HTTPSConnectionPool(host='ifsc.razorpay.com', port=443): Max retries exceeded with url: /RMGB0000001 (Caused by NameResolutionError("HTTPSConnection(host='ifsc.razorpay.com', port=443): Failed to resolve 'ifsc.razorpay.com' ([Errno 11001] getaddrinfo failed)"))
2026-01-27 12:39:26,345 - __main__ - ERROR - Error fetching state for MAHB0002384: HTTPSConnectionPool(host='ifsc.razorpay.com', port=443): Max retries exceeded with url: /MAHB0002384 (Caused by NameResolutionError("HTTPSConnection(host='ifsc.razorpay.com', port=443): Failed to resolve 'ifsc.razorpay.com' ([Errno 11001] getaddrinfo failed)"))
2026-01-27 12:39:26,346 - __main__ - ERROR - Error fetching state for MAHB0001536: HTTPSConnectionPool(host='ifsc.razorpay.com', port=443): Max retries exceeded with url: /MAHB0001536 (Caused by NameResolutionError("HTTPSConnection(host='ifsc.razorpay.com', port=443): Failed to resolve 'ifsc.razorpay.com' ([Errno 11001] getaddrinfo failed)"))
2026-01-27 12:39:26,347 - __main__ - ERROR - Error fetching state for HDFC0002159: HTTPSConnectionPool(host='ifsc.razorpay.com', port=443): Max retries exceeded with url: /HDFC0002159 (Caused by NameResolutionError("HTTPSConnection(host='ifsc.razorpay.com', port=443): Failed to resolve 'ifsc.razorpay.com' ([Errno 11001] getaddrinfo failed)"))
2026-01-27 12:39:26,362 - __main__ - ERROR - Error fetching state for SBIN0030344: HTTPSConnectionPool(host='ifsc.razorpay.com', port=443): Max retries exceeded with url: /SBIN0030344 (Caused by NameResolutionError("HTTPSConnection(host='ifsc.razorpay.com', port=443): Failed to resolve 'ifsc.razorpay.com' ([Errno 11001] getaddrinfo failed)"))
2026-01-27 12:39:26,363 - __main__ - ERROR - Error fetching state for UBIN0819484: HTTPSConnectionPool(host='ifsc.razorpay.com', port=443): Max retries exceeded with url: /UBIN0819484 (Caused by NameResolutionError("HTTPSConnection(host='ifsc.razorpay.com', port=443): Failed to resolve 'ifsc.razorpay.com' ([Errno 11001] getaddrinfo failed)"))
2026-01-27 12:39:26,377 - __main__ - ERROR - Error fetching state for HDFC0000284: HTTPSConnectionPool(host='ifsc.razorpay.com', port=443): Max retries exceeded with url: /HDFC0000284 (Caused by NameResolutionError("HTTPSConnection(host='ifsc.razorpay.com', port=443): Failed to resolve 'ifsc.razorpay.com' ([Errno 11001] getaddrinfo failed)"))
2026-01-27 12:39:26,380 - __main__ - ERROR - Error fetching state for HDFC0001909: HTTPSConnectionPool(host='ifsc.razorpay.com', port=443): Max retries exceeded with url: /HDFC0001909 (Caused by NameResolutionError("HTTPSConnection(host='ifsc.razorpay.com', port=443): Failed to resolve 'ifsc.razorpay.com' ([Errno 11001] getaddrinfo failed)"))
2026-01-27 12:39:26,380 - __main__ - ERROR - Error fetching state for UTIB0000109: HTTPSConnectionPool(host='ifsc.razorpay.com', port=443): Max retries exceeded with url: /UTIB0000109 (Caused by NameResolutionError("HTTPSConnection(host='ifsc.razorpay.com', port=443): Failed to resolve 'ifsc.razorpay.com' ([Errno 11001] getaddrinfo failed)"))
2026-01-27 12:39:26,387 - __main__ - ERROR - Error fetching state for SBIN0000885: HTTPSConnectionPool(host='ifsc.razorpay.com', port=443): Max retries exceeded with url: /SBIN0000885 (Caused by NameResolutionError("HTTPSConnection(host='ifsc.razorpay.com', port=443): Failed to resolve 'ifsc.razorpay.com' ([Errno 11001] getaddrinfo failed)"))
2026-01-27 12:39:26,389 - __main__ - ERROR - Error fetching state for AUBL0002177: HTTPSConnectionPool(host='ifsc.razorpay.com', port=443): Max retries exceeded with url: /AUBL0002177 (Caused by NameResolutionError("HTTPSConnection(host='ifsc.razorpay.com', port=443): Failed to resolve 'ifsc.razorpay.com' ([Errno 11001] getaddrinfo failed)"))
2026-01-27 12:39:26,396 - __main__ - ERROR - Error fetching state for SBIN0001342: HTTPSConnectionPool(host='ifsc.razorpay.com', port=443): Max retries exceeded with url: /SBIN0001342 (Caused by NameResolutionError("HTTPSConnection(host='ifsc.razorpay.com', port=443): Failed to resolve 'ifsc.razorpay.com' ([Errno 11001] getaddrinfo failed)"))
2026-01-27 12:39:26,404 - __main__ - ERROR - Error fetching state for RMGB0000001: HTTPSConnectionPool(host='ifsc.razorpay.com', port=443): Max retries exceeded with url: /RMGB0000001 (Caused by NameResolutionError("HTTPSConnection(host='ifsc.razorpay.com', port=443): Failed to resolve 'ifsc.razorpay.com' ([Errno 11001] getaddrinfo failed)"))
2026-01-27 12:39:26,409 - __main__ - ERROR - Error fetching state for HDFC0008356: HTTPSConnectionPool(host='ifsc.razorpay.com', port=443): Max retries exceeded with url: /HDFC0008356 (Caused by NameResolutionError("HTTPSConnection(host='ifsc.razorpay.com', port=443): Failed to resolve 'ifsc.razorpay.com' ([Errno 11001] getaddrinfo failed)"))
2026-01-27 12:39:26,415 - __main__ - ERROR - Error fetching state for BARB0VJKATH: HTTPSConnectionPool(host='ifsc.razorpay.com', port=443): Max retries exceeded with url: /BARB0VJKATH (Caused by NameResolutionError("HTTPSConnection(host='ifsc.razorpay.com', port=443): Failed to resolve 'ifsc.razorpay.com' ([Errno 11001] getaddrinfo failed)"))
2026-01-27 12:39:26,416 - __main__ - ERROR - Error fetching state for UTIB0001444: HTTPSConnectionPool(host='ifsc.razorpay.com', port=443): Max retries exceeded with url: /UTIB0001444 (Caused by NameResolutionError("HTTPSConnection(host='ifsc.razorpay.com', port=443): Failed to resolve 'ifsc.razorpay.com' ([Errno 11001] getaddrinfo failed)"))
2026-01-27 12:39:26,418 - __main__ - ERROR - Error fetching state for HDFC0000284: HTTPSConnectionPool(host='ifsc.razorpay.com', port=443): Max retries exceeded with url: /HDFC0000284 (Caused by NameResolutionError("HTTPSConnection(host='ifsc.razorpay.com', port=443): Failed to resolve 'ifsc.razorpay.com' ([Errno 11001] getaddrinfo failed)"))
2026-01-27 12:39:26,428 - __main__ - ERROR - Error fetching state for KKBK0001398: HTTPSConnectionPool(host='ifsc.razorpay.com', port=443): Max retries exceeded with url: /KKBK0001398 (Caused by NameResolutionError("HTTPSConnection(host='ifsc.razorpay.com', port=443): Failed to resolve 'ifsc.razorpay.com' ([Errno 11001] getaddrinfo failed)"))
2026-01-27 12:39:26,429 - __main__ - ERROR - Error fetching state for IOBA0003505: HTTPSConnectionPool(host='ifsc.razorpay.com', port=443): Max retries exceeded with url: /IOBA0003505 (Caused by NameResolutionError("HTTPSConnection(host='ifsc.razorpay.com', port=443): Failed to resolve 'ifsc.razorpay.com' ([Errno 11001] getaddrinfo failed)"))
2026-01-27 12:39:26,429 - __main__ - ERROR - Error fetching state for JAKA0KORMNG: HTTPSConnectionPool(host='ifsc.razorpay.com', port=443): Max retries exceeded with url: /JAKA0KORMNG (Caused by NameResolutionError("HTTPSConnection(host='ifsc.razorpay.com', port=443): Failed to resolve 'ifsc.razorpay.com' ([Errno 11001] getaddrinfo failed)"))
2026-01-27 12:39:26,441 - __main__ - ERROR - Error fetching state for HDFC0004514: HTTPSConnectionPool(host='ifsc.razorpay.com', port=443): Max retries exceeded with url: /HDFC0004514 (Caused by NameResolutionError("HTTPSConnection(host='ifsc.razorpay.com', port=443): Failed to resolve 'ifsc.razorpay.com' ([Errno 11001] getaddrinfo failed)"))
2026-01-27 12:39:26,445 - __main__ - ERROR - Error fetching state for SBIN0001342: HTTPSConnectionPool(host='ifsc.razorpay.com', port=443): Max retries exceeded with url: /SBIN0001342 (Caused by NameResolutionError("HTTPSConnection(host='ifsc.razorpay.com', port=443): Failed to resolve 'ifsc.razorpay.com' ([Errno 11001] getaddrinfo failed)"))
2026-01-27 12:39:26,446 - __main__ - ERROR - Error fetching state for AUBL0002177: HTTPSConnectionPool(host='ifsc.razorpay.com', port=443): Max retries exceeded with url: /AUBL0002177 (Caused by NameResolutionError("HTTPSConnection(host='ifsc.razorpay.com', port=443): Failed to resolve 'ifsc.razorpay.com' ([Errno 11001] getaddrinfo failed)"))
2026-01-27 12:39:26,462 - __main__ - ERROR - Error fetching state for BARB0VJKATH: HTTPSConnectionPool(host='ifsc.razorpay.com', port=443): Max retries exceeded with url: /BARB0VJKATH (Caused by NameResolutionError("HTTPSConnection(host='ifsc.razorpay.com', port=443): Failed to resolve 'ifsc.razorpay.com' ([Errno 11001] getaddrinfo failed)"))
2026-01-27 12:39:26,463 - __main__ - ERROR - Error fetching state for UTIB0001444: HTTPSConnectionPool(host='ifsc.razorpay.com', port=443): Max retries exceeded with url: /UTIB0001444 (Caused by NameResolutionError("HTTPSConnection(host='ifsc.razorpay.com', port=443): Failed to resolve 'ifsc.razorpay.com' ([Errno 11001] getaddrinfo failed)"))
2026-01-27 12:39:26,464 - __main__ - ERROR - Error fetching state for HDFC0008356: HTTPSConnectionPool(host='ifsc.razorpay.com', port=443): Max retries exceeded with url: /HDFC0008356 (Caused by NameResolutionError("HTTPSConnection(host='ifsc.razorpay.com', port=443): Failed to resolve 'ifsc.razorpay.com' ([Errno 11001] getaddrinfo failed)"))
2026-01-27 12:39:26,464 - __main__ - ERROR - Error fetching state for SBIN0002269: HTTPSConnectionPool(host='ifsc.razorpay.com', port=443): Max retries exceeded with url: /SBIN0002269 (Caused by NameResolutionError("HTTPSConnection(host='ifsc.razorpay.com', port=443): Failed to resolve 'ifsc.razorpay.com' ([Errno 11001] getaddrinfo failed)"))
2026-01-27 12:39:26,476 - __main__ - ERROR - Error fetching state for IOBA0003505: HTTPSConnectionPool(host='ifsc.razorpay.com', port=443): Max retries exceeded with url: /IOBA0003505 (Caused by NameResolutionError("HTTPSConnection(host='ifsc.razorpay.com', port=443): Failed to resolve 'ifsc.razorpay.com' ([Errno 11001] getaddrinfo failed)"))
2026-01-27 12:39:26,484 - __main__ - ERROR - Error fetching state for KKBK0001398: HTTPSConnectionPool(host='ifsc.razorpay.com', port=443): Max retries exceeded with url: /KKBK0001398 (Caused by NameResolutionError("HTTPSConnection(host='ifsc.razorpay.com', port=443): Failed to resolve 'ifsc.razorpay.com' ([Errno 11001] getaddrinfo failed)"))
2026-01-27 12:39:26,493 - __main__ - ERROR - Error fetching state for IDFB0021634: HTTPSConnectionPool(host='ifsc.razorpay.com', port=443): Max retries exceeded with url: /IDFB0021634 (Caused by NameResolutionError("HTTPSConnection(host='ifsc.razorpay.com', port=443): Failed to resolve 'ifsc.razorpay.com' ([Errno 11001] getaddrinfo failed)"))
2026-01-27 12:39:26,494 - __main__ - ERROR - Error fetching state for JAKA0KORMNG: HTTPSConnectionPool(host='ifsc.razorpay.com', port=443): Max retries exceeded with url: /JAKA0KORMNG (Caused by NameResolutionError("HTTPSConnection(host='ifsc.razorpay.com', port=443): Failed to resolve 'ifsc.razorpay.com' ([Errno 11001] getaddrinfo failed)"))
2026-01-27 12:39:26,497 - __main__ - ERROR - Error fetching state for HDFC0004514: HTTPSConnectionPool(host='ifsc.razorpay.com', port=443): Max retries exceeded with url: /HDFC0004514 (Caused by NameResolutionError("HTTPSConnection(host='ifsc.razorpay.com', port=443): Failed to resolve 'ifsc.razorpay.com' ([Errno 11001] getaddrinfo failed)"))
2026-01-27 12:39:26,502 - __main__ - ERROR - Error fetching state for RATN0000296: HTTPSConnectionPool(host='ifsc.razorpay.com', port=443): Max retries exceeded with url: /RATN0000296 (Caused by NameResolutionError("HTTPSConnection(host='ifsc.razorpay.com', port=443): Failed to resolve 'ifsc.razorpay.com' ([Errno 11001] getaddrinfo failed)"))
2026-01-27 12:39:26,510 - __main__ - ERROR - Error fetching state for SBIN0013571: HTTPSConnectionPool(host='ifsc.razorpay.com', port=443): Max retries exceeded with url: /SBIN0013571 (Caused by NameResolutionError("HTTPSConnection(host='ifsc.razorpay.com', port=443): Failed to resolve 'ifsc.razorpay.com' ([Errno 11001] getaddrinfo failed)"))
2026-01-27 12:39:26,513 - __main__ - ERROR - Error fetching state for IOBA0001286: HTTPSConnectionPool(host='ifsc.razorpay.com', port=443): Max retries exceeded with url: /IOBA0001286 (Caused by NameResolutionError("HTTPSConnection(host='ifsc.razorpay.com', port=443): Failed to resolve 'ifsc.razorpay.com' ([Errno 11001] getaddrinfo failed)"))
2026-01-27 12:39:26,527 - __main__ - ERROR - Error fetching state for SBIN0002269: HTTPSConnectionPool(host='ifsc.razorpay.com', port=443): Max retries exceeded with url: /SBIN0002269 (Caused by NameResolutionError("HTTPSConnection(host='ifsc.razorpay.com', port=443): Failed to resolve 'ifsc.razorpay.com' ([Errno 11001] getaddrinfo failed)"))
2026-01-27 12:39:26,528 - __main__ - ERROR - Error fetching state for BARB0DBJOBN: HTTPSConnectionPool(host='ifsc.razorpay.com', port=443): Max retries exceeded with url: /BARB0DBJOBN (Caused by NameResolutionError("HTTPSConnection(host='ifsc.razorpay.com', port=443): Failed to resolve 'ifsc.razorpay.com' ([Errno 11001] getaddrinfo failed)"))
2026-01-27 12:39:26,532 - __main__ - ERROR - Error fetching state for KKBK0007494: HTTPSConnectionPool(host='ifsc.razorpay.com', port=443): Max retries exceeded with url: /KKBK0007494 (Caused by NameResolutionError("HTTPSConnection(host='ifsc.razorpay.com', port=443): Failed to resolve 'ifsc.razorpay.com' ([Errno 11001] getaddrinfo failed)"))
2026-01-27 12:39:26,533 - __main__ - ERROR - Error fetching state for JAKA0SOPORE: HTTPSConnectionPool(host='ifsc.razorpay.com', port=443): Max retries exceeded with url: /JAKA0SOPORE (Caused by NameResolutionError("HTTPSConnection(host='ifsc.razorpay.com', port=443): Failed to resolve 'ifsc.razorpay.com' ([Errno 11001] getaddrinfo failed)"))
2026-01-27 12:39:26,543 - __main__ - ERROR - Error fetching state for SBIN0006983: HTTPSConnectionPool(host='ifsc.razorpay.com', port=443): Max retries exceeded with url: /SBIN0006983 (Caused by NameResolutionError("HTTPSConnection(host='ifsc.razorpay.com', port=443): Failed to resolve 'ifsc.razorpay.com' ([Errno 11001] getaddrinfo failed)"))
2026-01-27 12:39:26,544 - __main__ - ERROR - Error fetching state for SBIN0018694: HTTPSConnectionPool(host='ifsc.razorpay.com', port=443): Max retries exceeded with url: /SBIN0018694 (Caused by NameResolutionError("HTTPSConnection(host='ifsc.razorpay.com', port=443): Failed to resolve 'ifsc.razorpay.com' ([Errno 11001] getaddrinfo failed)"))
2026-01-27 12:39:26,560 - __main__ - ERROR - Error fetching state for IDFB0021634: HTTPSConnectionPool(host='ifsc.razorpay.com', port=443): Max retries exceeded with url: /IDFB0021634 (Caused by NameResolutionError("HTTPSConnection(host='ifsc.razorpay.com', port=443): Failed to resolve 'ifsc.razorpay.com' ([Errno 11001] getaddrinfo failed)"))
2026-01-27 12:39:26,562 - __main__ - ERROR - Error fetching state for RATN0000296: HTTPSConnectionPool(host='ifsc.razorpay.com', port=443): Max retries exceeded with url: /RATN0000296 (Caused by NameResolutionError("HTTPSConnection(host='ifsc.razorpay.com', port=443): Failed to resolve 'ifsc.razorpay.com' ([Errno 11001] getaddrinfo failed)"))
2026-01-27 12:39:26,562 - __main__ - ERROR - Error fetching state for SBIN0013571: HTTPSConnectionPool(host='ifsc.razorpay.com', port=443): Max retries exceeded with url: /SBIN0013571 (Caused by NameResolutionError("HTTPSConnection(host='ifsc.razorpay.com', port=443): Failed to resolve 'ifsc.razorpay.com' ([Errno 11001] getaddrinfo failed)"))
2026-01-27 12:39:26,577 - __main__ - ERROR - Error fetching state for BARB0DBJOBN: HTTPSConnectionPool(host='ifsc.razorpay.com', port=443): Max retries exceeded with url: /BARB0DBJOBN (Caused by NameResolutionError("HTTPSConnection(host='ifsc.razorpay.com', port=443): Failed to resolve 'ifsc.razorpay.com' ([Errno 11001] getaddrinfo failed)"))
2026-01-27 12:39:26,578 - __main__ - ERROR - Error fetching state for KKBK0007494: HTTPSConnectionPool(host='ifsc.razorpay.com', port=443): Max retries exceeded with url: /KKBK0007494 (Caused by NameResolutionError("HTTPSConnection(host='ifsc.razorpay.com', port=443): Failed to resolve 'ifsc.razorpay.com' ([Errno 11001] getaddrinfo failed)"))
2026-01-27 12:39:26,581 - __main__ - ERROR - Error fetching state for IOBA0001286: HTTPSConnectionPool(host='ifsc.razorpay.com', port=443): Max retries exceeded with url: /IOBA0001286 (Caused by NameResolutionError("HTTPSConnection(host='ifsc.razorpay.com', port=443): Failed to resolve 'ifsc.razorpay.com' ([Errno 11001] getaddrinfo failed)"))
2026-01-27 12:39:26,593 - __main__ - ERROR - Error fetching state for SBIN0006079: HTTPSConnectionPool(host='ifsc.razorpay.com', port=443): Max retries exceeded with url: /SBIN0006079 (Caused by NameResolutionError("HTTPSConnection(host='ifsc.razorpay.com', port=443): Failed to resolve 'ifsc.razorpay.com' ([Errno 11001] getaddrinfo failed)"))
2026-01-27 12:39:26,594 - __main__ - ERROR - Error fetching state for JAKA0SOPORE: HTTPSConnectionPool(host='ifsc.razorpay.com', port=443): Max retries exceeded with url: /JAKA0SOPORE (Caused by NameResolutionError("HTTPSConnection(host='ifsc.razorpay.com', port=443): Failed to resolve 'ifsc.razorpay.com' ([Errno 11001] getaddrinfo failed)"))
2026-01-27 12:39:26,600 - __main__ - ERROR - Error fetching state for SBIN0003342: HTTPSConnectionPool(host='ifsc.razorpay.com', port=443): Max retries exceeded with url: /SBIN0003342 (Caused by NameResolutionError("HTTPSConnection(host='ifsc.razorpay.com', port=443): Failed to resolve 'ifsc.razorpay.com' ([Errno 11001] getaddrinfo failed)"))
2026-01-27 12:39:26,611 - __main__ - ERROR - Error fetching state for HDFC0009218: HTTPSConnectionPool(host='ifsc.razorpay.com', port=443): Max retries exceeded with url: /HDFC0009218 (Caused by NameResolutionError("HTTPSConnection(host='ifsc.razorpay.com', port=443): Failed to resolve 'ifsc.razorpay.com' ([Errno 11001] getaddrinfo failed)"))
2026-01-27 12:39:26,612 - __main__ - ERROR - Error fetching state for SBIN0018694: HTTPSConnectionPool(host='ifsc.razorpay.com', port=443): Max retries exceeded with url: /SBIN0018694 (Caused by NameResolutionError("HTTPSConnection(host='ifsc.razorpay.com', port=443): Failed to resolve 'ifsc.razorpay.com' ([Errno 11001] getaddrinfo failed)"))
2026-01-27 12:39:26,617 - __main__ - ERROR - Error fetching state for SBIN0006983: HTTPSConnectionPool(host='ifsc.razorpay.com', port=443): Max retries exceeded with url: /SBIN0006983 (Caused by NameResolutionError("HTTPSConnection(host='ifsc.razorpay.com', port=443): Failed to resolve 'ifsc.razorpay.com' ([Errno 11001] getaddrinfo failed)"))
2026-01-27 12:39:26,626 - __main__ - ERROR - Error fetching state for KVBL0001434: HTTPSConnectionPool(host='ifsc.razorpay.com', port=443): Max retries exceeded with url: /KVBL0001434 (Caused by NameResolutionError("HTTPSConnection(host='ifsc.razorpay.com', port=443): Failed to resolve 'ifsc.razorpay.com' ([Errno 11001] getaddrinfo failed)"))
2026-01-27 12:39:26,635 - __main__ - ERROR - Error fetching state for SBIN0006079: HTTPSConnectionPool(host='ifsc.razorpay.com', port=443): Max retries exceeded with url: /SBIN0006079 (Caused by NameResolutionError("HTTPSConnection(host='ifsc.razorpay.com', port=443): Failed to resolve 'ifsc.razorpay.com' ([Errno 11001] getaddrinfo failed)"))
2026-01-27 12:39:26,643 - __main__ - ERROR - Error fetching state for SBIN0017614: HTTPSConnectionPool(host='ifsc.razorpay.com', port=443): Max retries exceeded with url: /SBIN0017614 (Caused by NameResolutionError("HTTPSConnection(host='ifsc.razorpay.com', port=443): Failed to resolve 'ifsc.razorpay.com' ([Errno 11001] getaddrinfo failed)"))
2026-01-27 12:39:26,649 - __main__ - ERROR - Error fetching state for CBIN0281627: HTTPSConnectionPool(host='ifsc.razorpay.com', port=443): Max retries exceeded with url: /CBIN0281627 (Caused by NameResolutionError("HTTPSConnection(host='ifsc.razorpay.com', port=443): Failed to resolve 'ifsc.razorpay.com' ([Errno 11001] getaddrinfo failed)"))
2026-01-27 12:39:26,649 - __main__ - ERROR - Error fetching state for UTIB0000293: HTTPSConnectionPool(host='ifsc.razorpay.com', port=443): Max retries exceeded with url: /UTIB0000293 (Caused by NameResolutionError("HTTPSConnection(host='ifsc.razorpay.com', port=443): Failed to resolve 'ifsc.razorpay.com' ([Errno 11001] getaddrinfo failed)"))
2026-01-27 12:39:26,650 - __main__ - ERROR - Error fetching state for IBKL0002000: HTTPSConnectionPool(host='ifsc.razorpay.com', port=443): Max retries exceeded with url: /IBKL0002000 (Caused by NameResolutionError("HTTPSConnection(host='ifsc.razorpay.com', port=443): Failed to resolve 'ifsc.razorpay.com' ([Errno 11001] getaddrinfo failed)"))
2026-01-27 12:39:26,662 - __main__ - ERROR - Error fetching state for PUNB0417000: HTTPSConnectionPool(host='ifsc.razorpay.com', port=443): Max retries exceeded with url: /PUNB0417000 (Caused by NameResolutionError("HTTPSConnection(host='ifsc.razorpay.com', port=443): Failed to resolve 'ifsc.razorpay.com' ([Errno 11001] getaddrinfo failed)"))
2026-01-27 12:39:26,676 - __main__ - ERROR - Error fetching state for SBIN0017614: HTTPSConnectionPool(host='ifsc.razorpay.com', port=443): Max retries exceeded with url: /SBIN0017614 (Caused by NameResolutionError("HTTPSConnection(host='ifsc.razorpay.com', port=443): Failed to resolve 'ifsc.razorpay.com' ([Errno 11001] getaddrinfo failed)"))
2026-01-27 12:39:26,678 - __main__ - ERROR - Error fetching state for CNRB0006657: HTTPSConnectionPool(host='ifsc.razorpay.com', port=443): Max retries exceeded with url: /CNRB0006657 (Caused by NameResolutionError("HTTPSConnection(host='ifsc.razorpay.com', port=443): Failed to resolve 'ifsc.razorpay.com' ([Errno 11001] getaddrinfo failed)"))
2026-01-27 12:39:26,679 - __main__ - ERROR - Error fetching state for HDFC0009218: HTTPSConnectionPool(host='ifsc.razorpay.com', port=443): Max retries exceeded with url: /HDFC0009218 (Caused by NameResolutionError("HTTPSConnection(host='ifsc.razorpay.com', port=443): Failed to resolve 'ifsc.razorpay.com' ([Errno 11001] getaddrinfo failed)"))
2026-01-27 12:39:26,680 - __main__ - ERROR - Error fetching state for KVBL0001434: HTTPSConnectionPool(host='ifsc.razorpay.com', port=443): Max retries exceeded with url: /KVBL0001434 (Caused by NameResolutionError("HTTPSConnection(host='ifsc.razorpay.com', port=443): Failed to resolve 'ifsc.razorpay.com' ([Errno 11001] getaddrinfo failed)"))
2026-01-27 12:39:26,681 - __main__ - ERROR - Error fetching state for SBIN0003342: HTTPSConnectionPool(host='ifsc.razorpay.com', port=443): Max retries exceeded with url: /SBIN0003342 (Caused by NameResolutionError("HTTPSConnection(host='ifsc.razorpay.com', port=443): Failed to resolve 'ifsc.razorpay.com' ([Errno 11001] getaddrinfo failed)"))
2026-01-27 12:39:26,711 - __main__ - ERROR - Error fetching state for UTIB0000293: HTTPSConnectionPool(host='ifsc.razorpay.com', port=443): Max retries exceeded with url: /UTIB0000293 (Caused by NameResolutionError("HTTPSConnection(host='ifsc.razorpay.com', port=443): Failed to resolve 'ifsc.razorpay.com' ([Errno 11001] getaddrinfo failed)"))
2026-01-27 12:39:26,721 - __main__ - ERROR - Error fetching state for CBIN0281627: HTTPSConnectionPool(host='ifsc.razorpay.com', port=443): Max retries exceeded with url: /CBIN0281627 (Caused by NameResolutionError("HTTPSConnection(host='ifsc.razorpay.com', port=443): Failed to resolve 'ifsc.razorpay.com' ([Errno 11001] getaddrinfo failed)"))
2026-01-27 12:39:26,735 - __main__ - ERROR - Error fetching state for SBIN0007050: HTTPSConnectionPool(host='ifsc.razorpay.com', port=443): Max retries exceeded with url: /SBIN0007050 (Caused by NameResolutionError("HTTPSConnection(host='ifsc.razorpay.com', port=443): Failed to resolve 'ifsc.razorpay.com' ([Errno 11001] getaddrinfo failed)"))
2026-01-27 12:39:26,737 - __main__ - ERROR - Error fetching state for IBKL0002000: HTTPSConnectionPool(host='ifsc.razorpay.com', port=443): Max retries exceeded with url: /IBKL0002000 (Caused by NameResolutionError("HTTPSConnection(host='ifsc.razorpay.com', port=443): Failed to resolve 'ifsc.razorpay.com' ([Errno 11001] getaddrinfo failed)"))
2026-01-27 12:39:26,748 - __main__ - ERROR - Error fetching state for UBIN0571806: HTTPSConnectionPool(host='ifsc.razorpay.com', port=443): Max retries exceeded with url: /UBIN0571806 (Caused by NameResolutionError("HTTPSConnection(host='ifsc.razorpay.com', port=443): Failed to resolve 'ifsc.razorpay.com' ([Errno 11001] getaddrinfo failed)"))
2026-01-27 12:39:26,749 - __main__ - ERROR - Error fetching state for PUNB0417000: HTTPSConnectionPool(host='ifsc.razorpay.com', port=443): Max retries exceeded with url: /PUNB0417000 (Caused by NameResolutionError("HTTPSConnection(host='ifsc.razorpay.com', port=443): Failed to resolve 'ifsc.razorpay.com' ([Errno 11001] getaddrinfo failed)"))
2026-01-27 12:39:26,751 - __main__ - ERROR - Error fetching state for ESFB0009120: HTTPSConnectionPool(host='ifsc.razorpay.com', port=443): Max retries exceeded with url: /ESFB0009120 (Caused by NameResolutionError("HTTPSConnection(host='ifsc.razorpay.com', port=443): Failed to resolve 'ifsc.razorpay.com' ([Errno 11001] getaddrinfo failed)"))
2026-01-27 12:39:26,778 - __main__ - ERROR - Error fetching state for SBIN0007050: HTTPSConnectionPool(host='ifsc.razorpay.com', port=443): Max retries exceeded with url: /SBIN0007050 (Caused by NameResolutionError("HTTPSConnection(host='ifsc.razorpay.com', port=443): Failed to resolve 'ifsc.razorpay.com' ([Errno 11001] getaddrinfo failed)"))
2026-01-27 12:39:26,782 - __main__ - ERROR - Error fetching state for CNRB0006657: HTTPSConnectionPool(host='ifsc.razorpay.com', port=443): Max retries exceeded with url: /CNRB0006657 (Caused by NameResolutionError("HTTPSConnection(host='ifsc.razorpay.com', port=443): Failed to resolve 'ifsc.razorpay.com' ([Errno 11001] getaddrinfo failed)"))
2026-01-27 12:39:26,784 - __main__ - ERROR - Error fetching state for UTIB0000008: HTTPSConnectionPool(host='ifsc.razorpay.com', port=443): Max retries exceeded with url: /UTIB0000008 (Caused by NameResolutionError("HTTPSConnection(host='ifsc.razorpay.com', port=443): Failed to resolve 'ifsc.razorpay.com' ([Errno 11001] getaddrinfo failed)"))
2026-01-27 12:39:26,790 - __main__ - ERROR - Error fetching state for PUNB0735400: HTTPSConnectionPool(host='ifsc.razorpay.com', port=443): Max retries exceeded with url: /PUNB0735400 (Caused by NameResolutionError("HTTPSConnection(host='ifsc.razorpay.com', port=443): Failed to resolve 'ifsc.razorpay.com' ([Errno 11001] getaddrinfo failed)"))
2026-01-27 12:39:26,806 - __main__ - ERROR - Error fetching state for SBIN0012441: HTTPSConnectionPool(host='ifsc.razorpay.com', port=443): Max retries exceeded with url: /SBIN0012441 (Caused by NameResolutionError("HTTPSConnection(host='ifsc.razorpay.com', port=443): Failed to resolve 'ifsc.razorpay.com' ([Errno 11001] getaddrinfo failed)"))
2026-01-27 12:39:26,808 - __main__ - ERROR - Error fetching state for SBIN0002578: HTTPSConnectionPool(host='ifsc.razorpay.com', port=443): Max retries exceeded with url: /SBIN0002578 (Caused by NameResolutionError("HTTPSConnection(host='ifsc.razorpay.com', port=443): Failed to resolve 'ifsc.razorpay.com' ([Errno 11001] getaddrinfo failed)"))
2026-01-27 12:39:26,830 - __main__ - ERROR - Error fetching state for PUNB0609400: HTTPSConnectionPool(host='ifsc.razorpay.com', port=443): Max retries exceeded with url: /PUNB0609400 (Caused by NameResolutionError("HTTPSConnection(host='ifsc.razorpay.com', port=443): Failed to resolve 'ifsc.razorpay.com' ([Errno 11001] getaddrinfo failed)"))
2026-01-27 12:39:26,839 - __main__ - ERROR - Error fetching state for UBIN0571806: HTTPSConnectionPool(host='ifsc.razorpay.com', port=443): Max retries exceeded with url: /UBIN0571806 (Caused by NameResolutionError("HTTPSConnection(host='ifsc.razorpay.com', port=443): Failed to resolve 'ifsc.razorpay.com' ([Errno 11001] getaddrinfo failed)"))
2026-01-27 12:39:26,840 - __main__ - ERROR - Error fetching state for KARB0000151: HTTPSConnectionPool(host='ifsc.razorpay.com', port=443): Max retries exceeded with url: /KARB0000151 (Caused by NameResolutionError("HTTPSConnection(host='ifsc.razorpay.com', port=443): Failed to resolve 'ifsc.razorpay.com' ([Errno 11001] getaddrinfo failed)"))
2026-01-27 12:39:26,850 - __main__ - ERROR - Error fetching state for CNRB0000841: HTTPSConnectionPool(host='ifsc.razorpay.com', port=443): Max retries exceeded with url: /CNRB0000841 (Caused by NameResolutionError("HTTPSConnection(host='ifsc.razorpay.com', port=443): Failed to resolve 'ifsc.razorpay.com' ([Errno 11001] getaddrinfo failed)"))
2026-01-27 12:39:26,854 - __main__ - ERROR - Error fetching state for PUNB0735400: HTTPSConnectionPool(host='ifsc.razorpay.com', port=443): Max retries exceeded with url: /PUNB0735400 (Caused by NameResolutionError("HTTPSConnection(host='ifsc.razorpay.com', port=443): Failed to resolve 'ifsc.razorpay.com' ([Errno 11001] getaddrinfo failed)"))
2026-01-27 12:39:26,856 - __main__ - ERROR - Error fetching state for ESFB0009120: HTTPSConnectionPool(host='ifsc.razorpay.com', port=443): Max retries exceeded with url: /ESFB0009120 (Caused by NameResolutionError("HTTPSConnection(host='ifsc.razorpay.com', port=443): Failed to resolve 'ifsc.razorpay.com' ([Errno 11001] getaddrinfo failed)"))
2026-01-27 12:39:26,862 - __main__ - ERROR - Error fetching state for UTIB0000008: HTTPSConnectionPool(host='ifsc.razorpay.com', port=443): Max retries exceeded with url: /UTIB0000008 (Caused by NameResolutionError("HTTPSConnection(host='ifsc.razorpay.com', port=443): Failed to resolve 'ifsc.razorpay.com' ([Errno 11001] getaddrinfo failed)"))
2026-01-27 12:39:26,863 - __main__ - ERROR - Error fetching state for SBIN0012441: HTTPSConnectionPool(host='ifsc.razorpay.com', port=443): Max retries exceeded with url: /SBIN0012441 (Caused by NameResolutionError("HTTPSConnection(host='ifsc.razorpay.com', port=443): Failed to resolve 'ifsc.razorpay.com' ([Errno 11001] getaddrinfo failed)"))
2026-01-27 12:39:26,876 - __main__ - ERROR - Error fetching state for SBIN0002578: HTTPSConnectionPool(host='ifsc.razorpay.com', port=443): Max retries exceeded with url: /SBIN0002578 (Caused by NameResolutionError("HTTPSConnection(host='ifsc.razorpay.com', port=443): Failed to resolve 'ifsc.razorpay.com' ([Errno 11001] getaddrinfo failed)"))
2026-01-27 12:39:26,878 - __main__ - ERROR - Error fetching state for PUNB0609400: HTTPSConnectionPool(host='ifsc.razorpay.com', port=443): Max retries exceeded with url: /PUNB0609400 (Caused by NameResolutionError("HTTPSConnection(host='ifsc.razorpay.com', port=443): Failed to resolve 'ifsc.razorpay.com' ([Errno 11001] getaddrinfo failed)"))
2026-01-27 12:39:26,880 - __main__ - ERROR - Error fetching state for IBKL0000051: HTTPSConnectionPool(host='ifsc.razorpay.com', port=443): Max retries exceeded with url: /IBKL0000051 (Caused by NameResolutionError("HTTPSConnection(host='ifsc.razorpay.com', port=443): Failed to resolve 'ifsc.razorpay.com' ([Errno 11001] getaddrinfo failed)"))
2026-01-27 12:39:26,893 - __main__ - ERROR - Error fetching state for JAKA0SPRING: HTTPSConnectionPool(host='ifsc.razorpay.com', port=443): Max retries exceeded with url: /JAKA0SPRING (Caused by NameResolutionError("HTTPSConnection(host='ifsc.razorpay.com', port=443): Failed to resolve 'ifsc.razorpay.com' ([Errno 11001] getaddrinfo failed)"))
2026-01-27 12:39:26,894 - __main__ - ERROR - Error fetching state for KARB0000151: HTTPSConnectionPool(host='ifsc.razorpay.com', port=443): Max retries exceeded with url: /KARB0000151 (Caused by NameResolutionError("HTTPSConnection(host='ifsc.razorpay.com', port=443): Failed to resolve 'ifsc.razorpay.com' ([Errno 11001] getaddrinfo failed)"))
2026-01-27 12:39:26,907 - __main__ - ERROR - Error fetching state for CNRB0000841: HTTPSConnectionPool(host='ifsc.razorpay.com', port=443): Max retries exceeded with url: /CNRB0000841 (Caused by NameResolutionError("HTTPSConnection(host='ifsc.razorpay.com', port=443): Failed to resolve 'ifsc.razorpay.com' ([Errno 11001] getaddrinfo failed)"))
2026-01-27 12:39:26,907 - __main__ - ERROR - Error fetching state for UTIB0001464: HTTPSConnectionPool(host='ifsc.razorpay.com', port=443): Max retries exceeded with url: /UTIB0001464 (Caused by NameResolutionError("HTTPSConnection(host='ifsc.razorpay.com', port=443): Failed to resolve 'ifsc.razorpay.com' ([Errno 11001] getaddrinfo failed)"))
2026-01-27 12:39:26,912 - __main__ - ERROR - Error fetching state for IBKL0000051: HTTPSConnectionPool(host='ifsc.razorpay.com', port=443): Max retries exceeded with url: /IBKL0000051 (Caused by NameResolutionError("HTTPSConnection(host='ifsc.razorpay.com', port=443): Failed to resolve 'ifsc.razorpay.com' ([Errno 11001] getaddrinfo failed)"))
2026-01-27 12:39:26,928 - __main__ - ERROR - Error fetching state for UBIN0818704: HTTPSConnectionPool(host='ifsc.razorpay.com', port=443): Max retries exceeded with url: /UBIN0818704 (Caused by NameResolutionError("HTTPSConnection(host='ifsc.razorpay.com', port=443): Failed to resolve 'ifsc.razorpay.com' ([Errno 11001] getaddrinfo failed)"))
2026-01-27 12:39:26,930 - __main__ - ERROR - Error fetching state for HDFC0001840: HTTPSConnectionPool(host='ifsc.razorpay.com', port=443): Max retries exceeded with url: /HDFC0001840 (Caused by NameResolutionError("HTTPSConnection(host='ifsc.razorpay.com', port=443): Failed to resolve 'ifsc.razorpay.com' ([Errno 11001] getaddrinfo failed)"))
2026-01-27 12:39:26,932 - __main__ - ERROR - Error fetching state for PUNB0527210: HTTPSConnectionPool(host='ifsc.razorpay.com', port=443): Max retries exceeded with url: /PUNB0527210 (Caused by NameResolutionError("HTTPSConnection(host='ifsc.razorpay.com', port=443): Failed to resolve 'ifsc.razorpay.com' ([Errno 11001] getaddrinfo failed)"))
2026-01-27 12:39:26,937 - __main__ - ERROR - Error fetching state for IOBA0000148: HTTPSConnectionPool(host='ifsc.razorpay.com', port=443): Max retries exceeded with url: /IOBA0000148 (Caused by NameResolutionError("HTTPSConnection(host='ifsc.razorpay.com', port=443): Failed to resolve 'ifsc.razorpay.com' ([Errno 11001] getaddrinfo failed)"))
2026-01-27 12:39:26,943 - __main__ - ERROR - Error fetching state for KKBK0000829: HTTPSConnectionPool(host='ifsc.razorpay.com', port=443): Max retries exceeded with url: /KKBK0000829 (Caused by NameResolutionError("HTTPSConnection(host='ifsc.razorpay.com', port=443): Failed to resolve 'ifsc.razorpay.com' ([Errno 11001] getaddrinfo failed)"))
2026-01-27 12:39:26,947 - __main__ - ERROR - Error fetching state for JAKA0SPRING: HTTPSConnectionPool(host='ifsc.razorpay.com', port=443): Max retries exceeded with url: /JAKA0SPRING (Caused by NameResolutionError("HTTPSConnection(host='ifsc.razorpay.com', port=443): Failed to resolve 'ifsc.razorpay.com' ([Errno 11001] getaddrinfo failed)"))
2026-01-27 12:39:26,948 - __main__ - ERROR - Error fetching state for KSBK0001664: HTTPSConnectionPool(host='ifsc.razorpay.com', port=443): Max retries exceeded with url: /KSBK0001664 (Caused by NameResolutionError("HTTPSConnection(host='ifsc.razorpay.com', port=443): Failed to resolve 'ifsc.razorpay.com' ([Errno 11001] getaddrinfo failed)"))
2026-01-27 12:39:26,958 - __main__ - ERROR - Error fetching state for BARB0JOYAJY: HTTPSConnectionPool(host='ifsc.razorpay.com', port=443): Max retries exceeded with url: /BARB0JOYAJY (Caused by NameResolutionError("HTTPSConnection(host='ifsc.razorpay.com', port=443): Failed to resolve 'ifsc.razorpay.com' ([Errno 11001] getaddrinfo failed)"))
2026-01-27 12:39:26,963 - __main__ - ERROR - Error fetching state for HDFC0001840: HTTPSConnectionPool(host='ifsc.razorpay.com', port=443): Max retries exceeded with url: /HDFC0001840 (Caused by NameResolutionError("HTTPSConnection(host='ifsc.razorpay.com', port=443): Failed to resolve 'ifsc.razorpay.com' ([Errno 11001] getaddrinfo failed)"))
2026-01-27 12:39:26,964 - __main__ - ERROR - Error fetching state for UTIB0001464: HTTPSConnectionPool(host='ifsc.razorpay.com', port=443): Max retries exceeded with url: /UTIB0001464 (Caused by NameResolutionError("HTTPSConnection(host='ifsc.razorpay.com', port=443): Failed to resolve 'ifsc.razorpay.com' ([Errno 11001] getaddrinfo failed)"))
2026-01-27 12:39:26,972 - __main__ - ERROR - Error fetching state for UBIN0818704: HTTPSConnectionPool(host='ifsc.razorpay.com', port=443): Max retries exceeded with url: /UBIN0818704 (Caused by NameResolutionError("HTTPSConnection(host='ifsc.razorpay.com', port=443): Failed to resolve 'ifsc.razorpay.com' ([Errno 11001] getaddrinfo failed)"))
2026-01-27 12:39:26,977 - __main__ - ERROR - Error fetching state for IOBA0000148: HTTPSConnectionPool(host='ifsc.razorpay.com', port=443): Max retries exceeded with url: /IOBA0000148 (Caused by NameResolutionError("HTTPSConnection(host='ifsc.razorpay.com', port=443): Failed to resolve 'ifsc.razorpay.com' ([Errno 11001] getaddrinfo failed)"))
2026-01-27 12:39:26,978 - __main__ - ERROR - Error fetching state for KKBK0000829: HTTPSConnectionPool(host='ifsc.razorpay.com', port=443): Max retries exceeded with url: /KKBK0000829 (Caused by NameResolutionError("HTTPSConnection(host='ifsc.razorpay.com', port=443): Failed to resolve 'ifsc.razorpay.com' ([Errno 11001] getaddrinfo failed)"))
2026-01-27 12:39:26,987 - __main__ - ERROR - Error fetching state for PUNB0527210: HTTPSConnectionPool(host='ifsc.razorpay.com', port=443): Max retries exceeded with url: /PUNB0527210 (Caused by NameResolutionError("HTTPSConnection(host='ifsc.razorpay.com', port=443): Failed to resolve 'ifsc.razorpay.com' ([Errno 11001] getaddrinfo failed)"))
2026-01-27 12:39:26,989 - __main__ - ERROR - Error fetching state for UTIB0000859: HTTPSConnectionPool(host='ifsc.razorpay.com', port=443): Max retries exceeded with url: /UTIB0000859 (Caused by NameResolutionError("HTTPSConnection(host='ifsc.razorpay.com', port=443): Failed to resolve 'ifsc.razorpay.com' ([Errno 11001] getaddrinfo failed)"))
2026-01-27 12:39:26,999 - __main__ - ERROR - Error fetching state for MAHG0005602: HTTPSConnectionPool(host='ifsc.razorpay.com', port=443): Max retries exceeded with url: /MAHG0005602 (Caused by NameResolutionError("HTTPSConnection(host='ifsc.razorpay.com', port=443): Failed to resolve 'ifsc.razorpay.com' ([Errno 11001] getaddrinfo failed)"))
2026-01-27 12:39:27,006 - __main__ - ERROR - Error fetching state for BARB0DBCVIL: HTTPSConnectionPool(host='ifsc.razorpay.com', port=443): Max retries exceeded with url: /BARB0DBCVIL (Caused by NameResolutionError("HTTPSConnection(host='ifsc.razorpay.com', port=443): Failed to resolve 'ifsc.razorpay.com' ([Errno 11001] getaddrinfo failed)"))
2026-01-27 12:39:27,007 - __main__ - ERROR - Error fetching state for BARB0JOYAJY: HTTPSConnectionPool(host='ifsc.razorpay.com', port=443): Max retries exceeded with url: /BARB0JOYAJY (Caused by NameResolutionError("HTTPSConnection(host='ifsc.razorpay.com', port=443): Failed to resolve 'ifsc.razorpay.com' ([Errno 11001] getaddrinfo failed)"))
2026-01-27 12:39:27,013 - __main__ - ERROR - Error fetching state for KSBK0001664: HTTPSConnectionPool(host='ifsc.razorpay.com', port=443): Max retries exceeded with url: /KSBK0001664 (Caused by NameResolutionError("HTTPSConnection(host='ifsc.razorpay.com', port=443): Failed to resolve 'ifsc.razorpay.com' ([Errno 11001] getaddrinfo failed)"))
2026-01-27 12:39:27,014 - __main__ - ERROR - Error fetching state for UTIB0000859: HTTPSConnectionPool(host='ifsc.razorpay.com', port=443): Max retries exceeded with url: /UTIB0000859 (Caused by NameResolutionError("HTTPSConnection(host='ifsc.razorpay.com', port=443): Failed to resolve 'ifsc.razorpay.com' ([Errno 11001] getaddrinfo failed)"))
2026-01-27 12:39:27,022 - __main__ - ERROR - Error fetching state for SBIN0011482: HTTPSConnectionPool(host='ifsc.razorpay.com', port=443): Max retries exceeded with url: /SBIN0011482 (Caused by NameResolutionError("HTTPSConnection(host='ifsc.razorpay.com', port=443): Failed to resolve 'ifsc.razorpay.com' ([Errno 11001] getaddrinfo failed)"))
2026-01-27 12:39:27,026 - __main__ - ERROR - Error fetching state for IBKL0002278: HTTPSConnectionPool(host='ifsc.razorpay.com', port=443): Max retries exceeded with url: /IBKL0002278 (Caused by NameResolutionError("HTTPSConnection(host='ifsc.razorpay.com', port=443): Failed to resolve 'ifsc.razorpay.com' ([Errno 11001] getaddrinfo failed)"))
2026-01-27 12:39:27,034 - __main__ - ERROR - Error fetching state for UBIN0807117: HTTPSConnectionPool(host='ifsc.razorpay.com', port=443): Max retries exceeded with url: /UBIN0807117 (Caused by NameResolutionError("HTTPSConnection(host='ifsc.razorpay.com', port=443): Failed to resolve 'ifsc.razorpay.com' ([Errno 11001] getaddrinfo failed)"))
2026-01-27 12:39:27,042 - __main__ - ERROR - Error fetching state for BARB0YEDITH: HTTPSConnectionPool(host='ifsc.razorpay.com', port=443): Max retries exceeded with url: /BARB0YEDITH (Caused by NameResolutionError("HTTPSConnection(host='ifsc.razorpay.com', port=443): Failed to resolve 'ifsc.razorpay.com' ([Errno 11001] getaddrinfo failed)"))
2026-01-27 12:39:27,044 - __main__ - ERROR - Error fetching state for MAHG0005602: HTTPSConnectionPool(host='ifsc.razorpay.com', port=443): Max retries exceeded with url: /MAHG0005602 (Caused by NameResolutionError("HTTPSConnection(host='ifsc.razorpay.com', port=443): Failed to resolve 'ifsc.razorpay.com' ([Errno 11001] getaddrinfo failed)"))
2026-01-27 12:39:27,047 - __main__ - ERROR - Error fetching state for SBIN0030437: HTTPSConnectionPool(host='ifsc.razorpay.com', port=443): Max retries exceeded with url: /SBIN0030437 (Caused by NameResolutionError("HTTPSConnection(host='ifsc.razorpay.com', port=443): Failed to resolve 'ifsc.razorpay.com' ([Errno 11001] getaddrinfo failed)"))
2026-01-27 12:39:27,059 - __main__ - ERROR - Error fetching state for SBIN0011989: HTTPSConnectionPool(host='ifsc.razorpay.com', port=443): Max retries exceeded with url: /SBIN0011989 (Caused by NameResolutionError("HTTPSConnection(host='ifsc.razorpay.com', port=443): Failed to resolve 'ifsc.razorpay.com' ([Errno 11001] getaddrinfo failed)"))
2026-01-27 12:39:27,061 - __main__ - ERROR - Error fetching state for UTIB0000114: HTTPSConnectionPool(host='ifsc.razorpay.com', port=443): Max retries exceeded with url: /UTIB0000114 (Caused by NameResolutionError("HTTPSConnection(host='ifsc.razorpay.com', port=443): Failed to resolve 'ifsc.razorpay.com' ([Errno 11001] getaddrinfo failed)"))
2026-01-27 12:39:27,062 - __main__ - ERROR - Error fetching state for BARB0DBCVIL: HTTPSConnectionPool(host='ifsc.razorpay.com', port=443): Max retries exceeded with url: /BARB0DBCVIL (Caused by NameResolutionError("HTTPSConnection(host='ifsc.razorpay.com', port=443): Failed to resolve 'ifsc.razorpay.com' ([Errno 11001] getaddrinfo failed)"))
2026-01-27 12:39:27,072 - __main__ - ERROR - Error fetching state for SBIN0011482: HTTPSConnectionPool(host='ifsc.razorpay.com', port=443): Max retries exceeded with url: /SBIN0011482 (Caused by NameResolutionError("HTTPSConnection(host='ifsc.razorpay.com', port=443): Failed to resolve 'ifsc.razorpay.com' ([Errno 11001] getaddrinfo failed)"))
2026-01-27 12:39:27,072 - __main__ - ERROR - Error fetching state for UBIN0807117: HTTPSConnectionPool(host='ifsc.razorpay.com', port=443): Max retries exceeded with url: /UBIN0807117 (Caused by NameResolutionError("HTTPSConnection(host='ifsc.razorpay.com', port=443): Failed to resolve 'ifsc.razorpay.com' ([Errno 11001] getaddrinfo failed)"))
2026-01-27 12:39:27,079 - __main__ - ERROR - Error fetching state for IBKL0002278: HTTPSConnectionPool(host='ifsc.razorpay.com', port=443): Max retries exceeded with url: /IBKL0002278 (Caused by NameResolutionError("HTTPSConnection(host='ifsc.razorpay.com', port=443): Failed to resolve 'ifsc.razorpay.com' ([Errno 11001] getaddrinfo failed)"))
2026-01-27 12:39:27,089 - __main__ - ERROR - Error fetching state for BARB0YEDITH: HTTPSConnectionPool(host='ifsc.razorpay.com', port=443): Max retries exceeded with url: /BARB0YEDITH (Caused by NameResolutionError("HTTPSConnection(host='ifsc.razorpay.com', port=443): Failed to resolve 'ifsc.razorpay.com' ([Errno 11001] getaddrinfo failed)"))
2026-01-27 12:39:27,090 - __main__ - ERROR - Error fetching state for SBIN0030437: HTTPSConnectionPool(host='ifsc.razorpay.com', port=443): Max retries exceeded with url: /SBIN0030437 (Caused by NameResolutionError("HTTPSConnection(host='ifsc.razorpay.com', port=443): Failed to resolve 'ifsc.razorpay.com' ([Errno 11001] getaddrinfo failed)"))
2026-01-27 12:39:27,091 - __main__ - ERROR - Error fetching state for SBIN0006810: HTTPSConnectionPool(host='ifsc.razorpay.com', port=443): Max retries exceeded with url: /SBIN0006810 (Caused by NameResolutionError("HTTPSConnection(host='ifsc.razorpay.com', port=443): Failed to resolve 'ifsc.razorpay.com' ([Errno 11001] getaddrinfo failed)"))
2026-01-27 12:39:27,092 - __main__ - ERROR - Error fetching state for CNRB0006103: HTTPSConnectionPool(host='ifsc.razorpay.com', port=443): Max retries exceeded with url: /CNRB0006103 (Caused by NameResolutionError("HTTPSConnection(host='ifsc.razorpay.com', port=443): Failed to resolve 'ifsc.razorpay.com' ([Errno 11001] getaddrinfo failed)"))
2026-01-27 12:39:27,097 - __main__ - ERROR - Error fetching state for BDBL0001067: HTTPSConnectionPool(host='ifsc.razorpay.com', port=443): Max retries exceeded with url: /BDBL0001067 (Caused by NameResolutionError("HTTPSConnection(host='ifsc.razorpay.com', port=443): Failed to resolve 'ifsc.razorpay.com' ([Errno 11001] getaddrinfo failed)"))
2026-01-27 12:39:27,107 - __main__ - ERROR - Error fetching state for SBIN0006810: HTTPSConnectionPool(host='ifsc.razorpay.com', port=443): Max retries exceeded with url: /SBIN0006810 (Caused by NameResolutionError("HTTPSConnection(host='ifsc.razorpay.com', port=443): Failed to resolve 'ifsc.razorpay.com' ([Errno 11001] getaddrinfo failed)"))
2026-01-27 12:39:27,108 - __main__ - ERROR - Error fetching state for UTIB0000114: HTTPSConnectionPool(host='ifsc.razorpay.com', port=443): Max retries exceeded with url: /UTIB0000114 (Caused by NameResolutionError("HTTPSConnection(host='ifsc.razorpay.com', port=443): Failed to resolve 'ifsc.razorpay.com' ([Errno 11001] getaddrinfo failed)"))
2026-01-27 12:39:27,111 - __main__ - ERROR - Error fetching state for SBIN0011989: HTTPSConnectionPool(host='ifsc.razorpay.com', port=443): Max retries exceeded with url: /SBIN0011989 (Caused by NameResolutionError("HTTPSConnection(host='ifsc.razorpay.com', port=443): Failed to resolve 'ifsc.razorpay.com' ([Errno 11001] getaddrinfo failed)"))
2026-01-27 12:39:27,116 - __main__ - ERROR - Error fetching state for BARB0PENDUR: HTTPSConnectionPool(host='ifsc.razorpay.com', port=443): Max retries exceeded with url: /BARB0PENDUR (Caused by NameResolutionError("HTTPSConnection(host='ifsc.razorpay.com', port=443): Failed to resolve 'ifsc.razorpay.com' ([Errno 11001] getaddrinfo failed)"))
2026-01-27 12:39:27,122 - __main__ - ERROR - Error fetching state for SBIN0000535: HTTPSConnectionPool(host='ifsc.razorpay.com', port=443): Max retries exceeded with url: /SBIN0000535 (Caused by NameResolutionError("HTTPSConnection(host='ifsc.razorpay.com', port=443): Failed to resolve 'ifsc.razorpay.com' ([Errno 11001] getaddrinfo failed)"))
2026-01-27 12:39:27,126 - __main__ - ERROR - Error fetching state for CNRB0018634: HTTPSConnectionPool(host='ifsc.razorpay.com', port=443): Max retries exceeded with url: /CNRB0018634 (Caused by NameResolutionError("HTTPSConnection(host='ifsc.razorpay.com', port=443): Failed to resolve 'ifsc.razorpay.com' ([Errno 11001] getaddrinfo failed)"))
2026-01-27 12:39:27,136 - __main__ - ERROR - Error fetching state for KKBK0000555: HTTPSConnectionPool(host='ifsc.razorpay.com', port=443): Max retries exceeded with url: /KKBK0000555 (Caused by NameResolutionError("HTTPSConnection(host='ifsc.razorpay.com', port=443): Failed to resolve 'ifsc.razorpay.com' ([Errno 11001] getaddrinfo failed)"))
2026-01-27 12:39:27,140 - __main__ - ERROR - Error fetching state for FINO0000001: HTTPSConnectionPool(host='ifsc.razorpay.com', port=443): Max retries exceeded with url: /FINO0000001 (Caused by NameResolutionError("HTTPSConnection(host='ifsc.razorpay.com', port=443): Failed to resolve 'ifsc.razorpay.com' ([Errno 11001] getaddrinfo failed)"))
2026-01-27 12:39:27,147 - __main__ - ERROR - Error fetching state for CNRB0006103: HTTPSConnectionPool(host='ifsc.razorpay.com', port=443): Max retries exceeded with url: /CNRB0006103 (Caused by NameResolutionError("HTTPSConnection(host='ifsc.razorpay.com', port=443): Failed to resolve 'ifsc.razorpay.com' ([Errno 11001] getaddrinfo failed)"))
2026-01-27 12:39:27,162 - __main__ - ERROR - Error fetching state for UBIN0826383: HTTPSConnectionPool(host='ifsc.razorpay.com', port=443): Max retries exceeded with url: /UBIN0826383 (Caused by NameResolutionError("HTTPSConnection(host='ifsc.razorpay.com', port=443): Failed to resolve 'ifsc.razorpay.com' ([Errno 11001] getaddrinfo failed)"))
2026-01-27 12:39:27,163 - __main__ - ERROR - Error fetching state for PUNB0059600: HTTPSConnectionPool(host='ifsc.razorpay.com', port=443): Max retries exceeded with url: /PUNB0059600 (Caused by NameResolutionError("HTTPSConnection(host='ifsc.razorpay.com', port=443): Failed to resolve 'ifsc.razorpay.com' ([Errno 11001] getaddrinfo failed)"))
2026-01-27 12:39:27,166 - __main__ - ERROR - Error fetching state for BARB0PENDUR: HTTPSConnectionPool(host='ifsc.razorpay.com', port=443): Max retries exceeded with url: /BARB0PENDUR (Caused by NameResolutionError("HTTPSConnection(host='ifsc.razorpay.com', port=443): Failed to resolve 'ifsc.razorpay.com' ([Errno 11001] getaddrinfo failed)"))
2026-01-27 12:39:27,166 - __main__ - ERROR - Error fetching state for BDBL0001067: HTTPSConnectionPool(host='ifsc.razorpay.com', port=443): Max retries exceeded with url: /BDBL0001067 (Caused by NameResolutionError("HTTPSConnection(host='ifsc.razorpay.com', port=443): Failed to resolve 'ifsc.razorpay.com' ([Errno 11001] getaddrinfo failed)"))
2026-01-27 12:39:27,179 - __main__ - ERROR - Error fetching state for SBIN0000535: HTTPSConnectionPool(host='ifsc.razorpay.com', port=443): Max retries exceeded with url: /SBIN0000535 (Caused by NameResolutionError("HTTPSConnection(host='ifsc.razorpay.com', port=443): Failed to resolve 'ifsc.razorpay.com' ([Errno 11001] getaddrinfo failed)"))
2026-01-27 12:39:27,183 - __main__ - ERROR - Error fetching state for KKBK0000555: HTTPSConnectionPool(host='ifsc.razorpay.com', port=443): Max retries exceeded with url: /KKBK0000555 (Caused by NameResolutionError("HTTPSConnection(host='ifsc.razorpay.com', port=443): Failed to resolve 'ifsc.razorpay.com' ([Errno 11001] getaddrinfo failed)"))
2026-01-27 12:39:27,188 - __main__ - ERROR - Error fetching state for CNRB0018634: HTTPSConnectionPool(host='ifsc.razorpay.com', port=443): Max retries exceeded with url: /CNRB0018634 (Caused by NameResolutionError("HTTPSConnection(host='ifsc.razorpay.com', port=443): Failed to resolve 'ifsc.razorpay.com' ([Errno 11001] getaddrinfo failed)"))
2026-01-27 12:39:27,195 - __main__ - ERROR - Error fetching state for UBIN0826383: HTTPSConnectionPool(host='ifsc.razorpay.com', port=443): Max retries exceeded with url: /UBIN0826383 (Caused by NameResolutionError("HTTPSConnection(host='ifsc.razorpay.com', port=443): Failed to resolve 'ifsc.razorpay.com' ([Errno 11001] getaddrinfo failed)"))
2026-01-27 12:39:27,196 - __main__ - ERROR - Error fetching state for IBKL0000720: HTTPSConnectionPool(host='ifsc.razorpay.com', port=443): Max retries exceeded with url: /IBKL0000720 (Caused by NameResolutionError("HTTPSConnection(host='ifsc.razorpay.com', port=443): Failed to resolve 'ifsc.razorpay.com' ([Errno 11001] getaddrinfo failed)"))
2026-01-27 12:39:27,210 - __main__ - ERROR - Error fetching state for FINO0000001: HTTPSConnectionPool(host='ifsc.razorpay.com', port=443): Max retries exceeded with url: /FINO0000001 (Caused by NameResolutionError("HTTPSConnection(host='ifsc.razorpay.com', port=443): Failed to resolve 'ifsc.razorpay.com' ([Errno 11001] getaddrinfo failed)"))
2026-01-27 12:39:27,211 - __main__ - ERROR - Error fetching state for CNRB0002078: HTTPSConnectionPool(host='ifsc.razorpay.com', port=443): Max retries exceeded with url: /CNRB0002078 (Caused by NameResolutionError("HTTPSConnection(host='ifsc.razorpay.com', port=443): Failed to resolve 'ifsc.razorpay.com' ([Errno 11001] getaddrinfo failed)"))
2026-01-27 12:39:27,213 - __main__ - ERROR - Error fetching state for SBIN0070568: HTTPSConnectionPool(host='ifsc.razorpay.com', port=443): Max retries exceeded with url: /SBIN0070568 (Caused by NameResolutionError("HTTPSConnection(host='ifsc.razorpay.com', port=443): Failed to resolve 'ifsc.razorpay.com' ([Errno 11001] getaddrinfo failed)"))
2026-01-27 12:39:27,222 - __main__ - ERROR - Error fetching state for PUNB0059600: HTTPSConnectionPool(host='ifsc.razorpay.com', port=443): Max retries exceeded with url: /PUNB0059600 (Caused by NameResolutionError("HTTPSConnection(host='ifsc.razorpay.com', port=443): Failed to resolve 'ifsc.razorpay.com' ([Errno 11001] getaddrinfo failed)"))
2026-01-27 12:39:27,227 - __main__ - ERROR - Error fetching state for PUNB0471700: HTTPSConnectionPool(host='ifsc.razorpay.com', port=443): Max retries exceeded with url: /PUNB0471700 (Caused by NameResolutionError("HTTPSConnection(host='ifsc.razorpay.com', port=443): Failed to resolve 'ifsc.razorpay.com' ([Errno 11001] getaddrinfo failed)"))
2026-01-27 12:39:27,229 - __main__ - ERROR - Error fetching state for KARB0000540: HTTPSConnectionPool(host='ifsc.razorpay.com', port=443): Max retries exceeded with url: /KARB0000540 (Caused by NameResolutionError("HTTPSConnection(host='ifsc.razorpay.com', port=443): Failed to resolve 'ifsc.razorpay.com' ([Errno 11001] getaddrinfo failed)"))
2026-01-27 12:39:27,234 - __main__ - ERROR - Error fetching state for FDRL0002542: HTTPSConnectionPool(host='ifsc.razorpay.com', port=443): Max retries exceeded with url: /FDRL0002542 (Caused by NameResolutionError("HTTPSConnection(host='ifsc.razorpay.com', port=443): Failed to resolve 'ifsc.razorpay.com' ([Errno 11001] getaddrinfo failed)"))
2026-01-27 12:39:27,243 - __main__ - ERROR - Error fetching state for IBKL0000720: HTTPSConnectionPool(host='ifsc.razorpay.com', port=443): Max retries exceeded with url: /IBKL0000720 (Caused by NameResolutionError("HTTPSConnection(host='ifsc.razorpay.com', port=443): Failed to resolve 'ifsc.razorpay.com' ([Errno 11001] getaddrinfo failed)"))
2026-01-27 12:39:27,244 - __main__ - ERROR - Error fetching state for BARB0VANIAS: HTTPSConnectionPool(host='ifsc.razorpay.com', port=443): Max retries exceeded with url: /BARB0VANIAS (Caused by NameResolutionError("HTTPSConnection(host='ifsc.razorpay.com', port=443): Failed to resolve 'ifsc.razorpay.com' ([Errno 11001] getaddrinfo failed)"))
2026-01-27 12:39:27,249 - __main__ - ERROR - Error fetching state for IOBA0000892: HTTPSConnectionPool(host='ifsc.razorpay.com', port=443): Max retries exceeded with url: /IOBA0000892 (Caused by NameResolutionError("HTTPSConnection(host='ifsc.razorpay.com', port=443): Failed to resolve 'ifsc.razorpay.com' ([Errno 11001] getaddrinfo failed)"))
2026-01-27 12:39:27,253 - __main__ - ERROR - Error fetching state for SBIN0070568: HTTPSConnectionPool(host='ifsc.razorpay.com', port=443): Max retries exceeded with url: /SBIN0070568 (Caused by NameResolutionError("HTTPSConnection(host='ifsc.razorpay.com', port=443): Failed to resolve 'ifsc.razorpay.com' ([Errno 11001] getaddrinfo failed)"))
2026-01-27 12:39:27,263 - __main__ - ERROR - Error fetching state for INDB0000728: HTTPSConnectionPool(host='ifsc.razorpay.com', port=443): Max retries exceeded with url: /INDB0000728 (Caused by NameResolutionError("HTTPSConnection(host='ifsc.razorpay.com', port=443): Failed to resolve 'ifsc.razorpay.com' ([Errno 11001] getaddrinfo failed)"))
2026-01-27 12:39:27,264 - __main__ - ERROR - Error fetching state for INDB0000038: HTTPSConnectionPool(host='ifsc.razorpay.com', port=443): Max retries exceeded with url: /INDB0000038 (Caused by NameResolutionError("HTTPSConnection(host='ifsc.razorpay.com', port=443): Failed to resolve 'ifsc.razorpay.com' ([Errno 11001] getaddrinfo failed)"))
2026-01-27 12:39:27,277 - __main__ - ERROR - Error fetching state for PUNB0471700: HTTPSConnectionPool(host='ifsc.razorpay.com', port=443): Max retries exceeded with url: /PUNB0471700 (Caused by NameResolutionError("HTTPSConnection(host='ifsc.razorpay.com', port=443): Failed to resolve 'ifsc.razorpay.com' ([Errno 11001] getaddrinfo failed)"))
2026-01-27 12:39:27,278 - __main__ - ERROR - Error fetching state for CNRB0002078: HTTPSConnectionPool(host='ifsc.razorpay.com', port=443): Max retries exceeded with url: /CNRB0002078 (Caused by NameResolutionError("HTTPSConnection(host='ifsc.razorpay.com', port=443): Failed to resolve 'ifsc.razorpay.com' ([Errno 11001] getaddrinfo failed)"))
2026-01-27 12:39:27,278 - __main__ - ERROR - Error fetching state for FDRL0002542: HTTPSConnectionPool(host='ifsc.razorpay.com', port=443): Max retries exceeded with url: /FDRL0002542 (Caused by NameResolutionError("HTTPSConnection(host='ifsc.razorpay.com', port=443): Failed to resolve 'ifsc.razorpay.com' ([Errno 11001] getaddrinfo failed)"))
2026-01-27 12:39:27,291 - __main__ - ERROR - Error fetching state for KARB0000540: HTTPSConnectionPool(host='ifsc.razorpay.com', port=443): Max retries exceeded with url: /KARB0000540 (Caused by NameResolutionError("HTTPSConnection(host='ifsc.razorpay.com', port=443): Failed to resolve 'ifsc.razorpay.com' ([Errno 11001] getaddrinfo failed)"))
2026-01-27 12:39:27,295 - __main__ - ERROR - Error fetching state for IOBA0000892: HTTPSConnectionPool(host='ifsc.razorpay.com', port=443): Max retries exceeded with url: /IOBA0000892 (Caused by NameResolutionError("HTTPSConnection(host='ifsc.razorpay.com', port=443): Failed to resolve 'ifsc.razorpay.com' ([Errno 11001] getaddrinfo failed)"))
2026-01-27 12:39:27,296 - __main__ - ERROR - Error fetching state for BARB0VANIAS: HTTPSConnectionPool(host='ifsc.razorpay.com', port=443): Max retries exceeded with url: /BARB0VANIAS (Caused by NameResolutionError("HTTPSConnection(host='ifsc.razorpay.com', port=443): Failed to resolve 'ifsc.razorpay.com' ([Errno 11001] getaddrinfo failed)"))
2026-01-27 12:39:27,305 - __main__ - ERROR - Error fetching state for INDB0000038: HTTPSConnectionPool(host='ifsc.razorpay.com', port=443): Max retries exceeded with url: /INDB0000038 (Caused by NameResolutionError("HTTPSConnection(host='ifsc.razorpay.com', port=443): Failed to resolve 'ifsc.razorpay.com' ([Errno 11001] getaddrinfo failed)"))
2026-01-27 12:39:27,307 - __main__ - ERROR - Error fetching state for SGBA0000228: HTTPSConnectionPool(host='ifsc.razorpay.com', port=443): Max retries exceeded with url: /SGBA0000228 (Caused by NameResolutionError("HTTPSConnection(host='ifsc.razorpay.com', port=443): Failed to resolve 'ifsc.razorpay.com' ([Errno 11001] getaddrinfo failed)"))
2026-01-27 12:39:27,309 - __main__ - ERROR - Error fetching state for BARB0000000: HTTPSConnectionPool(host='ifsc.razorpay.com', port=443): Max retries exceeded with url: /BARB0000000 (Caused by NameResolutionError("HTTPSConnection(host='ifsc.razorpay.com', port=443): Failed to resolve 'ifsc.razorpay.com' ([Errno 11001] getaddrinfo failed)"))
2026-01-27 12:39:27,313 - __main__ - ERROR - Error fetching state for SBIN0003244: HTTPSConnectionPool(host='ifsc.razorpay.com', port=443): Max retries exceeded with url: /SBIN0003244 (Caused by NameResolutionError("HTTPSConnection(host='ifsc.razorpay.com', port=443): Failed to resolve 'ifsc.razorpay.com' ([Errno 11001] getaddrinfo failed)"))
2026-01-27 12:39:27,324 - __main__ - ERROR - Error fetching state for INDB0000728: HTTPSConnectionPool(host='ifsc.razorpay.com', port=443): Max retries exceeded with url: /INDB0000728 (Caused by NameResolutionError("HTTPSConnection(host='ifsc.razorpay.com', port=443): Failed to resolve 'ifsc.razorpay.com' ([Errno 11001] getaddrinfo failed)"))
2026-01-27 12:39:27,325 - __main__ - ERROR - Error fetching state for PUNB0017900: HTTPSConnectionPool(host='ifsc.razorpay.com', port=443): Max retries exceeded with url: /PUNB0017900 (Caused by NameResolutionError("HTTPSConnection(host='ifsc.razorpay.com', port=443): Failed to resolve 'ifsc.razorpay.com' ([Errno 11001] getaddrinfo failed)"))
2026-01-27 12:39:27,331 - __main__ - ERROR - Error fetching state for SBIN0005198: HTTPSConnectionPool(host='ifsc.razorpay.com', port=443): Max retries exceeded with url: /SBIN0005198 (Caused by NameResolutionError("HTTPSConnection(host='ifsc.razorpay.com', port=443): Failed to resolve 'ifsc.razorpay.com' ([Errno 11001] getaddrinfo failed)"))
2026-01-27 12:39:27,336 - __main__ - ERROR - Error fetching state for SBIN0007351: HTTPSConnectionPool(host='ifsc.razorpay.com', port=443): Max retries exceeded with url: /SBIN0007351 (Caused by NameResolutionError("HTTPSConnection(host='ifsc.razorpay.com', port=443): Failed to resolve 'ifsc.razorpay.com' ([Errno 11001] getaddrinfo failed)"))
2026-01-27 12:39:27,341 - __main__ - ERROR - Error fetching state for SGBA0000228: HTTPSConnectionPool(host='ifsc.razorpay.com', port=443): Max retries exceeded with url: /SGBA0000228 (Caused by NameResolutionError("HTTPSConnection(host='ifsc.razorpay.com', port=443): Failed to resolve 'ifsc.razorpay.com' ([Errno 11001] getaddrinfo failed)"))
2026-01-27 12:39:27,345 - __main__ - ERROR - Error fetching state for INDB0000833: HTTPSConnectionPool(host='ifsc.razorpay.com', port=443): Max retries exceeded with url: /INDB0000833 (Caused by NameResolutionError("HTTPSConnection(host='ifsc.razorpay.com', port=443): Failed to resolve 'ifsc.razorpay.com' ([Errno 11001] getaddrinfo failed)"))
2026-01-27 12:39:27,352 - __main__ - ERROR - Error fetching state for BARB0DIGITB: HTTPSConnectionPool(host='ifsc.razorpay.com', port=443): Max retries exceeded with url: /BARB0DIGITB (Caused by NameResolutionError("HTTPSConnection(host='ifsc.razorpay.com', port=443): Failed to resolve 'ifsc.razorpay.com' ([Errno 11001] getaddrinfo failed)"))
2026-01-27 12:39:27,365 - __main__ - ERROR - Error fetching state for AUBL0002249: HTTPSConnectionPool(host='ifsc.razorpay.com', port=443): Max retries exceeded with url: /AUBL0002249 (Caused by NameResolutionError("HTTPSConnection(host='ifsc.razorpay.com', port=443): Failed to resolve 'ifsc.razorpay.com' ([Errno 11001] getaddrinfo failed)"))
2026-01-27 12:39:27,369 - __main__ - ERROR - Error fetching state for SBIN0016229: HTTPSConnectionPool(host='ifsc.razorpay.com', port=443): Max retries exceeded with url: /SBIN0016229 (Caused by NameResolutionError("HTTPSConnection(host='ifsc.razorpay.com', port=443): Failed to resolve 'ifsc.razorpay.com' ([Errno 11001] getaddrinfo failed)"))
2026-01-27 12:39:27,374 - __main__ - ERROR - Error fetching state for BARB0000000: HTTPSConnectionPool(host='ifsc.razorpay.com', port=443): Max retries exceeded with url: /BARB0000000 (Caused by NameResolutionError("HTTPSConnection(host='ifsc.razorpay.com', port=443): Failed to resolve 'ifsc.razorpay.com' ([Errno 11001] getaddrinfo failed)"))
2026-01-27 12:39:27,376 - __main__ - ERROR - Error fetching state for PUNB0017900: HTTPSConnectionPool(host='ifsc.razorpay.com', port=443): Max retries exceeded with url: /PUNB0017900 (Caused by NameResolutionError("HTTPSConnection(host='ifsc.razorpay.com', port=443): Failed to resolve 'ifsc.razorpay.com' ([Errno 11001] getaddrinfo failed)"))
2026-01-27 12:39:27,376 - __main__ - ERROR - Error fetching state for SBIN0003244: HTTPSConnectionPool(host='ifsc.razorpay.com', port=443): Max retries exceeded with url: /SBIN0003244 (Caused by NameResolutionError("HTTPSConnection(host='ifsc.razorpay.com', port=443): Failed to resolve 'ifsc.razorpay.com' ([Errno 11001] getaddrinfo failed)"))
2026-01-27 12:39:27,394 - __main__ - ERROR - Error fetching state for BARB0DIGITB: HTTPSConnectionPool(host='ifsc.razorpay.com', port=443): Max retries exceeded with url: /BARB0DIGITB (Caused by NameResolutionError("HTTPSConnection(host='ifsc.razorpay.com', port=443): Failed to resolve 'ifsc.razorpay.com' ([Errno 11001] getaddrinfo failed)"))
2026-01-27 12:39:27,395 - __main__ - ERROR - Error fetching state for INDB0000833: HTTPSConnectionPool(host='ifsc.razorpay.com', port=443): Max retries exceeded with url: /INDB0000833 (Caused by NameResolutionError("HTTPSConnection(host='ifsc.razorpay.com', port=443): Failed to resolve 'ifsc.razorpay.com' ([Errno 11001] getaddrinfo failed)"))
2026-01-27 12:39:27,395 - __main__ - ERROR - Error fetching state for SBIN0005198: HTTPSConnectionPool(host='ifsc.razorpay.com', port=443): Max retries exceeded with url: /SBIN0005198 (Caused by NameResolutionError("HTTPSConnection(host='ifsc.razorpay.com', port=443): Failed to resolve 'ifsc.razorpay.com' ([Errno 11001] getaddrinfo failed)"))
2026-01-27 12:39:27,399 - __main__ - ERROR - Error fetching state for SBIN0007351: HTTPSConnectionPool(host='ifsc.razorpay.com', port=443): Max retries exceeded with url: /SBIN0007351 (Caused by NameResolutionError("HTTPSConnection(host='ifsc.razorpay.com', port=443): Failed to resolve 'ifsc.razorpay.com' ([Errno 11001] getaddrinfo failed)"))
2026-01-27 12:39:27,405 - __main__ - ERROR - Error fetching state for CNRB0005537: HTTPSConnectionPool(host='ifsc.razorpay.com', port=443): Max retries exceeded with url: /CNRB0005537 (Caused by NameResolutionError("HTTPSConnection(host='ifsc.razorpay.com', port=443): Failed to resolve 'ifsc.razorpay.com' ([Errno 11001] getaddrinfo failed)"))
2026-01-27 12:39:27,411 - __main__ - ERROR - Error fetching state for CIUB0000001: HTTPSConnectionPool(host='ifsc.razorpay.com', port=443): Max retries exceeded with url: /CIUB0000001 (Caused by NameResolutionError("HTTPSConnection(host='ifsc.razorpay.com', port=443): Failed to resolve 'ifsc.razorpay.com' ([Errno 11001] getaddrinfo failed)"))
2026-01-27 12:39:27,411 - __main__ - ERROR - Error fetching state for SBIN0016229: HTTPSConnectionPool(host='ifsc.razorpay.com', port=443): Max retries exceeded with url: /SBIN0016229 (Caused by NameResolutionError("HTTPSConnection(host='ifsc.razorpay.com', port=443): Failed to resolve 'ifsc.razorpay.com' ([Errno 11001] getaddrinfo failed)"))
2026-01-27 12:39:27,417 - __main__ - ERROR - Error fetching state for BKID0005555: HTTPSConnectionPool(host='ifsc.razorpay.com', port=443): Max retries exceeded with url: /BKID0005555 (Caused by NameResolutionError("HTTPSConnection(host='ifsc.razorpay.com', port=443): Failed to resolve 'ifsc.razorpay.com' ([Errno 11001] getaddrinfo failed)"))
2026-01-27 12:39:27,427 - __main__ - ERROR - Error fetching state for MAHB0001317: HTTPSConnectionPool(host='ifsc.razorpay.com', port=443): Max retries exceeded with url: /MAHB0001317 (Caused by NameResolutionError("HTTPSConnection(host='ifsc.razorpay.com', port=443): Failed to resolve 'ifsc.razorpay.com' ([Errno 11001] getaddrinfo failed)"))
2026-01-27 12:39:27,428 - __main__ - ERROR - Error fetching state for SBIN0000330: HTTPSConnectionPool(host='ifsc.razorpay.com', port=443): Max retries exceeded with url: /SBIN0000330 (Caused by NameResolutionError("HTTPSConnection(host='ifsc.razorpay.com', port=443): Failed to resolve 'ifsc.razorpay.com' ([Errno 11001] getaddrinfo failed)"))
2026-01-27 12:39:27,437 - __main__ - ERROR - Error fetching state for AUBL0002249: HTTPSConnectionPool(host='ifsc.razorpay.com', port=443): Max retries exceeded with url: /AUBL0002249 (Caused by NameResolutionError("HTTPSConnection(host='ifsc.razorpay.com', port=443): Failed to resolve 'ifsc.razorpay.com' ([Errno 11001] getaddrinfo failed)"))
2026-01-27 12:39:27,442 - __main__ - ERROR - Error fetching state for RATN0000313: HTTPSConnectionPool(host='ifsc.razorpay.com', port=443): Max retries exceeded with url: /RATN0000313 (Caused by NameResolutionError("HTTPSConnection(host='ifsc.razorpay.com', port=443): Failed to resolve 'ifsc.razorpay.com' ([Errno 11001] getaddrinfo failed)"))
2026-01-27 12:39:27,449 - __main__ - ERROR - Error fetching state for CNRB0005537: HTTPSConnectionPool(host='ifsc.razorpay.com', port=443): Max retries exceeded with url: /CNRB0005537 (Caused by NameResolutionError("HTTPSConnection(host='ifsc.razorpay.com', port=443): Failed to resolve 'ifsc.razorpay.com' ([Errno 11001] getaddrinfo failed)"))
2026-01-27 12:39:27,462 - __main__ - ERROR - Error fetching state for UCBA0002816: HTTPSConnectionPool(host='ifsc.razorpay.com', port=443): Max retries exceeded with url: /UCBA0002816 (Caused by NameResolutionError("HTTPSConnection(host='ifsc.razorpay.com', port=443): Failed to resolve 'ifsc.razorpay.com' ([Errno 11001] getaddrinfo failed)"))
2026-01-27 12:39:27,463 - __main__ - ERROR - Error fetching state for PUNB0387600: HTTPSConnectionPool(host='ifsc.razorpay.com', port=443): Max retries exceeded with url: /PUNB0387600 (Caused by NameResolutionError("HTTPSConnection(host='ifsc.razorpay.com', port=443): Failed to resolve 'ifsc.razorpay.com' ([Errno 11001] getaddrinfo failed)"))
2026-01-27 12:39:27,469 - __main__ - ERROR - Error fetching state for SBIN0040023: HTTPSConnectionPool(host='ifsc.razorpay.com', port=443): Max retries exceeded with url: /SBIN0040023 (Caused by NameResolutionError("HTTPSConnection(host='ifsc.razorpay.com', port=443): Failed to resolve 'ifsc.razorpay.com' ([Errno 11001] getaddrinfo failed)"))
2026-01-27 12:39:27,475 - __main__ - ERROR - Error fetching state for CNRB0013560: HTTPSConnectionPool(host='ifsc.razorpay.com', port=443): Max retries exceeded with url: /CNRB0013560 (Caused by NameResolutionError("HTTPSConnection(host='ifsc.razorpay.com', port=443): Failed to resolve 'ifsc.razorpay.com' ([Errno 11001] getaddrinfo failed)"))
2026-01-27 12:39:27,482 - __main__ - ERROR - Error fetching state for CIUB0000001: HTTPSConnectionPool(host='ifsc.razorpay.com', port=443): Max retries exceeded with url: /CIUB0000001 (Caused by NameResolutionError("HTTPSConnection(host='ifsc.razorpay.com', port=443): Failed to resolve 'ifsc.razorpay.com' ([Errno 11001] getaddrinfo failed)"))
2026-01-27 12:39:27,489 - __main__ - ERROR - Error fetching state for SBIN0000330: HTTPSConnectionPool(host='ifsc.razorpay.com', port=443): Max retries exceeded with url: /SBIN0000330 (Caused by NameResolutionError("HTTPSConnection(host='ifsc.razorpay.com', port=443): Failed to resolve 'ifsc.razorpay.com' ([Errno 11001] getaddrinfo failed)"))
2026-01-27 12:39:27,493 - __main__ - ERROR - Error fetching state for BKID0005555: HTTPSConnectionPool(host='ifsc.razorpay.com', port=443): Max retries exceeded with url: /BKID0005555 (Caused by NameResolutionError("HTTPSConnection(host='ifsc.razorpay.com', port=443): Failed to resolve 'ifsc.razorpay.com' ([Errno 11001] getaddrinfo failed)"))
2026-01-27 12:39:27,494 - __main__ - ERROR - Error fetching state for MAHB0001317: HTTPSConnectionPool(host='ifsc.razorpay.com', port=443): Max retries exceeded with url: /MAHB0001317 (Caused by NameResolutionError("HTTPSConnection(host='ifsc.razorpay.com', port=443): Failed to resolve 'ifsc.razorpay.com' ([Errno 11001] getaddrinfo failed)"))
2026-01-27 12:39:27,508 - __main__ - ERROR - Error fetching state for RATN0000313: HTTPSConnectionPool(host='ifsc.razorpay.com', port=443): Max retries exceeded with url: /RATN0000313 (Caused by NameResolutionError("HTTPSConnection(host='ifsc.razorpay.com', port=443): Failed to resolve 'ifsc.razorpay.com' ([Errno 11001] getaddrinfo failed)"))
2026-01-27 12:39:27,512 - __main__ - ERROR - Error fetching state for PUNB0387600: HTTPSConnectionPool(host='ifsc.razorpay.com', port=443): Max retries exceeded with url: /PUNB0387600 (Caused by NameResolutionError("HTTPSConnection(host='ifsc.razorpay.com', port=443): Failed to resolve 'ifsc.razorpay.com' ([Errno 11001] getaddrinfo failed)"))
2026-01-27 12:39:27,514 - __main__ - ERROR - Error fetching state for UCBA0002816: HTTPSConnectionPool(host='ifsc.razorpay.com', port=443): Max retries exceeded with url: /UCBA0002816 (Caused by NameResolutionError("HTTPSConnection(host='ifsc.razorpay.com', port=443): Failed to resolve 'ifsc.razorpay.com' ([Errno 11001] getaddrinfo failed)"))
2026-01-27 12:39:27,525 - __main__ - ERROR - Error fetching state for UTIB0000261: HTTPSConnectionPool(host='ifsc.razorpay.com', port=443): Max retries exceeded with url: /UTIB0000261 (Caused by NameResolutionError("HTTPSConnection(host='ifsc.razorpay.com', port=443): Failed to resolve 'ifsc.razorpay.com' ([Errno 11001] getaddrinfo failed)"))
2026-01-27 12:39:27,532 - __main__ - ERROR - Error fetching state for SBIN0040023: HTTPSConnectionPool(host='ifsc.razorpay.com', port=443): Max retries exceeded with url: /SBIN0040023 (Caused by NameResolutionError("HTTPSConnection(host='ifsc.razorpay.com', port=443): Failed to resolve 'ifsc.razorpay.com' ([Errno 11001] getaddrinfo failed)"))
2026-01-27 12:39:27,535 - __main__ - ERROR - Error fetching state for NESF0000157: HTTPSConnectionPool(host='ifsc.razorpay.com', port=443): Max retries exceeded with url: /NESF0000157 (Caused by NameResolutionError("HTTPSConnection(host='ifsc.razorpay.com', port=443): Failed to resolve 'ifsc.razorpay.com' ([Errno 11001] getaddrinfo failed)"))
2026-01-27 12:39:27,537 - __main__ - ERROR - Error fetching state for BDBL0001063: HTTPSConnectionPool(host='ifsc.razorpay.com', port=443): Max retries exceeded with url: /BDBL0001063 (Caused by NameResolutionError("HTTPSConnection(host='ifsc.razorpay.com', port=443): Failed to resolve 'ifsc.razorpay.com' ([Errno 11001] getaddrinfo failed)"))
2026-01-27 12:39:27,543 - __main__ - ERROR - Error fetching state for CBIN0283022: HTTPSConnectionPool(host='ifsc.razorpay.com', port=443): Max retries exceeded with url: /CBIN0283022 (Caused by NameResolutionError("HTTPSConnection(host='ifsc.razorpay.com', port=443): Failed to resolve 'ifsc.razorpay.com' ([Errno 11001] getaddrinfo failed)"))
2026-01-27 12:39:27,551 - __main__ - ERROR - Error fetching state for PSIB0021427: HTTPSConnectionPool(host='ifsc.razorpay.com', port=443): Max retries exceeded with url: /PSIB0021427 (Caused by NameResolutionError("HTTPSConnection(host='ifsc.razorpay.com', port=443): Failed to resolve 'ifsc.razorpay.com' ([Errno 11001] getaddrinfo failed)"))
2026-01-27 12:39:27,553 - __main__ - ERROR - Error fetching state for CNRB0013560: HTTPSConnectionPool(host='ifsc.razorpay.com', port=443): Max retries exceeded with url: /CNRB0013560 (Caused by NameResolutionError("HTTPSConnection(host='ifsc.razorpay.com', port=443): Failed to resolve 'ifsc.razorpay.com' ([Errno 11001] getaddrinfo failed)"))
2026-01-27 12:39:27,559 - __main__ - ERROR - Error fetching state for UTIB0000261: HTTPSConnectionPool(host='ifsc.razorpay.com', port=443): Max retries exceeded with url: /UTIB0000261 (Caused by NameResolutionError("HTTPSConnection(host='ifsc.razorpay.com', port=443): Failed to resolve 'ifsc.razorpay.com' ([Errno 11001] getaddrinfo failed)"))
2026-01-27 12:39:27,563 - __main__ - ERROR - Error fetching state for SBIN0000976: HTTPSConnectionPool(host='ifsc.razorpay.com', port=443): Max retries exceeded with url: /SBIN0000976 (Caused by NameResolutionError("HTTPSConnection(host='ifsc.razorpay.com', port=443): Failed to resolve 'ifsc.razorpay.com' ([Errno 11001] getaddrinfo failed)"))
2026-01-27 12:39:27,579 - __main__ - ERROR - Error fetching state for MAHB0000930: HTTPSConnectionPool(host='ifsc.razorpay.com', port=443): Max retries exceeded with url: /MAHB0000930 (Caused by NameResolutionError("HTTPSConnection(host='ifsc.razorpay.com', port=443): Failed to resolve 'ifsc.razorpay.com' ([Errno 11001] getaddrinfo failed)"))
2026-01-27 12:39:27,596 - __main__ - ERROR - Error fetching state for BDBL0001063: HTTPSConnectionPool(host='ifsc.razorpay.com', port=443): Max retries exceeded with url: /BDBL0001063 (Caused by NameResolutionError("HTTPSConnection(host='ifsc.razorpay.com', port=443): Failed to resolve 'ifsc.razorpay.com' ([Errno 11001] getaddrinfo failed)"))
2026-01-27 12:39:27,597 - __main__ - ERROR - Error fetching state for NESF0000157: HTTPSConnectionPool(host='ifsc.razorpay.com', port=443): Max retries exceeded with url: /NESF0000157 (Caused by NameResolutionError("HTTPSConnection(host='ifsc.razorpay.com', port=443): Failed to resolve 'ifsc.razorpay.com' ([Errno 11001] getaddrinfo failed)"))
2026-01-27 12:39:27,597 - __main__ - ERROR - Error fetching state for BDBL0001742: HTTPSConnectionPool(host='ifsc.razorpay.com', port=443): Max retries exceeded with url: /BDBL0001742 (Caused by NameResolutionError("HTTPSConnection(host='ifsc.razorpay.com', port=443): Failed to resolve 'ifsc.razorpay.com' ([Errno 11001] getaddrinfo failed)"))
2026-01-27 12:39:27,599 - __main__ - ERROR - Error fetching state for KKBK0004618: HTTPSConnectionPool(host='ifsc.razorpay.com', port=443): Max retries exceeded with url: /KKBK0004618 (Caused by NameResolutionError("HTTPSConnection(host='ifsc.razorpay.com', port=443): Failed to resolve 'ifsc.razorpay.com' ([Errno 11001] getaddrinfo failed)"))
2026-01-27 12:39:27,602 - __main__ - ERROR - Error fetching state for UTIB0000700: HTTPSConnectionPool(host='ifsc.razorpay.com', port=443): Max retries exceeded with url: /UTIB0000700 (Caused by NameResolutionError("HTTPSConnection(host='ifsc.razorpay.com', port=443): Failed to resolve 'ifsc.razorpay.com' ([Errno 11001] getaddrinfo failed)"))
2026-01-27 12:39:27,608 - __main__ - ERROR - Error fetching state for PSIB0021427: HTTPSConnectionPool(host='ifsc.razorpay.com', port=443): Max retries exceeded with url: /PSIB0021427 (Caused by NameResolutionError("HTTPSConnection(host='ifsc.razorpay.com', port=443): Failed to resolve 'ifsc.razorpay.com' ([Errno 11001] getaddrinfo failed)"))
2026-01-27 12:39:27,616 - __main__ - ERROR - Error fetching state for CBIN0283022: HTTPSConnectionPool(host='ifsc.razorpay.com', port=443): Max retries exceeded with url: /CBIN0283022 (Caused by NameResolutionError("HTTPSConnection(host='ifsc.razorpay.com', port=443): Failed to resolve 'ifsc.razorpay.com' ([Errno 11001] getaddrinfo failed)"))
2026-01-27 12:39:27,617 - __main__ - ERROR - Error fetching state for SBIN0000976: HTTPSConnectionPool(host='ifsc.razorpay.com', port=443): Max retries exceeded with url: /SBIN0000976 (Caused by NameResolutionError("HTTPSConnection(host='ifsc.razorpay.com', port=443): Failed to resolve 'ifsc.razorpay.com' ([Errno 11001] getaddrinfo failed)"))
2026-01-27 12:39:27,627 - __main__ - ERROR - Error fetching state for UTIB0000700: HTTPSConnectionPool(host='ifsc.razorpay.com', port=443): Max retries exceeded with url: /UTIB0000700 (Caused by NameResolutionError("HTTPSConnection(host='ifsc.razorpay.com', port=443): Failed to resolve 'ifsc.razorpay.com' ([Errno 11001] getaddrinfo failed)"))
2026-01-27 12:39:27,640 - __main__ - ERROR - Error fetching state for PUNB0661100: HTTPSConnectionPool(host='ifsc.razorpay.com', port=443): Max retries exceeded with url: /PUNB0661100 (Caused by NameResolutionError("HTTPSConnection(host='ifsc.razorpay.com', port=443): Failed to resolve 'ifsc.razorpay.com' ([Errno 11001] getaddrinfo failed)"))
2026-01-27 12:39:27,643 - __main__ - ERROR - Error fetching state for MAHB0000930: HTTPSConnectionPool(host='ifsc.razorpay.com', port=443): Max retries exceeded with url: /MAHB0000930 (Caused by NameResolutionError("HTTPSConnection(host='ifsc.razorpay.com', port=443): Failed to resolve 'ifsc.razorpay.com' ([Errno 11001] getaddrinfo failed)"))
2026-01-27 12:39:27,645 - __main__ - ERROR - Error fetching state for SBIN0003448: HTTPSConnectionPool(host='ifsc.razorpay.com', port=443): Max retries exceeded with url: /SBIN0003448 (Caused by NameResolutionError("HTTPSConnection(host='ifsc.razorpay.com', port=443): Failed to resolve 'ifsc.razorpay.com' ([Errno 11001] getaddrinfo failed)"))
2026-01-27 12:39:27,646 - __main__ - ERROR - Error fetching state for KKBK0004618: HTTPSConnectionPool(host='ifsc.razorpay.com', port=443): Max retries exceeded with url: /KKBK0004618 (Caused by NameResolutionError("HTTPSConnection(host='ifsc.razorpay.com', port=443): Failed to resolve 'ifsc.razorpay.com' ([Errno 11001] getaddrinfo failed)"))
2026-01-27 12:39:27,657 - __main__ - ERROR - Error fetching state for ICIC0000190: HTTPSConnectionPool(host='ifsc.razorpay.com', port=443): Max retries exceeded with url: /ICIC0000190 (Caused by NameResolutionError("HTTPSConnection(host='ifsc.razorpay.com', port=443): Failed to resolve 'ifsc.razorpay.com' ([Errno 11001] getaddrinfo failed)"))
2026-01-27 12:39:27,661 - __main__ - ERROR - Error fetching state for UTIB0000241: HTTPSConnectionPool(host='ifsc.razorpay.com', port=443): Max retries exceeded with url: /UTIB0000241 (Caused by NameResolutionError("HTTPSConnection(host='ifsc.razorpay.com', port=443): Failed to resolve 'ifsc.razorpay.com' ([Errno 11001] getaddrinfo failed)"))
2026-01-27 12:39:27,670 - __main__ - ERROR - Error fetching state for KKBK0000565: HTTPSConnectionPool(host='ifsc.razorpay.com', port=443): Max retries exceeded with url: /KKBK0000565 (Caused by NameResolutionError("HTTPSConnection(host='ifsc.razorpay.com', port=443): Failed to resolve 'ifsc.razorpay.com' ([Errno 11001] getaddrinfo failed)"))
2026-01-27 12:39:27,672 - __main__ - ERROR - Error fetching state for BDBL0001742: HTTPSConnectionPool(host='ifsc.razorpay.com', port=443): Max retries exceeded with url: /BDBL0001742 (Caused by NameResolutionError("HTTPSConnection(host='ifsc.razorpay.com', port=443): Failed to resolve 'ifsc.razorpay.com' ([Errno 11001] getaddrinfo failed)"))
2026-01-27 12:39:27,679 - __main__ - ERROR - Error fetching state for SBIN0003448: HTTPSConnectionPool(host='ifsc.razorpay.com', port=443): Max retries exceeded with url: /SBIN0003448 (Caused by NameResolutionError("HTTPSConnection(host='ifsc.razorpay.com', port=443): Failed to resolve 'ifsc.razorpay.com' ([Errno 11001] getaddrinfo failed)"))
2026-01-27 12:39:27,680 - __main__ - ERROR - Error fetching state for CNRB0002346: HTTPSConnectionPool(host='ifsc.razorpay.com', port=443): Max retries exceeded with url: /CNRB0002346 (Caused by NameResolutionError("HTTPSConnection(host='ifsc.razorpay.com', port=443): Failed to resolve 'ifsc.razorpay.com' ([Errno 11001] getaddrinfo failed)"))
2026-01-27 12:39:27,695 - __main__ - ERROR - Error fetching state for ICIC0000190: HTTPSConnectionPool(host='ifsc.razorpay.com', port=443): Max retries exceeded with url: /ICIC0000190 (Caused by NameResolutionError("HTTPSConnection(host='ifsc.razorpay.com', port=443): Failed to resolve 'ifsc.razorpay.com' ([Errno 11001] getaddrinfo failed)"))
2026-01-27 12:39:27,696 - __main__ - ERROR - Error fetching state for PUNB0661100: HTTPSConnectionPool(host='ifsc.razorpay.com', port=443): Max retries exceeded with url: /PUNB0661100 (Caused by NameResolutionError("HTTPSConnection(host='ifsc.razorpay.com', port=443): Failed to resolve 'ifsc.razorpay.com' ([Errno 11001] getaddrinfo failed)"))
2026-01-27 12:39:27,697 - __main__ - ERROR - Error fetching state for SBIN0013753: HTTPSConnectionPool(host='ifsc.razorpay.com', port=443): Max retries exceeded with url: /SBIN0013753 (Caused by NameResolutionError("HTTPSConnection(host='ifsc.razorpay.com', port=443): Failed to resolve 'ifsc.razorpay.com' ([Errno 11001] getaddrinfo failed)"))
2026-01-27 12:39:27,709 - __main__ - ERROR - Error fetching state for MAHB0002029: HTTPSConnectionPool(host='ifsc.razorpay.com', port=443): Max retries exceeded with url: /MAHB0002029 (Caused by NameResolutionError("HTTPSConnection(host='ifsc.razorpay.com', port=443): Failed to resolve 'ifsc.razorpay.com' ([Errno 11001] getaddrinfo failed)"))
2026-01-27 12:39:27,710 - __main__ - ERROR - Error fetching state for KKBK0004341: HTTPSConnectionPool(host='ifsc.razorpay.com', port=443): Max retries exceeded with url: /KKBK0004341 (Caused by NameResolutionError("HTTPSConnection(host='ifsc.razorpay.com', port=443): Failed to resolve 'ifsc.razorpay.com' ([Errno 11001] getaddrinfo failed)"))
2026-01-27 12:39:27,715 - __main__ - ERROR - Error fetching state for BARB0ANNANA: HTTPSConnectionPool(host='ifsc.razorpay.com', port=443): Max retries exceeded with url: /BARB0ANNANA (Caused by NameResolutionError("HTTPSConnection(host='ifsc.razorpay.com', port=443): Failed to resolve 'ifsc.razorpay.com' ([Errno 11001] getaddrinfo failed)"))
2026-01-27 12:39:27,726 - __main__ - ERROR - Error fetching state for SBIN0013753: HTTPSConnectionPool(host='ifsc.razorpay.com', port=443): Max retries exceeded with url: /SBIN0013753 (Caused by NameResolutionError("HTTPSConnection(host='ifsc.razorpay.com', port=443): Failed to resolve 'ifsc.razorpay.com' ([Errno 11001] getaddrinfo failed)"))
2026-01-27 12:39:27,732 - __main__ - ERROR - Error fetching state for KKBK0000565: HTTPSConnectionPool(host='ifsc.razorpay.com', port=443): Max retries exceeded with url: /KKBK0000565 (Caused by NameResolutionError("HTTPSConnection(host='ifsc.razorpay.com', port=443): Failed to resolve 'ifsc.razorpay.com' ([Errno 11001] getaddrinfo failed)"))
2026-01-27 12:39:27,735 - __main__ - ERROR - Error fetching state for CNRB0002346: HTTPSConnectionPool(host='ifsc.razorpay.com', port=443): Max retries exceeded with url: /CNRB0002346 (Caused by NameResolutionError("HTTPSConnection(host='ifsc.razorpay.com', port=443): Failed to resolve 'ifsc.razorpay.com' ([Errno 11001] getaddrinfo failed)"))
2026-01-27 12:39:27,736 - __main__ - ERROR - Error fetching state for UTIB0000241: HTTPSConnectionPool(host='ifsc.razorpay.com', port=443): Max retries exceeded with url: /UTIB0000241 (Caused by NameResolutionError("HTTPSConnection(host='ifsc.razorpay.com', port=443): Failed to resolve 'ifsc.razorpay.com' ([Errno 11001] getaddrinfo failed)"))
2026-01-27 12:39:27,746 - __main__ - ERROR - Error fetching state for IDIB000K002: HTTPSConnectionPool(host='ifsc.razorpay.com', port=443): Max retries exceeded with url: /IDIB000K002 (Caused by NameResolutionError("HTTPSConnection(host='ifsc.razorpay.com', port=443): Failed to resolve 'ifsc.razorpay.com' ([Errno 11001] getaddrinfo failed)"))
2026-01-27 12:39:27,757 - __main__ - ERROR - Error fetching state for JSFB0004650: HTTPSConnectionPool(host='ifsc.razorpay.com', port=443): Max retries exceeded with url: /JSFB0004650 (Caused by NameResolutionError("HTTPSConnection(host='ifsc.razorpay.com', port=443): Failed to resolve 'ifsc.razorpay.com' ([Errno 11001] getaddrinfo failed)"))
2026-01-27 12:39:27,758 - __main__ - ERROR - Error fetching state for KKBK0004341: HTTPSConnectionPool(host='ifsc.razorpay.com', port=443): Max retries exceeded with url: /KKBK0004341 (Caused by NameResolutionError("HTTPSConnection(host='ifsc.razorpay.com', port=443): Failed to resolve 'ifsc.razorpay.com' ([Errno 11001] getaddrinfo failed)"))
2026-01-27 12:39:27,759 - __main__ - ERROR - Error fetching state for BARB0ANNANA: HTTPSConnectionPool(host='ifsc.razorpay.com', port=443): Max retries exceeded with url: /BARB0ANNANA (Caused by NameResolutionError("HTTPSConnection(host='ifsc.razorpay.com', port=443): Failed to resolve 'ifsc.razorpay.com' ([Errno 11001] getaddrinfo failed)"))
2026-01-27 12:39:27,767 - __main__ - ERROR - Error fetching state for SBIN0002058: HTTPSConnectionPool(host='ifsc.razorpay.com', port=443): Max retries exceeded with url: /SBIN0002058 (Caused by NameResolutionError("HTTPSConnection(host='ifsc.razorpay.com', port=443): Failed to resolve 'ifsc.razorpay.com' ([Errno 11001] getaddrinfo failed)"))
2026-01-27 12:39:27,777 - __main__ - ERROR - Error fetching state for SBIN0010805: HTTPSConnectionPool(host='ifsc.razorpay.com', port=443): Max retries exceeded with url: /SBIN0010805 (Caused by NameResolutionError("HTTPSConnection(host='ifsc.razorpay.com', port=443): Failed to resolve 'ifsc.razorpay.com' ([Errno 11001] getaddrinfo failed)"))
2026-01-27 12:39:27,779 - __main__ - ERROR - Error fetching state for MAHB0002029: HTTPSConnectionPool(host='ifsc.razorpay.com', port=443): Max retries exceeded with url: /MAHB0002029 (Caused by NameResolutionError("HTTPSConnection(host='ifsc.razorpay.com', port=443): Failed to resolve 'ifsc.razorpay.com' ([Errno 11001] getaddrinfo failed)"))
2026-01-27 12:39:27,788 - __main__ - ERROR - Error fetching state for AIRP0000011: HTTPSConnectionPool(host='ifsc.razorpay.com', port=443): Max retries exceeded with url: /AIRP0000011 (Caused by NameResolutionError("HTTPSConnection(host='ifsc.razorpay.com', port=443): Failed to resolve 'ifsc.razorpay.com' ([Errno 11001] getaddrinfo failed)"))
2026-01-27 12:39:27,794 - __main__ - ERROR - Error fetching state for IDIB000K002: HTTPSConnectionPool(host='ifsc.razorpay.com', port=443): Max retries exceeded with url: /IDIB000K002 (Caused by NameResolutionError("HTTPSConnection(host='ifsc.razorpay.com', port=443): Failed to resolve 'ifsc.razorpay.com' ([Errno 11001] getaddrinfo failed)"))
2026-01-27 12:39:27,801 - __main__ - ERROR - Error fetching state for FDRL0001862: HTTPSConnectionPool(host='ifsc.razorpay.com', port=443): Max retries exceeded with url: /FDRL0001862 (Caused by NameResolutionError("HTTPSConnection(host='ifsc.razorpay.com', port=443): Failed to resolve 'ifsc.razorpay.com' ([Errno 11001] getaddrinfo failed)"))
2026-01-27 12:39:27,804 - __main__ - ERROR - Error fetching state for JSFB0004650: HTTPSConnectionPool(host='ifsc.razorpay.com', port=443): Max retries exceeded with url: /JSFB0004650 (Caused by NameResolutionError("HTTPSConnection(host='ifsc.razorpay.com', port=443): Failed to resolve 'ifsc.razorpay.com' ([Errno 11001] getaddrinfo failed)"))
2026-01-27 12:39:27,806 - __main__ - ERROR - Error fetching state for IOBA0003230: HTTPSConnectionPool(host='ifsc.razorpay.com', port=443): Max retries exceeded with url: /IOBA0003230 (Caused by NameResolutionError("HTTPSConnection(host='ifsc.razorpay.com', port=443): Failed to resolve 'ifsc.razorpay.com' ([Errno 11001] getaddrinfo failed)"))
2026-01-27 12:39:27,806 - __main__ - ERROR - Error fetching state for SBIN0002058: HTTPSConnectionPool(host='ifsc.razorpay.com', port=443): Max retries exceeded with url: /SBIN0002058 (Caused by NameResolutionError("HTTPSConnection(host='ifsc.razorpay.com', port=443): Failed to resolve 'ifsc.razorpay.com' ([Errno 11001] getaddrinfo failed)"))
2026-01-27 12:39:27,814 - __main__ - ERROR - Error fetching state for KKBK0005130: HTTPSConnectionPool(host='ifsc.razorpay.com', port=443): Max retries exceeded with url: /KKBK0005130 (Caused by NameResolutionError("HTTPSConnection(host='ifsc.razorpay.com', port=443): Failed to resolve 'ifsc.razorpay.com' ([Errno 11001] getaddrinfo failed)"))
2026-01-27 12:39:27,829 - __main__ - ERROR - Error fetching state for SBIN0010805: HTTPSConnectionPool(host='ifsc.razorpay.com', port=443): Max retries exceeded with url: /SBIN0010805 (Caused by NameResolutionError("HTTPSConnection(host='ifsc.razorpay.com', port=443): Failed to resolve 'ifsc.razorpay.com' ([Errno 11001] getaddrinfo failed)"))
2026-01-27 12:39:27,830 - __main__ - ERROR - Error fetching state for CNRB0001093: HTTPSConnectionPool(host='ifsc.razorpay.com', port=443): Max retries exceeded with url: /CNRB0001093 (Caused by NameResolutionError("HTTPSConnection(host='ifsc.razorpay.com', port=443): Failed to resolve 'ifsc.razorpay.com' ([Errno 11001] getaddrinfo failed)"))
2026-01-27 12:39:27,830 - __main__ - ERROR - Error fetching state for AIRP0000011: HTTPSConnectionPool(host='ifsc.razorpay.com', port=443): Max retries exceeded with url: /AIRP0000011 (Caused by NameResolutionError("HTTPSConnection(host='ifsc.razorpay.com', port=443): Failed to resolve 'ifsc.razorpay.com' ([Errno 11001] getaddrinfo failed)"))
2026-01-27 12:39:27,831 - __main__ - ERROR - Error fetching state for HDFC0001255: HTTPSConnectionPool(host='ifsc.razorpay.com', port=443): Max retries exceeded with url: /HDFC0001255 (Caused by NameResolutionError("HTTPSConnection(host='ifsc.razorpay.com', port=443): Failed to resolve 'ifsc.razorpay.com' ([Errno 11001] getaddrinfo failed)"))
2026-01-27 12:39:27,851 - __main__ - ERROR - Error fetching state for FDRL0001862: HTTPSConnectionPool(host='ifsc.razorpay.com', port=443): Max retries exceeded with url: /FDRL0001862 (Caused by NameResolutionError("HTTPSConnection(host='ifsc.razorpay.com', port=443): Failed to resolve 'ifsc.razorpay.com' ([Errno 11001] getaddrinfo failed)"))
2026-01-27 12:39:27,858 - __main__ - ERROR - Error fetching state for IOBA0003230: HTTPSConnectionPool(host='ifsc.razorpay.com', port=443): Max retries exceeded with url: /IOBA0003230 (Caused by NameResolutionError("HTTPSConnection(host='ifsc.razorpay.com', port=443): Failed to resolve 'ifsc.razorpay.com' ([Errno 11001] getaddrinfo failed)"))
2026-01-27 12:39:27,868 - __main__ - ERROR - Error fetching state for SBIN0008731: HTTPSConnectionPool(host='ifsc.razorpay.com', port=443): Max retries exceeded with url: /SBIN0008731 (Caused by NameResolutionError("HTTPSConnection(host='ifsc.razorpay.com', port=443): Failed to resolve 'ifsc.razorpay.com' ([Errno 11001] getaddrinfo failed)"))
2026-01-27 12:39:27,871 - __main__ - ERROR - Error fetching state for KKBK0005130: HTTPSConnectionPool(host='ifsc.razorpay.com', port=443): Max retries exceeded with url: /KKBK0005130 (Caused by NameResolutionError("HTTPSConnection(host='ifsc.razorpay.com', port=443): Failed to resolve 'ifsc.razorpay.com' ([Errno 11001] getaddrinfo failed)"))
2026-01-27 12:39:27,872 - __main__ - ERROR - Error fetching state for SBIN0031240: HTTPSConnectionPool(host='ifsc.razorpay.com', port=443): Max retries exceeded with url: /SBIN0031240 (Caused by NameResolutionError("HTTPSConnection(host='ifsc.razorpay.com', port=443): Failed to resolve 'ifsc.razorpay.com' ([Errno 11001] getaddrinfo failed)"))
2026-01-27 12:39:27,873 - __main__ - ERROR - Error fetching state for CNRB0001093: HTTPSConnectionPool(host='ifsc.razorpay.com', port=443): Max retries exceeded with url: /CNRB0001093 (Caused by NameResolutionError("HTTPSConnection(host='ifsc.razorpay.com', port=443): Failed to resolve 'ifsc.razorpay.com' ([Errno 11001] getaddrinfo failed)"))
2026-01-27 12:39:27,898 - __main__ - ERROR - Error fetching state for CNRB0019024: HTTPSConnectionPool(host='ifsc.razorpay.com', port=443): Max retries exceeded with url: /CNRB0019024 (Caused by NameResolutionError("HTTPSConnection(host='ifsc.razorpay.com', port=443): Failed to resolve 'ifsc.razorpay.com' ([Errno 11001] getaddrinfo failed)"))
2026-01-27 12:39:27,906 - __main__ - ERROR - Error fetching state for FDRL0001807: HTTPSConnectionPool(host='ifsc.razorpay.com', port=443): Max retries exceeded with url: /FDRL0001807 (Caused by NameResolutionError("HTTPSConnection(host='ifsc.razorpay.com', port=443): Failed to resolve 'ifsc.razorpay.com' ([Errno 11001] getaddrinfo failed)"))
2026-01-27 12:39:27,909 - __main__ - ERROR - Error fetching state for HDFC0001255: HTTPSConnectionPool(host='ifsc.razorpay.com', port=443): Max retries exceeded with url: /HDFC0001255 (Caused by NameResolutionError("HTTPSConnection(host='ifsc.razorpay.com', port=443): Failed to resolve 'ifsc.razorpay.com' ([Errno 11001] getaddrinfo failed)"))
2026-01-27 12:39:27,928 - __main__ - ERROR - Error fetching state for SBIN0013214: HTTPSConnectionPool(host='ifsc.razorpay.com', port=443): Max retries exceeded with url: /SBIN0013214 (Caused by NameResolutionError("HTTPSConnection(host='ifsc.razorpay.com', port=443): Failed to resolve 'ifsc.razorpay.com' ([Errno 11001] getaddrinfo failed)"))
2026-01-27 12:39:27,941 - __main__ - ERROR - Error fetching state for GSCB0AMR006: HTTPSConnectionPool(host='ifsc.razorpay.com', port=443): Max retries exceeded with url: /GSCB0AMR006 (Caused by NameResolutionError("HTTPSConnection(host='ifsc.razorpay.com', port=443): Failed to resolve 'ifsc.razorpay.com' ([Errno 11001] getaddrinfo failed)"))
2026-01-27 12:39:27,942 - __main__ - ERROR - Error fetching state for SBIN0031240: HTTPSConnectionPool(host='ifsc.razorpay.com', port=443): Max retries exceeded with url: /SBIN0031240 (Caused by NameResolutionError("HTTPSConnection(host='ifsc.razorpay.com', port=443): Failed to resolve 'ifsc.razorpay.com' ([Errno 11001] getaddrinfo failed)"))
2026-01-27 12:39:27,943 - __main__ - ERROR - Error fetching state for SBIN0008731: HTTPSConnectionPool(host='ifsc.razorpay.com', port=443): Max retries exceeded with url: /SBIN0008731 (Caused by NameResolutionError("HTTPSConnection(host='ifsc.razorpay.com', port=443): Failed to resolve 'ifsc.razorpay.com' ([Errno 11001] getaddrinfo failed)"))
2026-01-27 12:39:27,955 - __main__ - ERROR - Error fetching state for SBIN0021352: HTTPSConnectionPool(host='ifsc.razorpay.com', port=443): Max retries exceeded with url: /SBIN0021352 (Caused by NameResolutionError("HTTPSConnection(host='ifsc.razorpay.com', port=443): Failed to resolve 'ifsc.razorpay.com' ([Errno 11001] getaddrinfo failed)"))
2026-01-27 12:39:27,977 - __main__ - ERROR - Error fetching state for CNRB0019024: HTTPSConnectionPool(host='ifsc.razorpay.com', port=443): Max retries exceeded with url: /CNRB0019024 (Caused by NameResolutionError("HTTPSConnection(host='ifsc.razorpay.com', port=443): Failed to resolve 'ifsc.razorpay.com' ([Errno 11001] getaddrinfo failed)"))
2026-01-27 12:39:27,978 - __main__ - ERROR - Error fetching state for CNRB0005858: HTTPSConnectionPool(host='ifsc.razorpay.com', port=443): Max retries exceeded with url: /CNRB0005858 (Caused by NameResolutionError("HTTPSConnection(host='ifsc.razorpay.com', port=443): Failed to resolve 'ifsc.razorpay.com' ([Errno 11001] getaddrinfo failed)"))
2026-01-27 12:39:27,984 - __main__ - ERROR - Error fetching state for FDRL0001807: HTTPSConnectionPool(host='ifsc.razorpay.com', port=443): Max retries exceeded with url: /FDRL0001807 (Caused by NameResolutionError("HTTPSConnection(host='ifsc.razorpay.com', port=443): Failed to resolve 'ifsc.razorpay.com' ([Errno 11001] getaddrinfo failed)"))
2026-01-27 12:39:28,001 - __main__ - ERROR - Error fetching state for SBIN0012180: HTTPSConnectionPool(host='ifsc.razorpay.com', port=443): Max retries exceeded with url: /SBIN0012180 (Caused by NameResolutionError("HTTPSConnection(host='ifsc.razorpay.com', port=443): Failed to resolve 'ifsc.razorpay.com' ([Errno 11001] getaddrinfo failed)"))
2026-01-27 12:39:28,005 - __main__ - ERROR - Error fetching state for SBIN0013214: HTTPSConnectionPool(host='ifsc.razorpay.com', port=443): Max retries exceeded with url: /SBIN0013214 (Caused by NameResolutionError("HTTPSConnection(host='ifsc.razorpay.com', port=443): Failed to resolve 'ifsc.razorpay.com' ([Errno 11001] getaddrinfo failed)"))
2026-01-27 12:39:28,006 - __main__ - ERROR - Error fetching state for BKID0008628: HTTPSConnectionPool(host='ifsc.razorpay.com', port=443): Max retries exceeded with url: /BKID0008628 (Caused by NameResolutionError("HTTPSConnection(host='ifsc.razorpay.com', port=443): Failed to resolve 'ifsc.razorpay.com' ([Errno 11001] getaddrinfo failed)"))
2026-01-27 12:39:28,013 - __main__ - ERROR - Error fetching state for GSCB0AMR006: HTTPSConnectionPool(host='ifsc.razorpay.com', port=443): Max retries exceeded with url: /GSCB0AMR006 (Caused by NameResolutionError("HTTPSConnection(host='ifsc.razorpay.com', port=443): Failed to resolve 'ifsc.razorpay.com' ([Errno 11001] getaddrinfo failed)"))
2026-01-27 12:39:28,019 - __main__ - ERROR - Error fetching state for SBIN0021352: HTTPSConnectionPool(host='ifsc.razorpay.com', port=443): Max retries exceeded with url: /SBIN0021352 (Caused by NameResolutionError("HTTPSConnection(host='ifsc.razorpay.com', port=443): Failed to resolve 'ifsc.razorpay.com' ([Errno 11001] getaddrinfo failed)"))
2026-01-27 12:39:28,028 - __main__ - ERROR - Error fetching state for SBIN0007931: HTTPSConnectionPool(host='ifsc.razorpay.com', port=443): Max retries exceeded with url: /SBIN0007931 (Caused by NameResolutionError("HTTPSConnection(host='ifsc.razorpay.com', port=443): Failed to resolve 'ifsc.razorpay.com' ([Errno 11001] getaddrinfo failed)"))
2026-01-27 12:39:28,031 - __main__ - ERROR - Error fetching state for CNRB0005858: HTTPSConnectionPool(host='ifsc.razorpay.com', port=443): Max retries exceeded with url: /CNRB0005858 (Caused by NameResolutionError("HTTPSConnection(host='ifsc.razorpay.com', port=443): Failed to resolve 'ifsc.razorpay.com' ([Errno 11001] getaddrinfo failed)"))
2026-01-27 12:39:28,039 - __main__ - ERROR - Error fetching state for SBIN0050674: HTTPSConnectionPool(host='ifsc.razorpay.com', port=443): Max retries exceeded with url: /SBIN0050674 (Caused by NameResolutionError("HTTPSConnection(host='ifsc.razorpay.com', port=443): Failed to resolve 'ifsc.razorpay.com' ([Errno 11001] getaddrinfo failed)"))
2026-01-27 12:39:28,050 - __main__ - ERROR - Error fetching state for SBIN0012180: HTTPSConnectionPool(host='ifsc.razorpay.com', port=443): Max retries exceeded with url: /SBIN0012180 (Caused by NameResolutionError("HTTPSConnection(host='ifsc.razorpay.com', port=443): Failed to resolve 'ifsc.razorpay.com' ([Errno 11001] getaddrinfo failed)"))
2026-01-27 12:39:28,063 - __main__ - ERROR - Error fetching state for CNRB0002917: HTTPSConnectionPool(host='ifsc.razorpay.com', port=443): Max retries exceeded with url: /CNRB0002917 (Caused by NameResolutionError("HTTPSConnection(host='ifsc.razorpay.com', port=443): Failed to resolve 'ifsc.razorpay.com' ([Errno 11001] getaddrinfo failed)"))
2026-01-27 12:39:28,065 - __main__ - ERROR - Error fetching state for HDFC0008991: HTTPSConnectionPool(host='ifsc.razorpay.com', port=443): Max retries exceeded with url: /HDFC0008991 (Caused by NameResolutionError("HTTPSConnection(host='ifsc.razorpay.com', port=443): Failed to resolve 'ifsc.razorpay.com' ([Errno 11001] getaddrinfo failed)"))
2026-01-27 12:39:28,074 - __main__ - ERROR - Error fetching state for BKID0008628: HTTPSConnectionPool(host='ifsc.razorpay.com', port=443): Max retries exceeded with url: /BKID0008628 (Caused by NameResolutionError("HTTPSConnection(host='ifsc.razorpay.com', port=443): Failed to resolve 'ifsc.razorpay.com' ([Errno 11001] getaddrinfo failed)"))
2026-01-27 12:39:28,095 - __main__ - ERROR - Error fetching state for SBIN0001233: HTTPSConnectionPool(host='ifsc.razorpay.com', port=443): Max retries exceeded with url: /SBIN0001233 (Caused by NameResolutionError("HTTPSConnection(host='ifsc.razorpay.com', port=443): Failed to resolve 'ifsc.razorpay.com' ([Errno 11001] getaddrinfo failed)"))
2026-01-27 12:39:28,100 - __main__ - ERROR - Error fetching state for IBKL0000001: HTTPSConnectionPool(host='ifsc.razorpay.com', port=443): Max retries exceeded with url: /IBKL0000001 (Caused by NameResolutionError("HTTPSConnection(host='ifsc.razorpay.com', port=443): Failed to resolve 'ifsc.razorpay.com' ([Errno 11001] getaddrinfo failed)"))
2026-01-27 12:39:28,104 - __main__ - ERROR - Error fetching state for SBIN0007931: HTTPSConnectionPool(host='ifsc.razorpay.com', port=443): Max retries exceeded with url: /SBIN0007931 (Caused by NameResolutionError("HTTPSConnection(host='ifsc.razorpay.com', port=443): Failed to resolve 'ifsc.razorpay.com' ([Errno 11001] getaddrinfo failed)"))
2026-01-27 12:39:28,111 - __main__ - ERROR - Error fetching state for SBIN0050674: HTTPSConnectionPool(host='ifsc.razorpay.com', port=443): Max retries exceeded with url: /SBIN0050674 (Caused by NameResolutionError("HTTPSConnection(host='ifsc.razorpay.com', port=443): Failed to resolve 'ifsc.razorpay.com' ([Errno 11001] getaddrinfo failed)"))
2026-01-27 12:39:28,116 - __main__ - ERROR - Error fetching state for HDFC0001413: HTTPSConnectionPool(host='ifsc.razorpay.com', port=443): Max retries exceeded with url: /HDFC0001413 (Caused by NameResolutionError("HTTPSConnection(host='ifsc.razorpay.com', port=443): Failed to resolve 'ifsc.razorpay.com' ([Errno 11001] getaddrinfo failed)"))
2026-01-27 12:39:28,139 - __main__ - ERROR - Error fetching state for MAHB0002012: HTTPSConnectionPool(host='ifsc.razorpay.com', port=443): Max retries exceeded with url: /MAHB0002012 (Caused by NameResolutionError("HTTPSConnection(host='ifsc.razorpay.com', port=443): Failed to resolve 'ifsc.razorpay.com' ([Errno 11001] getaddrinfo failed)"))
2026-01-27 12:39:28,140 - __main__ - ERROR - Error fetching state for CNRB0002917: HTTPSConnectionPool(host='ifsc.razorpay.com', port=443): Max retries exceeded with url: /CNRB0002917 (Caused by NameResolutionError("HTTPSConnection(host='ifsc.razorpay.com', port=443): Failed to resolve 'ifsc.razorpay.com' ([Errno 11001] getaddrinfo failed)"))
2026-01-27 12:39:28,147 - __main__ - ERROR - Error fetching state for HDFC0008991: HTTPSConnectionPool(host='ifsc.razorpay.com', port=443): Max retries exceeded with url: /HDFC0008991 (Caused by NameResolutionError("HTTPSConnection(host='ifsc.razorpay.com', port=443): Failed to resolve 'ifsc.razorpay.com' ([Errno 11001] getaddrinfo failed)"))
2026-01-27 12:39:28,155 - __main__ - ERROR - Error fetching state for PUNB0205420: HTTPSConnectionPool(host='ifsc.razorpay.com', port=443): Max retries exceeded with url: /PUNB0205420 (Caused by NameResolutionError("HTTPSConnection(host='ifsc.razorpay.com', port=443): Failed to resolve 'ifsc.razorpay.com' ([Errno 11001] getaddrinfo failed)"))
2026-01-27 12:39:28,166 - __main__ - ERROR - Error fetching state for SBIN0001233: HTTPSConnectionPool(host='ifsc.razorpay.com', port=443): Max retries exceeded with url: /SBIN0001233 (Caused by NameResolutionError("HTTPSConnection(host='ifsc.razorpay.com', port=443): Failed to resolve 'ifsc.razorpay.com' ([Errno 11001] getaddrinfo failed)"))
2026-01-27 12:39:28,196 - __main__ - ERROR - Error fetching state for IBKL0000001: HTTPSConnectionPool(host='ifsc.razorpay.com', port=443): Max retries exceeded with url: /IBKL0000001 (Caused by NameResolutionError("HTTPSConnection(host='ifsc.razorpay.com', port=443): Failed to resolve 'ifsc.razorpay.com' ([Errno 11001] getaddrinfo failed)"))
2026-01-27 12:39:28,196 - __main__ - ERROR - Error fetching state for SBIN0006209: HTTPSConnectionPool(host='ifsc.razorpay.com', port=443): Max retries exceeded with url: /SBIN0006209 (Caused by NameResolutionError("HTTPSConnection(host='ifsc.razorpay.com', port=443): Failed to resolve 'ifsc.razorpay.com' ([Errno 11001] getaddrinfo failed)"))
2026-01-27 12:39:28,204 - __main__ - ERROR - Error fetching state for ICIC0001079: HTTPSConnectionPool(host='ifsc.razorpay.com', port=443): Max retries exceeded with url: /ICIC0001079 (Caused by NameResolutionError("HTTPSConnection(host='ifsc.razorpay.com', port=443): Failed to resolve 'ifsc.razorpay.com' ([Errno 11001] getaddrinfo failed)"))
2026-01-27 12:39:28,209 - __main__ - ERROR - Error fetching state for HDFC0001413: HTTPSConnectionPool(host='ifsc.razorpay.com', port=443): Max retries exceeded with url: /HDFC0001413 (Caused by NameResolutionError("HTTPSConnection(host='ifsc.razorpay.com', port=443): Failed to resolve 'ifsc.razorpay.com' ([Errno 11001] getaddrinfo failed)"))
2026-01-27 12:39:28,219 - __main__ - ERROR - Error fetching state for MAHB0002012: HTTPSConnectionPool(host='ifsc.razorpay.com', port=443): Max retries exceeded with url: /MAHB0002012 (Caused by NameResolutionError("HTTPSConnection(host='ifsc.razorpay.com', port=443): Failed to resolve 'ifsc.razorpay.com' ([Errno 11001] getaddrinfo failed)"))
2026-01-27 12:39:28,240 - __main__ - ERROR - Error fetching state for BARB0QUTHBA: HTTPSConnectionPool(host='ifsc.razorpay.com', port=443): Max retries exceeded with url: /BARB0QUTHBA (Caused by NameResolutionError("HTTPSConnection(host='ifsc.razorpay.com', port=443): Failed to resolve 'ifsc.razorpay.com' ([Errno 11001] getaddrinfo failed)"))
2026-01-27 12:39:28,241 - __main__ - ERROR - Error fetching state for PUNB0205420: HTTPSConnectionPool(host='ifsc.razorpay.com', port=443): Max retries exceeded with url: /PUNB0205420 (Caused by NameResolutionError("HTTPSConnection(host='ifsc.razorpay.com', port=443): Failed to resolve 'ifsc.razorpay.com' ([Errno 11001] getaddrinfo failed)"))
2026-01-27 12:39:28,241 - __main__ - ERROR - Error fetching state for JAKA0AZGUNJ: HTTPSConnectionPool(host='ifsc.razorpay.com', port=443): Max retries exceeded with url: /JAKA0AZGUNJ (Caused by NameResolutionError("HTTPSConnection(host='ifsc.razorpay.com', port=443): Failed to resolve 'ifsc.razorpay.com' ([Errno 11001] getaddrinfo failed)"))
2026-01-27 12:39:28,262 - __main__ - ERROR - Error fetching state for BARB0SAVSEE: HTTPSConnectionPool(host='ifsc.razorpay.com', port=443): Max retries exceeded with url: /BARB0SAVSEE (Caused by NameResolutionError("HTTPSConnection(host='ifsc.razorpay.com', port=443): Failed to resolve 'ifsc.razorpay.com' ([Errno 11001] getaddrinfo failed)"))
2026-01-27 12:39:28,275 - __main__ - ERROR - Error fetching state for SBIN0006209: HTTPSConnectionPool(host='ifsc.razorpay.com', port=443): Max retries exceeded with url: /SBIN0006209 (Caused by NameResolutionError("HTTPSConnection(host='ifsc.razorpay.com', port=443): Failed to resolve 'ifsc.razorpay.com' ([Errno 11001] getaddrinfo failed)"))
2026-01-27 12:39:28,297 - __main__ - ERROR - Error fetching state for SBIN0001986: HTTPSConnectionPool(host='ifsc.razorpay.com', port=443): Max retries exceeded with url: /SBIN0001986 (Caused by NameResolutionError("HTTPSConnection(host='ifsc.razorpay.com', port=443): Failed to resolve 'ifsc.razorpay.com' ([Errno 11001] getaddrinfo failed)"))
2026-01-27 12:39:28,310 - __main__ - ERROR - Error fetching state for CNRB0006336: HTTPSConnectionPool(host='ifsc.razorpay.com', port=443): Max retries exceeded with url: /CNRB0006336 (Caused by NameResolutionError("HTTPSConnection(host='ifsc.razorpay.com', port=443): Failed to resolve 'ifsc.razorpay.com' ([Errno 11001] getaddrinfo failed)"))
2026-01-27 12:39:28,311 - __main__ - ERROR - Error fetching state for ICIC0001079: HTTPSConnectionPool(host='ifsc.razorpay.com', port=443): Max retries exceeded with url: /ICIC0001079 (Caused by NameResolutionError("HTTPSConnection(host='ifsc.razorpay.com', port=443): Failed to resolve 'ifsc.razorpay.com' ([Errno 11001] getaddrinfo failed)"))
2026-01-27 12:39:28,317 - __main__ - ERROR - Error fetching state for BARB0QUTHBA: HTTPSConnectionPool(host='ifsc.razorpay.com', port=443): Max retries exceeded with url: /BARB0QUTHBA (Caused by NameResolutionError("HTTPSConnection(host='ifsc.razorpay.com', port=443): Failed to resolve 'ifsc.razorpay.com' ([Errno 11001] getaddrinfo failed)"))
2026-01-27 12:39:28,324 - __main__ - ERROR - Error fetching state for BARB0SAHARS: HTTPSConnectionPool(host='ifsc.razorpay.com', port=443): Max retries exceeded with url: /BARB0SAHARS (Caused by NameResolutionError("HTTPSConnection(host='ifsc.razorpay.com', port=443): Failed to resolve 'ifsc.razorpay.com' ([Errno 11001] getaddrinfo failed)"))
2026-01-27 12:39:28,329 - __main__ - ERROR - Error fetching state for CNRB0006134: HTTPSConnectionPool(host='ifsc.razorpay.com', port=443): Max retries exceeded with url: /CNRB0006134 (Caused by NameResolutionError("HTTPSConnection(host='ifsc.razorpay.com', port=443): Failed to resolve 'ifsc.razorpay.com' ([Errno 11001] getaddrinfo failed)"))
2026-01-27 12:39:28,330 - __main__ - ERROR - Error fetching state for JAKA0AZGUNJ: HTTPSConnectionPool(host='ifsc.razorpay.com', port=443): Max retries exceeded with url: /JAKA0AZGUNJ (Caused by NameResolutionError("HTTPSConnection(host='ifsc.razorpay.com', port=443): Failed to resolve 'ifsc.razorpay.com' ([Errno 11001] getaddrinfo failed)"))
2026-01-27 12:39:28,342 - __main__ - ERROR - Error fetching state for BARB0SAVSEE: HTTPSConnectionPool(host='ifsc.razorpay.com', port=443): Max retries exceeded with url: /BARB0SAVSEE (Caused by NameResolutionError("HTTPSConnection(host='ifsc.razorpay.com', port=443): Failed to resolve 'ifsc.razorpay.com' ([Errno 11001] getaddrinfo failed)"))
2026-01-27 12:39:28,372 - __main__ - ERROR - Error fetching state for SBIN0001986: HTTPSConnectionPool(host='ifsc.razorpay.com', port=443): Max retries exceeded with url: /SBIN0001986 (Caused by NameResolutionError("HTTPSConnection(host='ifsc.razorpay.com', port=443): Failed to resolve 'ifsc.razorpay.com' ([Errno 11001] getaddrinfo failed)"))
2026-01-27 12:39:28,373 - __main__ - ERROR - Error fetching state for SBIN0021529: HTTPSConnectionPool(host='ifsc.razorpay.com', port=443): Max retries exceeded with url: /SBIN0021529 (Caused by NameResolutionError("HTTPSConnection(host='ifsc.razorpay.com', port=443): Failed to resolve 'ifsc.razorpay.com' ([Errno 11001] getaddrinfo failed)"))
2026-01-27 12:39:28,375 - __main__ - ERROR - Error fetching state for CNRB0006336: HTTPSConnectionPool(host='ifsc.razorpay.com', port=443): Max retries exceeded with url: /CNRB0006336 (Caused by NameResolutionError("HTTPSConnection(host='ifsc.razorpay.com', port=443): Failed to resolve 'ifsc.razorpay.com' ([Errno 11001] getaddrinfo failed)"))
2026-01-27 12:39:28,380 - __main__ - ERROR - Error fetching state for IOBA0001407: HTTPSConnectionPool(host='ifsc.razorpay.com', port=443): Max retries exceeded with url: /IOBA0001407 (Caused by NameResolutionError("HTTPSConnection(host='ifsc.razorpay.com', port=443): Failed to resolve 'ifsc.razorpay.com' ([Errno 11001] getaddrinfo failed)"))
2026-01-27 12:39:28,395 - __main__ - ERROR - Error fetching state for IOBA0003063: HTTPSConnectionPool(host='ifsc.razorpay.com', port=443): Max retries exceeded with url: /IOBA0003063 (Caused by NameResolutionError("HTTPSConnection(host='ifsc.razorpay.com', port=443): Failed to resolve 'ifsc.razorpay.com' ([Errno 11001] getaddrinfo failed)"))
2026-01-27 12:39:28,406 - __main__ - ERROR - Error fetching state for CNRB0006134: HTTPSConnectionPool(host='ifsc.razorpay.com', port=443): Max retries exceeded with url: /CNRB0006134 (Caused by NameResolutionError("HTTPSConnection(host='ifsc.razorpay.com', port=443): Failed to resolve 'ifsc.razorpay.com' ([Errno 11001] getaddrinfo failed)"))
2026-01-27 12:39:28,408 - __main__ - ERROR - Error fetching state for BARB0SAHARS: HTTPSConnectionPool(host='ifsc.razorpay.com', port=443): Max retries exceeded with url: /BARB0SAHARS (Caused by NameResolutionError("HTTPSConnection(host='ifsc.razorpay.com', port=443): Failed to resolve 'ifsc.razorpay.com' ([Errno 11001] getaddrinfo failed)"))
2026-01-27 12:39:28,415 - __main__ - ERROR - Error fetching state for SBIN0000053: HTTPSConnectionPool(host='ifsc.razorpay.com', port=443): Max retries exceeded with url: /SBIN0000053 (Caused by NameResolutionError("HTTPSConnection(host='ifsc.razorpay.com', port=443): Failed to resolve 'ifsc.razorpay.com' ([Errno 11001] getaddrinfo failed)"))
2026-01-27 12:39:28,429 - __main__ - ERROR - Error fetching state for SBIN0021529: HTTPSConnectionPool(host='ifsc.razorpay.com', port=443): Max retries exceeded with url: /SBIN0021529 (Caused by NameResolutionError("HTTPSConnection(host='ifsc.razorpay.com', port=443): Failed to resolve 'ifsc.razorpay.com' ([Errno 11001] getaddrinfo failed)"))
2026-01-27 12:39:28,447 - __main__ - ERROR - Error fetching state for BARB0BUDDHA: HTTPSConnectionPool(host='ifsc.razorpay.com', port=443): Max retries exceeded with url: /BARB0BUDDHA (Caused by NameResolutionError("HTTPSConnection(host='ifsc.razorpay.com', port=443): Failed to resolve 'ifsc.razorpay.com' ([Errno 11001] getaddrinfo failed)"))
2026-01-27 12:39:28,457 - __main__ - ERROR - Error fetching state for UBIN0576271: HTTPSConnectionPool(host='ifsc.razorpay.com', port=443): Max retries exceeded with url: /UBIN0576271 (Caused by NameResolutionError("HTTPSConnection(host='ifsc.razorpay.com', port=443): Failed to resolve 'ifsc.razorpay.com' ([Errno 11001] getaddrinfo failed)"))
2026-01-27 12:39:28,458 - __main__ - ERROR - Error fetching state for IOBA0001407: HTTPSConnectionPool(host='ifsc.razorpay.com', port=443): Max retries exceeded with url: /IOBA0001407 (Caused by NameResolutionError("HTTPSConnection(host='ifsc.razorpay.com', port=443): Failed to resolve 'ifsc.razorpay.com' ([Errno 11001] getaddrinfo failed)"))
2026-01-27 12:39:28,464 - __main__ - ERROR - Error fetching state for ESFB0003003: HTTPSConnectionPool(host='ifsc.razorpay.com', port=443): Max retries exceeded with url: /ESFB0003003 (Caused by NameResolutionError("HTTPSConnection(host='ifsc.razorpay.com', port=443): Failed to resolve 'ifsc.razorpay.com' ([Errno 11001] getaddrinfo failed)"))
2026-01-27 12:39:28,474 - __main__ - ERROR - Error fetching state for SBIN0020085: HTTPSConnectionPool(host='ifsc.razorpay.com', port=443): Max retries exceeded with url: /SBIN0020085 (Caused by NameResolutionError("HTTPSConnection(host='ifsc.razorpay.com', port=443): Failed to resolve 'ifsc.razorpay.com' ([Errno 11001] getaddrinfo failed)"))
2026-01-27 12:39:28,477 - __main__ - ERROR - Error fetching state for IOBA0003063: HTTPSConnectionPool(host='ifsc.razorpay.com', port=443): Max retries exceeded with url: /IOBA0003063 (Caused by NameResolutionError("HTTPSConnection(host='ifsc.razorpay.com', port=443): Failed to resolve 'ifsc.razorpay.com' ([Errno 11001] getaddrinfo failed)"))
2026-01-27 12:39:28,494 - __main__ - ERROR - Error fetching state for SBIN0000053: HTTPSConnectionPool(host='ifsc.razorpay.com', port=443): Max retries exceeded with url: /SBIN0000053 (Caused by NameResolutionError("HTTPSConnection(host='ifsc.razorpay.com', port=443): Failed to resolve 'ifsc.razorpay.com' ([Errno 11001] getaddrinfo failed)"))
2026-01-27 12:39:28,505 - __main__ - ERROR - Error fetching state for BKID0004925: HTTPSConnectionPool(host='ifsc.razorpay.com', port=443): Max retries exceeded with url: /BKID0004925 (Caused by NameResolutionError("HTTPSConnection(host='ifsc.razorpay.com', port=443): Failed to resolve 'ifsc.razorpay.com' ([Errno 11001] getaddrinfo failed)"))
2026-01-27 12:39:28,511 - __main__ - ERROR - Error fetching state for BARB0BUDDHA: HTTPSConnectionPool(host='ifsc.razorpay.com', port=443): Max retries exceeded with url: /BARB0BUDDHA (Caused by NameResolutionError("HTTPSConnection(host='ifsc.razorpay.com', port=443): Failed to resolve 'ifsc.razorpay.com' ([Errno 11001] getaddrinfo failed)"))
2026-01-27 12:39:28,520 - __main__ - ERROR - Error fetching state for SBIN0014963: HTTPSConnectionPool(host='ifsc.razorpay.com', port=443): Max retries exceeded with url: /SBIN0014963 (Caused by NameResolutionError("HTTPSConnection(host='ifsc.razorpay.com', port=443): Failed to resolve 'ifsc.razorpay.com' ([Errno 11001] getaddrinfo failed)"))
2026-01-27 12:39:28,521 - __main__ - ERROR - Error fetching state for UBIN0576271: HTTPSConnectionPool(host='ifsc.razorpay.com', port=443): Max retries exceeded with url: /UBIN0576271 (Caused by NameResolutionError("HTTPSConnection(host='ifsc.razorpay.com', port=443): Failed to resolve 'ifsc.razorpay.com' ([Errno 11001] getaddrinfo failed)"))
2026-01-27 12:39:28,532 - __main__ - ERROR - Error fetching state for SBIN0020085: HTTPSConnectionPool(host='ifsc.razorpay.com', port=443): Max retries exceeded with url: /SBIN0020085 (Caused by NameResolutionError("HTTPSConnection(host='ifsc.razorpay.com', port=443): Failed to resolve 'ifsc.razorpay.com' ([Errno 11001] getaddrinfo failed)"))
2026-01-27 12:39:28,533 - __main__ - ERROR - Error fetching state for RATN000RBLA: HTTPSConnectionPool(host='ifsc.razorpay.com', port=443): Max retries exceeded with url: /RATN000RBLA (Caused by NameResolutionError("HTTPSConnection(host='ifsc.razorpay.com', port=443): Failed to resolve 'ifsc.razorpay.com' ([Errno 11001] getaddrinfo failed)"))
2026-01-27 12:39:28,542 - __main__ - ERROR - Error fetching state for HDFC0003128: HTTPSConnectionPool(host='ifsc.razorpay.com', port=443): Max retries exceeded with url: /HDFC0003128 (Caused by NameResolutionError("HTTPSConnection(host='ifsc.razorpay.com', port=443): Failed to resolve 'ifsc.razorpay.com' ([Errno 11001] getaddrinfo failed)"))
2026-01-27 12:39:28,544 - __main__ - ERROR - Error fetching state for ESFB0003003: HTTPSConnectionPool(host='ifsc.razorpay.com', port=443): Max retries exceeded with url: /ESFB0003003 (Caused by NameResolutionError("HTTPSConnection(host='ifsc.razorpay.com', port=443): Failed to resolve 'ifsc.razorpay.com' ([Errno 11001] getaddrinfo failed)"))
2026-01-27 12:39:28,558 - __main__ - ERROR - Error fetching state for HDFC0000777: HTTPSConnectionPool(host='ifsc.razorpay.com', port=443): Max retries exceeded with url: /HDFC0000777 (Caused by NameResolutionError("HTTPSConnection(host='ifsc.razorpay.com', port=443): Failed to resolve 'ifsc.razorpay.com' ([Errno 11001] getaddrinfo failed)"))
2026-01-27 12:39:28,561 - __main__ - ERROR - Error fetching state for IDIB000A565: HTTPSConnectionPool(host='ifsc.razorpay.com', port=443): Max retries exceeded with url: /IDIB000A565 (Caused by NameResolutionError("HTTPSConnection(host='ifsc.razorpay.com', port=443): Failed to resolve 'ifsc.razorpay.com' ([Errno 11001] getaddrinfo failed)"))
2026-01-27 12:39:28,562 - __main__ - ERROR - Error fetching state for SBIN0014963: HTTPSConnectionPool(host='ifsc.razorpay.com', port=443): Max retries exceeded with url: /SBIN0014963 (Caused by NameResolutionError("HTTPSConnection(host='ifsc.razorpay.com', port=443): Failed to resolve 'ifsc.razorpay.com' ([Errno 11001] getaddrinfo failed)"))
2026-01-27 12:39:28,566 - __main__ - ERROR - Error fetching state for BKID0004925: HTTPSConnectionPool(host='ifsc.razorpay.com', port=443): Max retries exceeded with url: /BKID0004925 (Caused by NameResolutionError("HTTPSConnection(host='ifsc.razorpay.com', port=443): Failed to resolve 'ifsc.razorpay.com' ([Errno 11001] getaddrinfo failed)"))
2026-01-27 12:39:28,572 - __main__ - ERROR - Error fetching state for RATN000RBLA: HTTPSConnectionPool(host='ifsc.razorpay.com', port=443): Max retries exceeded with url: /RATN000RBLA (Caused by NameResolutionError("HTTPSConnection(host='ifsc.razorpay.com', port=443): Failed to resolve 'ifsc.razorpay.com' ([Errno 11001] getaddrinfo failed)"))
2026-01-27 12:39:28,581 - __main__ - ERROR - Error fetching state for IBKL0001901: HTTPSConnectionPool(host='ifsc.razorpay.com', port=443): Max retries exceeded with url: /IBKL0001901 (Caused by NameResolutionError("HTTPSConnection(host='ifsc.razorpay.com', port=443): Failed to resolve 'ifsc.razorpay.com' ([Errno 11001] getaddrinfo failed)"))
2026-01-27 12:39:28,587 - __main__ - ERROR - Error fetching state for BARB0BEHJOI: HTTPSConnectionPool(host='ifsc.razorpay.com', port=443): Max retries exceeded with url: /BARB0BEHJOI (Caused by NameResolutionError("HTTPSConnection(host='ifsc.razorpay.com', port=443): Failed to resolve 'ifsc.razorpay.com' ([Errno 11001] getaddrinfo failed)"))
2026-01-27 12:39:28,588 - __main__ - ERROR - Error fetching state for HDFC0003128: HTTPSConnectionPool(host='ifsc.razorpay.com', port=443): Max retries exceeded with url: /HDFC0003128 (Caused by NameResolutionError("HTTPSConnection(host='ifsc.razorpay.com', port=443): Failed to resolve 'ifsc.razorpay.com' ([Errno 11001] getaddrinfo failed)"))
2026-01-27 12:39:28,597 - __main__ - ERROR - Error fetching state for BKID0000001: HTTPSConnectionPool(host='ifsc.razorpay.com', port=443): Max retries exceeded with url: /BKID0000001 (Caused by NameResolutionError("HTTPSConnection(host='ifsc.razorpay.com', port=443): Failed to resolve 'ifsc.razorpay.com' ([Errno 11001] getaddrinfo failed)"))
2026-01-27 12:39:28,614 - __main__ - ERROR - Error fetching state for HDFC0000777: HTTPSConnectionPool(host='ifsc.razorpay.com', port=443): Max retries exceeded with url: /HDFC0000777 (Caused by NameResolutionError("HTTPSConnection(host='ifsc.razorpay.com', port=443): Failed to resolve 'ifsc.razorpay.com' ([Errno 11001] getaddrinfo failed)"))
2026-01-27 12:39:28,624 - __main__ - ERROR - Error fetching state for KKBK0000702: HTTPSConnectionPool(host='ifsc.razorpay.com', port=443): Max retries exceeded with url: /KKBK0000702 (Caused by NameResolutionError("HTTPSConnection(host='ifsc.razorpay.com', port=443): Failed to resolve 'ifsc.razorpay.com' ([Errno 11001] getaddrinfo failed)"))
2026-01-27 12:39:28,647 - __main__ - ERROR - Error fetching state for RATN0000557: HTTPSConnectionPool(host='ifsc.razorpay.com', port=443): Max retries exceeded with url: /RATN0000557 (Caused by NameResolutionError("HTTPSConnection(host='ifsc.razorpay.com', port=443): Failed to resolve 'ifsc.razorpay.com' ([Errno 11001] getaddrinfo failed)"))
2026-01-27 12:39:28,648 - __main__ - ERROR - Error fetching state for ICIC0002718: HTTPSConnectionPool(host='ifsc.razorpay.com', port=443): Max retries exceeded with url: /ICIC0002718 (Caused by NameResolutionError("HTTPSConnection(host='ifsc.razorpay.com', port=443): Failed to resolve 'ifsc.razorpay.com' ([Errno 11001] getaddrinfo failed)"))
2026-01-27 12:39:28,651 - __main__ - ERROR - Error fetching state for IBKL0001901: HTTPSConnectionPool(host='ifsc.razorpay.com', port=443): Max retries exceeded with url: /IBKL0001901 (Caused by NameResolutionError("HTTPSConnection(host='ifsc.razorpay.com', port=443): Failed to resolve 'ifsc.razorpay.com' ([Errno 11001] getaddrinfo failed)"))
2026-01-27 12:39:28,659 - __main__ - ERROR - Error fetching state for IDIB000A565: HTTPSConnectionPool(host='ifsc.razorpay.com', port=443): Max retries exceeded with url: /IDIB000A565 (Caused by NameResolutionError("HTTPSConnection(host='ifsc.razorpay.com', port=443): Failed to resolve 'ifsc.razorpay.com' ([Errno 11001] getaddrinfo failed)"))
2026-01-27 12:39:28,676 - __main__ - ERROR - Error fetching state for BKID0000001: HTTPSConnectionPool(host='ifsc.razorpay.com', port=443): Max retries exceeded with url: /BKID0000001 (Caused by NameResolutionError("HTTPSConnection(host='ifsc.razorpay.com', port=443): Failed to resolve 'ifsc.razorpay.com' ([Errno 11001] getaddrinfo failed)"))
2026-01-27 12:39:28,681 - __main__ - ERROR - Error fetching state for UTIB0000725: HTTPSConnectionPool(host='ifsc.razorpay.com', port=443): Max retries exceeded with url: /UTIB0000725 (Caused by NameResolutionError("HTTPSConnection(host='ifsc.razorpay.com', port=443): Failed to resolve 'ifsc.razorpay.com' ([Errno 11001] getaddrinfo failed)"))
2026-01-27 12:39:28,682 - __main__ - ERROR - Error fetching state for BARB0BEHJOI: HTTPSConnectionPool(host='ifsc.razorpay.com', port=443): Max retries exceeded with url: /BARB0BEHJOI (Caused by NameResolutionError("HTTPSConnection(host='ifsc.razorpay.com', port=443): Failed to resolve 'ifsc.razorpay.com' ([Errno 11001] getaddrinfo failed)"))
2026-01-27 12:39:28,694 - __main__ - ERROR - Error fetching state for SBIN0007895: HTTPSConnectionPool(host='ifsc.razorpay.com', port=443): Max retries exceeded with url: /SBIN0007895 (Caused by NameResolutionError("HTTPSConnection(host='ifsc.razorpay.com', port=443): Failed to resolve 'ifsc.razorpay.com' ([Errno 11001] getaddrinfo failed)"))
2026-01-27 12:39:28,697 - __main__ - ERROR - Error fetching state for RATN0000557: HTTPSConnectionPool(host='ifsc.razorpay.com', port=443): Max retries exceeded with url: /RATN0000557 (Caused by NameResolutionError("HTTPSConnection(host='ifsc.razorpay.com', port=443): Failed to resolve 'ifsc.razorpay.com' ([Errno 11001] getaddrinfo failed)"))
2026-01-27 12:39:28,712 - __main__ - ERROR - Error fetching state for HDFC0005513: HTTPSConnectionPool(host='ifsc.razorpay.com', port=443): Max retries exceeded with url: /HDFC0005513 (Caused by NameResolutionError("HTTPSConnection(host='ifsc.razorpay.com', port=443): Failed to resolve 'ifsc.razorpay.com' ([Errno 11001] getaddrinfo failed)"))
2026-01-27 12:39:28,713 - __main__ - ERROR - Error fetching state for KKBK0000702: HTTPSConnectionPool(host='ifsc.razorpay.com', port=443): Max retries exceeded with url: /KKBK0000702 (Caused by NameResolutionError("HTTPSConnection(host='ifsc.razorpay.com', port=443): Failed to resolve 'ifsc.razorpay.com' ([Errno 11001] getaddrinfo failed)"))
2026-01-27 12:39:28,714 - __main__ - ERROR - Error fetching state for HDFC0004713: HTTPSConnectionPool(host='ifsc.razorpay.com', port=443): Max retries exceeded with url: /HDFC0004713 (Caused by NameResolutionError("HTTPSConnection(host='ifsc.razorpay.com', port=443): Failed to resolve 'ifsc.razorpay.com' ([Errno 11001] getaddrinfo failed)"))
2026-01-27 12:39:28,728 - __main__ - ERROR - Error fetching state for UTIB0000725: HTTPSConnectionPool(host='ifsc.razorpay.com', port=443): Max retries exceeded with url: /UTIB0000725 (Caused by NameResolutionError("HTTPSConnection(host='ifsc.razorpay.com', port=443): Failed to resolve 'ifsc.razorpay.com' ([Errno 11001] getaddrinfo failed)"))
2026-01-27 12:39:28,731 - __main__ - ERROR - Error fetching state for ICIC0002718: HTTPSConnectionPool(host='ifsc.razorpay.com', port=443): Max retries exceeded with url: /ICIC0002718 (Caused by NameResolutionError("HTTPSConnection(host='ifsc.razorpay.com', port=443): Failed to resolve 'ifsc.razorpay.com' ([Errno 11001] getaddrinfo failed)"))
2026-01-27 12:39:28,748 - __main__ - ERROR - Error fetching state for BKID0004983: HTTPSConnectionPool(host='ifsc.razorpay.com', port=443): Max retries exceeded with url: /BKID0004983 (Caused by NameResolutionError("HTTPSConnection(host='ifsc.razorpay.com', port=443): Failed to resolve 'ifsc.razorpay.com' ([Errno 11001] getaddrinfo failed)"))
2026-01-27 12:39:28,749 - __main__ - ERROR - Error fetching state for PUNB0281200: HTTPSConnectionPool(host='ifsc.razorpay.com', port=443): Max retries exceeded with url: /PUNB0281200 (Caused by NameResolutionError("HTTPSConnection(host='ifsc.razorpay.com', port=443): Failed to resolve 'ifsc.razorpay.com' ([Errno 11001] getaddrinfo failed)"))
2026-01-27 12:39:28,750 - __main__ - ERROR - Error fetching state for SBIN0007895: HTTPSConnectionPool(host='ifsc.razorpay.com', port=443): Max retries exceeded with url: /SBIN0007895 (Caused by NameResolutionError("HTTPSConnection(host='ifsc.razorpay.com', port=443): Failed to resolve 'ifsc.razorpay.com' ([Errno 11001] getaddrinfo failed)"))
2026-01-27 12:39:28,784 - __main__ - ERROR - Error fetching state for SBIN0005080: HTTPSConnectionPool(host='ifsc.razorpay.com', port=443): Max retries exceeded with url: /SBIN0005080 (Caused by NameResolutionError("HTTPSConnection(host='ifsc.razorpay.com', port=443): Failed to resolve 'ifsc.razorpay.com' ([Errno 11001] getaddrinfo failed)"))
2026-01-27 12:39:28,796 - __main__ - ERROR - Error fetching state for HDFC0005513: HTTPSConnectionPool(host='ifsc.razorpay.com', port=443): Max retries exceeded with url: /HDFC0005513 (Caused by NameResolutionError("HTTPSConnection(host='ifsc.razorpay.com', port=443): Failed to resolve 'ifsc.razorpay.com' ([Errno 11001] getaddrinfo failed)"))
2026-01-27 12:39:28,797 - __main__ - ERROR - Error fetching state for CNRB0001043: HTTPSConnectionPool(host='ifsc.razorpay.com', port=443): Max retries exceeded with url: /CNRB0001043 (Caused by NameResolutionError("HTTPSConnection(host='ifsc.razorpay.com', port=443): Failed to resolve 'ifsc.razorpay.com' ([Errno 11001] getaddrinfo failed)"))
2026-01-27 12:39:28,797 - __main__ - ERROR - Error fetching state for APGB0004004: HTTPSConnectionPool(host='ifsc.razorpay.com', port=443): Max retries exceeded with url: /APGB0004004 (Caused by NameResolutionError("HTTPSConnection(host='ifsc.razorpay.com', port=443): Failed to resolve 'ifsc.razorpay.com' ([Errno 11001] getaddrinfo failed)"))
2026-01-27 12:39:28,814 - __main__ - ERROR - Error fetching state for KKBK0000325: HTTPSConnectionPool(host='ifsc.razorpay.com', port=443): Max retries exceeded with url: /KKBK0000325 (Caused by NameResolutionError("HTTPSConnection(host='ifsc.razorpay.com', port=443): Failed to resolve 'ifsc.razorpay.com' ([Errno 11001] getaddrinfo failed)"))
2026-01-27 12:39:28,816 - __main__ - ERROR - Error fetching state for HDFC0004713: HTTPSConnectionPool(host='ifsc.razorpay.com', port=443): Max retries exceeded with url: /HDFC0004713 (Caused by NameResolutionError("HTTPSConnection(host='ifsc.razorpay.com', port=443): Failed to resolve 'ifsc.razorpay.com' ([Errno 11001] getaddrinfo failed)"))
2026-01-27 12:39:28,818 - __main__ - ERROR - Error fetching state for PUNB0281200: HTTPSConnectionPool(host='ifsc.razorpay.com', port=443): Max retries exceeded with url: /PUNB0281200 (Caused by NameResolutionError("HTTPSConnection(host='ifsc.razorpay.com', port=443): Failed to resolve 'ifsc.razorpay.com' ([Errno 11001] getaddrinfo failed)"))
2026-01-27 12:39:28,832 - __main__ - ERROR - Error fetching state for BKID0004983: HTTPSConnectionPool(host='ifsc.razorpay.com', port=443): Max retries exceeded with url: /BKID0004983 (Caused by NameResolutionError("HTTPSConnection(host='ifsc.razorpay.com', port=443): Failed to resolve 'ifsc.razorpay.com' ([Errno 11001] getaddrinfo failed)"))
2026-01-27 12:39:28,833 - __main__ - ERROR - Error fetching state for CNRB0000383: HTTPSConnectionPool(host='ifsc.razorpay.com', port=443): Max retries exceeded with url: /CNRB0000383 (Caused by NameResolutionError("HTTPSConnection(host='ifsc.razorpay.com', port=443): Failed to resolve 'ifsc.razorpay.com' ([Errno 11001] getaddrinfo failed)"))
2026-01-27 12:39:28,845 - __main__ - ERROR - Error fetching state for SBIN0005080: HTTPSConnectionPool(host='ifsc.razorpay.com', port=443): Max retries exceeded with url: /SBIN0005080 (Caused by NameResolutionError("HTTPSConnection(host='ifsc.razorpay.com', port=443): Failed to resolve 'ifsc.razorpay.com' ([Errno 11001] getaddrinfo failed)"))
2026-01-27 12:39:28,862 - __main__ - ERROR - Error fetching state for PUNB0131910: HTTPSConnectionPool(host='ifsc.razorpay.com', port=443): Max retries exceeded with url: /PUNB0131910 (Caused by NameResolutionError("HTTPSConnection(host='ifsc.razorpay.com', port=443): Failed to resolve 'ifsc.razorpay.com' ([Errno 11001] getaddrinfo failed)"))
2026-01-27 12:39:28,863 - __main__ - ERROR - Error fetching state for CBIN0283886: HTTPSConnectionPool(host='ifsc.razorpay.com', port=443): Max retries exceeded with url: /CBIN0283886 (Caused by NameResolutionError("HTTPSConnection(host='ifsc.razorpay.com', port=443): Failed to resolve 'ifsc.razorpay.com' ([Errno 11001] getaddrinfo failed)"))
2026-01-27 12:39:28,864 - __main__ - ERROR - Error fetching state for CNRB0001043: HTTPSConnectionPool(host='ifsc.razorpay.com', port=443): Max retries exceeded with url: /CNRB0001043 (Caused by NameResolutionError("HTTPSConnection(host='ifsc.razorpay.com', port=443): Failed to resolve 'ifsc.razorpay.com' ([Errno 11001] getaddrinfo failed)"))
2026-01-27 12:39:28,871 - __main__ - ERROR - Error fetching state for APGB0004004: HTTPSConnectionPool(host='ifsc.razorpay.com', port=443): Max retries exceeded with url: /APGB0004004 (Caused by NameResolutionError("HTTPSConnection(host='ifsc.razorpay.com', port=443): Failed to resolve 'ifsc.razorpay.com' ([Errno 11001] getaddrinfo failed)"))
2026-01-27 12:39:28,881 - __main__ - ERROR - Error fetching state for CNRB0000383: HTTPSConnectionPool(host='ifsc.razorpay.com', port=443): Max retries exceeded with url: /CNRB0000383 (Caused by NameResolutionError("HTTPSConnection(host='ifsc.razorpay.com', port=443): Failed to resolve 'ifsc.razorpay.com' ([Errno 11001] getaddrinfo failed)"))
2026-01-27 12:39:28,884 - __main__ - ERROR - Error fetching state for SBIN0002714: HTTPSConnectionPool(host='ifsc.razorpay.com', port=443): Max retries exceeded with url: /SBIN0002714 (Caused by NameResolutionError("HTTPSConnection(host='ifsc.razorpay.com', port=443): Failed to resolve 'ifsc.razorpay.com' ([Errno 11001] getaddrinfo failed)"))
2026-01-27 12:39:28,882 - __main__ - ERROR - Error fetching state for KKBK0000325: HTTPSConnectionPool(host='ifsc.razorpay.com', port=443): Max retries exceeded with url: /KKBK0000325 (Caused by NameResolutionError("HTTPSConnection(host='ifsc.razorpay.com', port=443): Failed to resolve 'ifsc.razorpay.com' ([Errno 11001] getaddrinfo failed)"))
2026-01-27 12:39:28,885 - __main__ - ERROR - Error fetching state for HDFC0007876: HTTPSConnectionPool(host='ifsc.razorpay.com', port=443): Max retries exceeded with url: /HDFC0007876 (Caused by NameResolutionError("HTTPSConnection(host='ifsc.razorpay.com', port=443): Failed to resolve 'ifsc.razorpay.com' ([Errno 11001] getaddrinfo failed)"))
2026-01-27 12:39:28,896 - __main__ - ERROR - Error fetching state for UBIN0568163: HTTPSConnectionPool(host='ifsc.razorpay.com', port=443): Max retries exceeded with url: /UBIN0568163 (Caused by NameResolutionError("HTTPSConnection(host='ifsc.razorpay.com', port=443): Failed to resolve 'ifsc.razorpay.com' ([Errno 11001] getaddrinfo failed)"))
2026-01-27 12:39:28,905 - __main__ - ERROR - Error fetching state for PUNB0131910: HTTPSConnectionPool(host='ifsc.razorpay.com', port=443): Max retries exceeded with url: /PUNB0131910 (Caused by NameResolutionError("HTTPSConnection(host='ifsc.razorpay.com', port=443): Failed to resolve 'ifsc.razorpay.com' ([Errno 11001] getaddrinfo failed)"))
2026-01-27 12:39:28,908 - __main__ - ERROR - Error fetching state for SBIN0002404: HTTPSConnectionPool(host='ifsc.razorpay.com', port=443): Max retries exceeded with url: /SBIN0002404 (Caused by NameResolutionError("HTTPSConnection(host='ifsc.razorpay.com', port=443): Failed to resolve 'ifsc.razorpay.com' ([Errno 11001] getaddrinfo failed)"))
2026-01-27 12:39:28,912 - __main__ - ERROR - Error fetching state for CBIN0283886: HTTPSConnectionPool(host='ifsc.razorpay.com', port=443): Max retries exceeded with url: /CBIN0283886 (Caused by NameResolutionError("HTTPSConnection(host='ifsc.razorpay.com', port=443): Failed to resolve 'ifsc.razorpay.com' ([Errno 11001] getaddrinfo failed)"))
2026-01-27 12:39:28,913 - __main__ - ERROR - Error fetching state for KKBK0000432: HTTPSConnectionPool(host='ifsc.razorpay.com', port=443): Max retries exceeded with url: /KKBK0000432 (Caused by NameResolutionError("HTTPSConnection(host='ifsc.razorpay.com', port=443): Failed to resolve 'ifsc.razorpay.com' ([Errno 11001] getaddrinfo failed)"))
2026-01-27 12:39:28,927 - __main__ - ERROR - Error fetching state for BARB0VJBGRA: HTTPSConnectionPool(host='ifsc.razorpay.com', port=443): Max retries exceeded with url: /BARB0VJBGRA (Caused by NameResolutionError("HTTPSConnection(host='ifsc.razorpay.com', port=443): Failed to resolve 'ifsc.razorpay.com' ([Errno 11001] getaddrinfo failed)"))
2026-01-27 12:39:28,928 - __main__ - ERROR - Error fetching state for SBIN0002714: HTTPSConnectionPool(host='ifsc.razorpay.com', port=443): Max retries exceeded with url: /SBIN0002714 (Caused by NameResolutionError("HTTPSConnection(host='ifsc.razorpay.com', port=443): Failed to resolve 'ifsc.razorpay.com' ([Errno 11001] getaddrinfo failed)"))
2026-01-27 12:39:28,929 - __main__ - ERROR - Error fetching state for KARB0000423: HTTPSConnectionPool(host='ifsc.razorpay.com', port=443): Max retries exceeded with url: /KARB0000423 (Caused by NameResolutionError("HTTPSConnection(host='ifsc.razorpay.com', port=443): Failed to resolve 'ifsc.razorpay.com' ([Errno 11001] getaddrinfo failed)"))
2026-01-27 12:39:28,939 - __main__ - ERROR - Error fetching state for HDFC0007876: HTTPSConnectionPool(host='ifsc.razorpay.com', port=443): Max retries exceeded with url: /HDFC0007876 (Caused by NameResolutionError("HTTPSConnection(host='ifsc.razorpay.com', port=443): Failed to resolve 'ifsc.razorpay.com' ([Errno 11001] getaddrinfo failed)"))
2026-01-27 12:39:28,947 - __main__ - ERROR - Error fetching state for UBIN0568163: HTTPSConnectionPool(host='ifsc.razorpay.com', port=443): Max retries exceeded with url: /UBIN0568163 (Caused by NameResolutionError("HTTPSConnection(host='ifsc.razorpay.com', port=443): Failed to resolve 'ifsc.razorpay.com' ([Errno 11001] getaddrinfo failed)"))
2026-01-27 12:39:28,953 - __main__ - ERROR - Error fetching state for SBIN0002404: HTTPSConnectionPool(host='ifsc.razorpay.com', port=443): Max retries exceeded with url: /SBIN0002404 (Caused by NameResolutionError("HTTPSConnection(host='ifsc.razorpay.com', port=443): Failed to resolve 'ifsc.razorpay.com' ([Errno 11001] getaddrinfo failed)"))
2026-01-27 12:39:28,963 - __main__ - ERROR - Error fetching state for SBIN0020522: HTTPSConnectionPool(host='ifsc.razorpay.com', port=443): Max retries exceeded with url: /SBIN0020522 (Caused by NameResolutionError("HTTPSConnection(host='ifsc.razorpay.com', port=443): Failed to resolve 'ifsc.razorpay.com' ([Errno 11001] getaddrinfo failed)"))
2026-01-27 12:39:28,967 - __main__ - ERROR - Error fetching state for KSBK0001413: HTTPSConnectionPool(host='ifsc.razorpay.com', port=443): Max retries exceeded with url: /KSBK0001413 (Caused by NameResolutionError("HTTPSConnection(host='ifsc.razorpay.com', port=443): Failed to resolve 'ifsc.razorpay.com' ([Errno 11001] getaddrinfo failed)"))
2026-01-27 12:39:28,971 - __main__ - ERROR - Error fetching state for FDRL0002521: HTTPSConnectionPool(host='ifsc.razorpay.com', port=443): Max retries exceeded with url: /FDRL0002521 (Caused by NameResolutionError("HTTPSConnection(host='ifsc.razorpay.com', port=443): Failed to resolve 'ifsc.razorpay.com' ([Errno 11001] getaddrinfo failed)"))
2026-01-27 12:39:28,972 - __main__ - ERROR - Error fetching state for KKBK0000432: HTTPSConnectionPool(host='ifsc.razorpay.com', port=443): Max retries exceeded with url: /KKBK0000432 (Caused by NameResolutionError("HTTPSConnection(host='ifsc.razorpay.com', port=443): Failed to resolve 'ifsc.razorpay.com' ([Errno 11001] getaddrinfo failed)"))
2026-01-27 12:39:28,982 - __main__ - ERROR - Error fetching state for SBIN0003378: HTTPSConnectionPool(host='ifsc.razorpay.com', port=443): Max retries exceeded with url: /SBIN0003378 (Caused by NameResolutionError("HTTPSConnection(host='ifsc.razorpay.com', port=443): Failed to resolve 'ifsc.razorpay.com' ([Errno 11001] getaddrinfo failed)"))
2026-01-27 12:39:28,983 - __main__ - ERROR - Error fetching state for BARB0VJBGRA: HTTPSConnectionPool(host='ifsc.razorpay.com', port=443): Max retries exceeded with url: /BARB0VJBGRA (Caused by NameResolutionError("HTTPSConnection(host='ifsc.razorpay.com', port=443): Failed to resolve 'ifsc.razorpay.com' ([Errno 11001] getaddrinfo failed)"))
2026-01-27 12:39:28,985 - __main__ - ERROR - Error fetching state for KARB0000423: HTTPSConnectionPool(host='ifsc.razorpay.com', port=443): Max retries exceeded with url: /KARB0000423 (Caused by NameResolutionError("HTTPSConnection(host='ifsc.razorpay.com', port=443): Failed to resolve 'ifsc.razorpay.com' ([Errno 11001] getaddrinfo failed)"))
2026-01-27 12:39:28,996 - __main__ - ERROR - Error fetching state for SBIN0020522: HTTPSConnectionPool(host='ifsc.razorpay.com', port=443): Max retries exceeded with url: /SBIN0020522 (Caused by NameResolutionError("HTTPSConnection(host='ifsc.razorpay.com', port=443): Failed to resolve 'ifsc.razorpay.com' ([Errno 11001] getaddrinfo failed)"))
2026-01-27 12:39:28,998 - __main__ - ERROR - Error fetching state for SBIN0060427: HTTPSConnectionPool(host='ifsc.razorpay.com', port=443): Max retries exceeded with url: /SBIN0060427 (Caused by NameResolutionError("HTTPSConnection(host='ifsc.razorpay.com', port=443): Failed to resolve 'ifsc.razorpay.com' ([Errno 11001] getaddrinfo failed)"))
2026-01-27 12:39:29,017 - __main__ - ERROR - Error fetching state for HDFC0000872: HTTPSConnectionPool(host='ifsc.razorpay.com', port=443): Max retries exceeded with url: /HDFC0000872 (Caused by NameResolutionError("HTTPSConnection(host='ifsc.razorpay.com', port=443): Failed to resolve 'ifsc.razorpay.com' ([Errno 11001] getaddrinfo failed)"))
2026-01-27 12:39:29,022 - __main__ - ERROR - Error fetching state for CIUB0000117: HTTPSConnectionPool(host='ifsc.razorpay.com', port=443): Max retries exceeded with url: /CIUB0000117 (Caused by NameResolutionError("HTTPSConnection(host='ifsc.razorpay.com', port=443): Failed to resolve 'ifsc.razorpay.com' ([Errno 11001] getaddrinfo failed)"))
2026-01-27 12:39:29,024 - __main__ - ERROR - Error fetching state for FDRL0002521: HTTPSConnectionPool(host='ifsc.razorpay.com', port=443): Max retries exceeded with url: /FDRL0002521 (Caused by NameResolutionError("HTTPSConnection(host='ifsc.razorpay.com', port=443): Failed to resolve 'ifsc.razorpay.com' ([Errno 11001] getaddrinfo failed)"))
2026-01-27 12:39:29,025 - __main__ - ERROR - Error fetching state for UBIN0559211: HTTPSConnectionPool(host='ifsc.razorpay.com', port=443): Max retries exceeded with url: /UBIN0559211 (Caused by NameResolutionError("HTTPSConnection(host='ifsc.razorpay.com', port=443): Failed to resolve 'ifsc.razorpay.com' ([Errno 11001] getaddrinfo failed)"))
2026-01-27 12:39:29,035 - __main__ - ERROR - Error fetching state for UTIB0004108: HTTPSConnectionPool(host='ifsc.razorpay.com', port=443): Max retries exceeded with url: /UTIB0004108 (Caused by NameResolutionError("HTTPSConnection(host='ifsc.razorpay.com', port=443): Failed to resolve 'ifsc.razorpay.com' ([Errno 11001] getaddrinfo failed)"))
2026-01-27 12:39:29,039 - __main__ - ERROR - Error fetching state for KSBK0001413: HTTPSConnectionPool(host='ifsc.razorpay.com', port=443): Max retries exceeded with url: /KSBK0001413 (Caused by NameResolutionError("HTTPSConnection(host='ifsc.razorpay.com', port=443): Failed to resolve 'ifsc.razorpay.com' ([Errno 11001] getaddrinfo failed)"))
2026-01-27 12:39:29,040 - __main__ - ERROR - Error fetching state for SBIN0003378: HTTPSConnectionPool(host='ifsc.razorpay.com', port=443): Max retries exceeded with url: /SBIN0003378 (Caused by NameResolutionError("HTTPSConnection(host='ifsc.razorpay.com', port=443): Failed to resolve 'ifsc.razorpay.com' ([Errno 11001] getaddrinfo failed)"))
2026-01-27 12:39:29,051 - __main__ - ERROR - Error fetching state for IDIB000V156: HTTPSConnectionPool(host='ifsc.razorpay.com', port=443): Max retries exceeded with url: /IDIB000V156 (Caused by NameResolutionError("HTTPSConnection(host='ifsc.razorpay.com', port=443): Failed to resolve 'ifsc.razorpay.com' ([Errno 11001] getaddrinfo failed)"))
2026-01-27 12:39:29,057 - __main__ - ERROR - Error fetching state for SBIN0060427: HTTPSConnectionPool(host='ifsc.razorpay.com', port=443): Max retries exceeded with url: /SBIN0060427 (Caused by NameResolutionError("HTTPSConnection(host='ifsc.razorpay.com', port=443): Failed to resolve 'ifsc.razorpay.com' ([Errno 11001] getaddrinfo failed)"))
2026-01-27 12:39:29,061 - __main__ - ERROR - Error fetching state for CIUB0000117: HTTPSConnectionPool(host='ifsc.razorpay.com', port=443): Max retries exceeded with url: /CIUB0000117 (Caused by NameResolutionError("HTTPSConnection(host='ifsc.razorpay.com', port=443): Failed to resolve 'ifsc.razorpay.com' ([Errno 11001] getaddrinfo failed)"))
2026-01-27 12:39:29,067 - __main__ - ERROR - Error fetching state for YESB0000001: HTTPSConnectionPool(host='ifsc.razorpay.com', port=443): Max retries exceeded with url: /YESB0000001 (Caused by NameResolutionError("HTTPSConnection(host='ifsc.razorpay.com', port=443): Failed to resolve 'ifsc.razorpay.com' ([Errno 11001] getaddrinfo failed)"))
2026-01-27 12:39:29,068 - __main__ - ERROR - Error fetching state for HDFC0000872: HTTPSConnectionPool(host='ifsc.razorpay.com', port=443): Max retries exceeded with url: /HDFC0000872 (Caused by NameResolutionError("HTTPSConnection(host='ifsc.razorpay.com', port=443): Failed to resolve 'ifsc.razorpay.com' ([Errno 11001] getaddrinfo failed)"))
2026-01-27 12:39:29,080 - __main__ - ERROR - Error fetching state for UBIN0559211: HTTPSConnectionPool(host='ifsc.razorpay.com', port=443): Max retries exceeded with url: /UBIN0559211 (Caused by NameResolutionError("HTTPSConnection(host='ifsc.razorpay.com', port=443): Failed to resolve 'ifsc.razorpay.com' ([Errno 11001] getaddrinfo failed)"))
2026-01-27 12:39:29,082 - __main__ - ERROR - Error fetching state for CNRB0019401: HTTPSConnectionPool(host='ifsc.razorpay.com', port=443): Max retries exceeded with url: /CNRB0019401 (Caused by NameResolutionError("HTTPSConnection(host='ifsc.razorpay.com', port=443): Failed to resolve 'ifsc.razorpay.com' ([Errno 11001] getaddrinfo failed)"))
2026-01-27 12:39:29,085 - __main__ - ERROR - Error fetching state for HDFC0009392: HTTPSConnectionPool(host='ifsc.razorpay.com', port=443): Max retries exceeded with url: /HDFC0009392 (Caused by NameResolutionError("HTTPSConnection(host='ifsc.razorpay.com', port=443): Failed to resolve 'ifsc.razorpay.com' ([Errno 11001] getaddrinfo failed)"))
2026-01-27 12:39:29,095 - __main__ - ERROR - Error fetching state for IDFB0080101: HTTPSConnectionPool(host='ifsc.razorpay.com', port=443): Max retries exceeded with url: /IDFB0080101 (Caused by NameResolutionError("HTTPSConnection(host='ifsc.razorpay.com', port=443): Failed to resolve 'ifsc.razorpay.com' ([Errno 11001] getaddrinfo failed)"))
2026-01-27 12:39:29,098 - __main__ - ERROR - Error fetching state for UTIB0004108: HTTPSConnectionPool(host='ifsc.razorpay.com', port=443): Max retries exceeded with url: /UTIB0004108 (Caused by NameResolutionError("HTTPSConnection(host='ifsc.razorpay.com', port=443): Failed to resolve 'ifsc.razorpay.com' ([Errno 11001] getaddrinfo failed)"))
2026-01-27 12:39:29,109 - __main__ - ERROR - Error fetching state for IDIB000V156: HTTPSConnectionPool(host='ifsc.razorpay.com', port=443): Max retries exceeded with url: /IDIB000V156 (Caused by NameResolutionError("HTTPSConnection(host='ifsc.razorpay.com', port=443): Failed to resolve 'ifsc.razorpay.com' ([Errno 11001] getaddrinfo failed)"))
2026-01-27 12:39:29,110 - __main__ - ERROR - Error fetching state for PUNB0200520: HTTPSConnectionPool(host='ifsc.razorpay.com', port=443): Max retries exceeded with url: /PUNB0200520 (Caused by NameResolutionError("HTTPSConnection(host='ifsc.razorpay.com', port=443): Failed to resolve 'ifsc.razorpay.com' ([Errno 11001] getaddrinfo failed)"))
2026-01-27 12:39:29,113 - __main__ - ERROR - Error fetching state for BDBL0001875: HTTPSConnectionPool(host='ifsc.razorpay.com', port=443): Max retries exceeded with url: /BDBL0001875 (Caused by NameResolutionError("HTTPSConnection(host='ifsc.razorpay.com', port=443): Failed to resolve 'ifsc.razorpay.com' ([Errno 11001] getaddrinfo failed)"))
2026-01-27 12:39:29,174 - __main__ - ERROR - Error fetching state for SBIN0013401: HTTPSConnectionPool(host='ifsc.razorpay.com', port=443): Max retries exceeded with url: /SBIN0013401 (Caused by NameResolutionError("HTTPSConnection(host='ifsc.razorpay.com', port=443): Failed to resolve 'ifsc.razorpay.com' ([Errno 11001] getaddrinfo failed)"))
2026-01-27 12:39:29,183 - __main__ - ERROR - Error fetching state for YESB0000001: HTTPSConnectionPool(host='ifsc.razorpay.com', port=443): Max retries exceeded with url: /YESB0000001 (Caused by NameResolutionError("HTTPSConnection(host='ifsc.razorpay.com', port=443): Failed to resolve 'ifsc.razorpay.com' ([Errno 11001] getaddrinfo failed)"))
2026-01-27 12:39:29,263 - __main__ - ERROR - Error fetching state for CNRB0019401: HTTPSConnectionPool(host='ifsc.razorpay.com', port=443): Max retries exceeded with url: /CNRB0019401 (Caused by NameResolutionError("HTTPSConnection(host='ifsc.razorpay.com', port=443): Failed to resolve 'ifsc.razorpay.com' ([Errno 11001] getaddrinfo failed)"))
2026-01-27 12:39:29,273 - __main__ - ERROR - Error fetching state for IOBA0000448: HTTPSConnectionPool(host='ifsc.razorpay.com', port=443): Max retries exceeded with url: /IOBA0000448 (Caused by NameResolutionError("HTTPSConnection(host='ifsc.razorpay.com', port=443): Failed to resolve 'ifsc.razorpay.com' ([Errno 11001] getaddrinfo failed)"))
2026-01-27 12:39:29,278 - __main__ - ERROR - Error fetching state for IDFB0080101: HTTPSConnectionPool(host='ifsc.razorpay.com', port=443): Max retries exceeded with url: /IDFB0080101 (Caused by NameResolutionError("HTTPSConnection(host='ifsc.razorpay.com', port=443): Failed to resolve 'ifsc.razorpay.com' ([Errno 11001] getaddrinfo failed)"))
2026-01-27 12:39:29,284 - __main__ - ERROR - Error fetching state for KLGB0040677: HTTPSConnectionPool(host='ifsc.razorpay.com', port=443): Max retries exceeded with url: /KLGB0040677 (Caused by NameResolutionError("HTTPSConnection(host='ifsc.razorpay.com', port=443): Failed to resolve 'ifsc.razorpay.com' ([Errno 11001] getaddrinfo failed)"))
2026-01-27 12:39:29,286 - __main__ - ERROR - Error fetching state for CIUB0000330: HTTPSConnectionPool(host='ifsc.razorpay.com', port=443): Max retries exceeded with url: /CIUB0000330 (Caused by NameResolutionError("HTTPSConnection(host='ifsc.razorpay.com', port=443): Failed to resolve 'ifsc.razorpay.com' ([Errno 11001] getaddrinfo failed)"))
2026-01-27 12:39:29,290 - __main__ - ERROR - Error fetching state for BDBL0001875: HTTPSConnectionPool(host='ifsc.razorpay.com', port=443): Max retries exceeded with url: /BDBL0001875 (Caused by NameResolutionError("HTTPSConnection(host='ifsc.razorpay.com', port=443): Failed to resolve 'ifsc.razorpay.com' ([Errno 11001] getaddrinfo failed)"))
2026-01-27 12:39:29,287 - __main__ - ERROR - Error fetching state for HDFC0009392: HTTPSConnectionPool(host='ifsc.razorpay.com', port=443): Max retries exceeded with url: /HDFC0009392 (Caused by NameResolutionError("HTTPSConnection(host='ifsc.razorpay.com', port=443): Failed to resolve 'ifsc.razorpay.com' ([Errno 11001] getaddrinfo failed)"))
2026-01-27 12:39:29,296 - __main__ - ERROR - Error fetching state for PUNB0200520: HTTPSConnectionPool(host='ifsc.razorpay.com', port=443): Max retries exceeded with url: /PUNB0200520 (Caused by NameResolutionError("HTTPSConnection(host='ifsc.razorpay.com', port=443): Failed to resolve 'ifsc.razorpay.com' ([Errno 11001] getaddrinfo failed)"))
2026-01-27 12:39:29,310 - __main__ - ERROR - Error fetching state for SURY0BK0000: HTTPSConnectionPool(host='ifsc.razorpay.com', port=443): Max retries exceeded with url: /SURY0BK0000 (Caused by NameResolutionError("HTTPSConnection(host='ifsc.razorpay.com', port=443): Failed to resolve 'ifsc.razorpay.com' ([Errno 11001] getaddrinfo failed)"))
2026-01-27 12:39:29,317 - __main__ - ERROR - Error fetching state for SBIN0013401: HTTPSConnectionPool(host='ifsc.razorpay.com', port=443): Max retries exceeded with url: /SBIN0013401 (Caused by NameResolutionError("HTTPSConnection(host='ifsc.razorpay.com', port=443): Failed to resolve 'ifsc.razorpay.com' ([Errno 11001] getaddrinfo failed)"))
2026-01-27 12:39:29,322 - __main__ - ERROR - Error fetching state for SBIN0031689: HTTPSConnectionPool(host='ifsc.razorpay.com', port=443): Max retries exceeded with url: /SBIN0031689 (Caused by NameResolutionError("HTTPSConnection(host='ifsc.razorpay.com', port=443): Failed to resolve 'ifsc.razorpay.com' ([Errno 11001] getaddrinfo failed)"))
2026-01-27 12:39:29,324 - __main__ - ERROR - Error fetching state for IOBA0000448: HTTPSConnectionPool(host='ifsc.razorpay.com', port=443): Max retries exceeded with url: /IOBA0000448 (Caused by NameResolutionError("HTTPSConnection(host='ifsc.razorpay.com', port=443): Failed to resolve 'ifsc.razorpay.com' ([Errno 11001] getaddrinfo failed)"))
2026-01-27 12:39:29,335 - __main__ - ERROR - Error fetching state for SBIN0010485: HTTPSConnectionPool(host='ifsc.razorpay.com', port=443): Max retries exceeded with url: /SBIN0010485 (Caused by NameResolutionError("HTTPSConnection(host='ifsc.razorpay.com', port=443): Failed to resolve 'ifsc.razorpay.com' ([Errno 11001] getaddrinfo failed)"))
2026-01-27 12:39:29,345 - __main__ - ERROR - Error fetching state for SBIN0001765: HTTPSConnectionPool(host='ifsc.razorpay.com', port=443): Max retries exceeded with url: /SBIN0001765 (Caused by NameResolutionError("HTTPSConnection(host='ifsc.razorpay.com', port=443): Failed to resolve 'ifsc.razorpay.com' ([Errno 11001] getaddrinfo failed)"))
2026-01-27 12:39:29,347 - __main__ - ERROR - Error fetching state for KLGB0040677: HTTPSConnectionPool(host='ifsc.razorpay.com', port=443): Max retries exceeded with url: /KLGB0040677 (Caused by NameResolutionError("HTTPSConnection(host='ifsc.razorpay.com', port=443): Failed to resolve 'ifsc.razorpay.com' ([Errno 11001] getaddrinfo failed)"))
2026-01-27 12:39:29,353 - __main__ - ERROR - Error fetching state for SBIN0008462: HTTPSConnectionPool(host='ifsc.razorpay.com', port=443): Max retries exceeded with url: /SBIN0008462 (Caused by NameResolutionError("HTTPSConnection(host='ifsc.razorpay.com', port=443): Failed to resolve 'ifsc.razorpay.com' ([Errno 11001] getaddrinfo failed)"))
2026-01-27 12:39:29,354 - __main__ - ERROR - Error fetching state for UBIN0932434: HTTPSConnectionPool(host='ifsc.razorpay.com', port=443): Max retries exceeded with url: /UBIN0932434 (Caused by NameResolutionError("HTTPSConnection(host='ifsc.razorpay.com', port=443): Failed to resolve 'ifsc.razorpay.com' ([Errno 11001] getaddrinfo failed)"))
2026-01-27 12:39:29,356 - __main__ - ERROR - Error fetching state for CIUB0000330: HTTPSConnectionPool(host='ifsc.razorpay.com', port=443): Max retries exceeded with url: /CIUB0000330 (Caused by NameResolutionError("HTTPSConnection(host='ifsc.razorpay.com', port=443): Failed to resolve 'ifsc.razorpay.com' ([Errno 11001] getaddrinfo failed)"))
2026-01-27 12:39:29,365 - __main__ - ERROR - Error fetching state for SURY0BK0000: HTTPSConnectionPool(host='ifsc.razorpay.com', port=443): Max retries exceeded with url: /SURY0BK0000 (Caused by NameResolutionError("HTTPSConnection(host='ifsc.razorpay.com', port=443): Failed to resolve 'ifsc.razorpay.com' ([Errno 11001] getaddrinfo failed)"))
2026-01-27 12:39:29,371 - __main__ - ERROR - Error fetching state for KARB0000962: HTTPSConnectionPool(host='ifsc.razorpay.com', port=443): Max retries exceeded with url: /KARB0000962 (Caused by NameResolutionError("HTTPSConnection(host='ifsc.razorpay.com', port=443): Failed to resolve 'ifsc.razorpay.com' ([Errno 11001] getaddrinfo failed)"))
2026-01-27 12:39:29,373 - __main__ - ERROR - Error fetching state for SBIN0031689: HTTPSConnectionPool(host='ifsc.razorpay.com', port=443): Max retries exceeded with url: /SBIN0031689 (Caused by NameResolutionError("HTTPSConnection(host='ifsc.razorpay.com', port=443): Failed to resolve 'ifsc.razorpay.com' ([Errno 11001] getaddrinfo failed)"))
2026-01-27 12:39:29,381 - __main__ - ERROR - Error fetching state for SBIN0000735: HTTPSConnectionPool(host='ifsc.razorpay.com', port=443): Max retries exceeded with url: /SBIN0000735 (Caused by NameResolutionError("HTTPSConnection(host='ifsc.razorpay.com', port=443): Failed to resolve 'ifsc.razorpay.com' ([Errno 11001] getaddrinfo failed)"))
2026-01-27 12:39:29,389 - __main__ - ERROR - Error fetching state for SBIN0010485: HTTPSConnectionPool(host='ifsc.razorpay.com', port=443): Max retries exceeded with url: /SBIN0010485 (Caused by NameResolutionError("HTTPSConnection(host='ifsc.razorpay.com', port=443): Failed to resolve 'ifsc.razorpay.com' ([Errno 11001] getaddrinfo failed)"))
2026-01-27 12:39:29,400 - __main__ - ERROR - Error fetching state for SBIN0001765: HTTPSConnectionPool(host='ifsc.razorpay.com', port=443): Max retries exceeded with url: /SBIN0001765 (Caused by NameResolutionError("HTTPSConnection(host='ifsc.razorpay.com', port=443): Failed to resolve 'ifsc.razorpay.com' ([Errno 11001] getaddrinfo failed)"))
2026-01-27 12:39:29,400 - __main__ - ERROR - Error fetching state for HDFC0000049: HTTPSConnectionPool(host='ifsc.razorpay.com', port=443): Max retries exceeded with url: /HDFC0000049 (Caused by NameResolutionError("HTTPSConnection(host='ifsc.razorpay.com', port=443): Failed to resolve 'ifsc.razorpay.com' ([Errno 11001] getaddrinfo failed)"))
2026-01-27 12:39:29,401 - __main__ - ERROR - Error fetching state for HDFC0000057: HTTPSConnectionPool(host='ifsc.razorpay.com', port=443): Max retries exceeded with url: /HDFC0000057 (Caused by NameResolutionError("HTTPSConnection(host='ifsc.razorpay.com', port=443): Failed to resolve 'ifsc.razorpay.com' ([Errno 11001] getaddrinfo failed)"))
2026-01-27 12:39:29,412 - __main__ - ERROR - Error fetching state for SBIN0008462: HTTPSConnectionPool(host='ifsc.razorpay.com', port=443): Max retries exceeded with url: /SBIN0008462 (Caused by NameResolutionError("HTTPSConnection(host='ifsc.razorpay.com', port=443): Failed to resolve 'ifsc.razorpay.com' ([Errno 11001] getaddrinfo failed)"))
2026-01-27 12:39:29,415 - __main__ - ERROR - Error fetching state for UBIN0932434: HTTPSConnectionPool(host='ifsc.razorpay.com', port=443): Max retries exceeded with url: /UBIN0932434 (Caused by NameResolutionError("HTTPSConnection(host='ifsc.razorpay.com', port=443): Failed to resolve 'ifsc.razorpay.com' ([Errno 11001] getaddrinfo failed)"))
2026-01-27 12:39:29,426 - __main__ - ERROR - Error fetching state for KARB0000962: HTTPSConnectionPool(host='ifsc.razorpay.com', port=443): Max retries exceeded with url: /KARB0000962 (Caused by NameResolutionError("HTTPSConnection(host='ifsc.razorpay.com', port=443): Failed to resolve 'ifsc.razorpay.com' ([Errno 11001] getaddrinfo failed)"))
2026-01-27 12:39:29,431 - __main__ - ERROR - Error fetching state for KKBK0007462: HTTPSConnectionPool(host='ifsc.razorpay.com', port=443): Max retries exceeded with url: /KKBK0007462 (Caused by NameResolutionError("HTTPSConnection(host='ifsc.razorpay.com', port=443): Failed to resolve 'ifsc.razorpay.com' ([Errno 11001] getaddrinfo failed)"))
2026-01-27 12:39:29,432 - __main__ - ERROR - Error fetching state for SBIN0000735: HTTPSConnectionPool(host='ifsc.razorpay.com', port=443): Max retries exceeded with url: /SBIN0000735 (Caused by NameResolutionError("HTTPSConnection(host='ifsc.razorpay.com', port=443): Failed to resolve 'ifsc.razorpay.com' ([Errno 11001] getaddrinfo failed)"))
2026-01-27 12:39:29,433 - __main__ - ERROR - Error fetching state for UBIN0807907: HTTPSConnectionPool(host='ifsc.razorpay.com', port=443): Max retries exceeded with url: /UBIN0807907 (Caused by NameResolutionError("HTTPSConnection(host='ifsc.razorpay.com', port=443): Failed to resolve 'ifsc.razorpay.com' ([Errno 11001] getaddrinfo failed)"))
2026-01-27 12:39:29,448 - __main__ - ERROR - Error fetching state for IBKL0001317: HTTPSConnectionPool(host='ifsc.razorpay.com', port=443): Max retries exceeded with url: /IBKL0001317 (Caused by NameResolutionError("HTTPSConnection(host='ifsc.razorpay.com', port=443): Failed to resolve 'ifsc.razorpay.com' ([Errno 11001] getaddrinfo failed)"))
2026-01-27 12:39:29,451 - __main__ - ERROR - Error fetching state for BDBL0002287: HTTPSConnectionPool(host='ifsc.razorpay.com', port=443): Max retries exceeded with url: /BDBL0002287 (Caused by NameResolutionError("HTTPSConnection(host='ifsc.razorpay.com', port=443): Failed to resolve 'ifsc.razorpay.com' ([Errno 11001] getaddrinfo failed)"))
2026-01-27 12:39:29,456 - __main__ - ERROR - Error fetching state for HDFC0000049: HTTPSConnectionPool(host='ifsc.razorpay.com', port=443): Max retries exceeded with url: /HDFC0000049 (Caused by NameResolutionError("HTTPSConnection(host='ifsc.razorpay.com', port=443): Failed to resolve 'ifsc.razorpay.com' ([Errno 11001] getaddrinfo failed)"))
2026-01-27 12:39:29,470 - __main__ - ERROR - Error fetching state for KKBK0007462: HTTPSConnectionPool(host='ifsc.razorpay.com', port=443): Max retries exceeded with url: /KKBK0007462 (Caused by NameResolutionError("HTTPSConnection(host='ifsc.razorpay.com', port=443): Failed to resolve 'ifsc.razorpay.com' ([Errno 11001] getaddrinfo failed)"))
2026-01-27 12:39:29,471 - __main__ - ERROR - Error fetching state for HDFC0000057: HTTPSConnectionPool(host='ifsc.razorpay.com', port=443): Max retries exceeded with url: /HDFC0000057 (Caused by NameResolutionError("HTTPSConnection(host='ifsc.razorpay.com', port=443): Failed to resolve 'ifsc.razorpay.com' ([Errno 11001] getaddrinfo failed)"))
2026-01-27 12:39:29,472 - __main__ - ERROR - Error fetching state for SVCB0000075: HTTPSConnectionPool(host='ifsc.razorpay.com', port=443): Max retries exceeded with url: /SVCB0000075 (Caused by NameResolutionError("HTTPSConnection(host='ifsc.razorpay.com', port=443): Failed to resolve 'ifsc.razorpay.com' ([Errno 11001] getaddrinfo failed)"))
2026-01-27 12:39:29,483 - __main__ - ERROR - Error fetching state for BKID0006568: HTTPSConnectionPool(host='ifsc.razorpay.com', port=443): Max retries exceeded with url: /BKID0006568 (Caused by NameResolutionError("HTTPSConnection(host='ifsc.razorpay.com', port=443): Failed to resolve 'ifsc.razorpay.com' ([Errno 11001] getaddrinfo failed)"))
2026-01-27 12:39:29,481 - __main__ - ERROR - Error fetching state for BARB0SAUSAR: HTTPSConnectionPool(host='ifsc.razorpay.com', port=443): Max retries exceeded with url: /BARB0SAUSAR (Caused by NameResolutionError("HTTPSConnection(host='ifsc.razorpay.com', port=443): Failed to resolve 'ifsc.razorpay.com' ([Errno 11001] getaddrinfo failed)"))
2026-01-27 12:39:29,497 - __main__ - ERROR - Error fetching state for UBIN0807907: HTTPSConnectionPool(host='ifsc.razorpay.com', port=443): Max retries exceeded with url: /UBIN0807907 (Caused by NameResolutionError("HTTPSConnection(host='ifsc.razorpay.com', port=443): Failed to resolve 'ifsc.razorpay.com' ([Errno 11001] getaddrinfo failed)"))
2026-01-27 12:39:29,497 - __main__ - ERROR - Error fetching state for IBKL0001317: HTTPSConnectionPool(host='ifsc.razorpay.com', port=443): Max retries exceeded with url: /IBKL0001317 (Caused by NameResolutionError("HTTPSConnection(host='ifsc.razorpay.com', port=443): Failed to resolve 'ifsc.razorpay.com' ([Errno 11001] getaddrinfo failed)"))
2026-01-27 12:39:29,500 - __main__ - ERROR - Error fetching state for PUNB0601300: HTTPSConnectionPool(host='ifsc.razorpay.com', port=443): Max retries exceeded with url: /PUNB0601300 (Caused by NameResolutionError("HTTPSConnection(host='ifsc.razorpay.com', port=443): Failed to resolve 'ifsc.razorpay.com' ([Errno 11001] getaddrinfo failed)"))
2026-01-27 12:39:29,501 - __main__ - ERROR - Error fetching state for BDBL0002287: HTTPSConnectionPool(host='ifsc.razorpay.com', port=443): Max retries exceeded with url: /BDBL0002287 (Caused by NameResolutionError("HTTPSConnection(host='ifsc.razorpay.com', port=443): Failed to resolve 'ifsc.razorpay.com' ([Errno 11001] getaddrinfo failed)"))
2026-01-27 12:39:29,511 - __main__ - ERROR - Error fetching state for HDFC0001878: HTTPSConnectionPool(host='ifsc.razorpay.com', port=443): Max retries exceeded with url: /HDFC0001878 (Caused by NameResolutionError("HTTPSConnection(host='ifsc.razorpay.com', port=443): Failed to resolve 'ifsc.razorpay.com' ([Errno 11001] getaddrinfo failed)"))
2026-01-27 12:39:29,517 - __main__ - ERROR - Error fetching state for BARB0SSIPIM: HTTPSConnectionPool(host='ifsc.razorpay.com', port=443): Max retries exceeded with url: /BARB0SSIPIM (Caused by NameResolutionError("HTTPSConnection(host='ifsc.razorpay.com', port=443): Failed to resolve 'ifsc.razorpay.com' ([Errno 11001] getaddrinfo failed)"))
2026-01-27 12:39:29,530 - __main__ - ERROR - Error fetching state for BARB0SAUSAR: HTTPSConnectionPool(host='ifsc.razorpay.com', port=443): Max retries exceeded with url: /BARB0SAUSAR (Caused by NameResolutionError("HTTPSConnection(host='ifsc.razorpay.com', port=443): Failed to resolve 'ifsc.razorpay.com' ([Errno 11001] getaddrinfo failed)"))
2026-01-27 12:39:29,530 - __main__ - ERROR - Error fetching state for SVCB0000075: HTTPSConnectionPool(host='ifsc.razorpay.com', port=443): Max retries exceeded with url: /SVCB0000075 (Caused by NameResolutionError("HTTPSConnection(host='ifsc.razorpay.com', port=443): Failed to resolve 'ifsc.razorpay.com' ([Errno 11001] getaddrinfo failed)"))
2026-01-27 12:39:29,547 - __main__ - ERROR - Error fetching state for BKID0006568: HTTPSConnectionPool(host='ifsc.razorpay.com', port=443): Max retries exceeded with url: /BKID0006568 (Caused by NameResolutionError("HTTPSConnection(host='ifsc.razorpay.com', port=443): Failed to resolve 'ifsc.razorpay.com' ([Errno 11001] getaddrinfo failed)"))
2026-01-27 12:39:29,551 - __main__ - ERROR - Error fetching state for ICIC0002027: HTTPSConnectionPool(host='ifsc.razorpay.com', port=443): Max retries exceeded with url: /ICIC0002027 (Caused by NameResolutionError("HTTPSConnection(host='ifsc.razorpay.com', port=443): Failed to resolve 'ifsc.razorpay.com' ([Errno 11001] getaddrinfo failed)"))
2026-01-27 12:39:29,551 - __main__ - ERROR - Error fetching state for RATN0000367: HTTPSConnectionPool(host='ifsc.razorpay.com', port=443): Max retries exceeded with url: /RATN0000367 (Caused by NameResolutionError("HTTPSConnection(host='ifsc.razorpay.com', port=443): Failed to resolve 'ifsc.razorpay.com' ([Errno 11001] getaddrinfo failed)"))
2026-01-27 12:39:29,560 - __main__ - ERROR - Error fetching state for PUNB0601300: HTTPSConnectionPool(host='ifsc.razorpay.com', port=443): Max retries exceeded with url: /PUNB0601300 (Caused by NameResolutionError("HTTPSConnection(host='ifsc.razorpay.com', port=443): Failed to resolve 'ifsc.razorpay.com' ([Errno 11001] getaddrinfo failed)"))
2026-01-27 12:39:29,562 - __main__ - ERROR - Error fetching state for MAHB0002258: HTTPSConnectionPool(host='ifsc.razorpay.com', port=443): Max retries exceeded with url: /MAHB0002258 (Caused by NameResolutionError("HTTPSConnection(host='ifsc.razorpay.com', port=443): Failed to resolve 'ifsc.razorpay.com' ([Errno 11001] getaddrinfo failed)"))
2026-01-27 12:39:29,565 - __main__ - ERROR - Error fetching state for ESMF0001335: HTTPSConnectionPool(host='ifsc.razorpay.com', port=443): Max retries exceeded with url: /ESMF0001335 (Caused by NameResolutionError("HTTPSConnection(host='ifsc.razorpay.com', port=443): Failed to resolve 'ifsc.razorpay.com' ([Errno 11001] getaddrinfo failed)"))
2026-01-27 12:39:29,566 - __main__ - ERROR - Error fetching state for HDFC0001878: HTTPSConnectionPool(host='ifsc.razorpay.com', port=443): Max retries exceeded with url: /HDFC0001878 (Caused by NameResolutionError("HTTPSConnection(host='ifsc.razorpay.com', port=443): Failed to resolve 'ifsc.razorpay.com' ([Errno 11001] getaddrinfo failed)"))
2026-01-27 12:39:29,578 - __main__ - ERROR - Error fetching state for BARB0SSIPIM: HTTPSConnectionPool(host='ifsc.razorpay.com', port=443): Max retries exceeded with url: /BARB0SSIPIM (Caused by NameResolutionError("HTTPSConnection(host='ifsc.razorpay.com', port=443): Failed to resolve 'ifsc.razorpay.com' ([Errno 11001] getaddrinfo failed)"))
2026-01-27 12:39:29,581 - __main__ - ERROR - Error fetching state for RATN0000367: HTTPSConnectionPool(host='ifsc.razorpay.com', port=443): Max retries exceeded with url: /RATN0000367 (Caused by NameResolutionError("HTTPSConnection(host='ifsc.razorpay.com', port=443): Failed to resolve 'ifsc.razorpay.com' ([Errno 11001] getaddrinfo failed)"))
2026-01-27 12:39:29,585 - __main__ - ERROR - Error fetching state for UTIB0002976: HTTPSConnectionPool(host='ifsc.razorpay.com', port=443): Max retries exceeded with url: /UTIB0002976 (Caused by NameResolutionError("HTTPSConnection(host='ifsc.razorpay.com', port=443): Failed to resolve 'ifsc.razorpay.com' ([Errno 11001] getaddrinfo failed)"))
2026-01-27 12:39:29,594 - __main__ - ERROR - Error fetching state for IBKL0001272: HTTPSConnectionPool(host='ifsc.razorpay.com', port=443): Max retries exceeded with url: /IBKL0001272 (Caused by NameResolutionError("HTTPSConnection(host='ifsc.razorpay.com', port=443): Failed to resolve 'ifsc.razorpay.com' ([Errno 11001] getaddrinfo failed)"))
2026-01-27 12:39:29,595 - __main__ - ERROR - Error fetching state for ICIC0002027: HTTPSConnectionPool(host='ifsc.razorpay.com', port=443): Max retries exceeded with url: /ICIC0002027 (Caused by NameResolutionError("HTTPSConnection(host='ifsc.razorpay.com', port=443): Failed to resolve 'ifsc.razorpay.com' ([Errno 11001] getaddrinfo failed)"))
2026-01-27 12:39:29,595 - __main__ - ERROR - Error fetching state for UTKS0000001: HTTPSConnectionPool(host='ifsc.razorpay.com', port=443): Max retries exceeded with url: /UTKS0000001 (Caused by NameResolutionError("HTTPSConnection(host='ifsc.razorpay.com', port=443): Failed to resolve 'ifsc.razorpay.com' ([Errno 11001] getaddrinfo failed)"))
2026-01-27 12:39:29,602 - __main__ - ERROR - Error fetching state for MAHB0002258: HTTPSConnectionPool(host='ifsc.razorpay.com', port=443): Max retries exceeded with url: /MAHB0002258 (Caused by NameResolutionError("HTTPSConnection(host='ifsc.razorpay.com', port=443): Failed to resolve 'ifsc.razorpay.com' ([Errno 11001] getaddrinfo failed)"))
2026-01-27 12:39:29,608 - __main__ - ERROR - Error fetching state for ESMF0001335: HTTPSConnectionPool(host='ifsc.razorpay.com', port=443): Max retries exceeded with url: /ESMF0001335 (Caused by NameResolutionError("HTTPSConnection(host='ifsc.razorpay.com', port=443): Failed to resolve 'ifsc.razorpay.com' ([Errno 11001] getaddrinfo failed)"))
2026-01-27 12:39:29,608 - __main__ - ERROR - Error fetching state for PUNB0680600: HTTPSConnectionPool(host='ifsc.razorpay.com', port=443): Max retries exceeded with url: /PUNB0680600 (Caused by NameResolutionError("HTTPSConnection(host='ifsc.razorpay.com', port=443): Failed to resolve 'ifsc.razorpay.com' ([Errno 11001] getaddrinfo failed)"))
2026-01-27 12:39:29,609 - __main__ - ERROR - Error fetching state for CNRB0005954: HTTPSConnectionPool(host='ifsc.razorpay.com', port=443): Max retries exceeded with url: /CNRB0005954 (Caused by NameResolutionError("HTTPSConnection(host='ifsc.razorpay.com', port=443): Failed to resolve 'ifsc.razorpay.com' ([Errno 11001] getaddrinfo failed)"))
2026-01-27 12:39:29,613 - __main__ - ERROR - Error fetching state for KARB0000618: HTTPSConnectionPool(host='ifsc.razorpay.com', port=443): Max retries exceeded with url: /KARB0000618 (Caused by NameResolutionError("HTTPSConnection(host='ifsc.razorpay.com', port=443): Failed to resolve 'ifsc.razorpay.com' ([Errno 11001] getaddrinfo failed)"))
2026-01-27 12:39:29,615 - __main__ - ERROR - Error fetching state for UTIB0002976: HTTPSConnectionPool(host='ifsc.razorpay.com', port=443): Max retries exceeded with url: /UTIB0002976 (Caused by NameResolutionError("HTTPSConnection(host='ifsc.razorpay.com', port=443): Failed to resolve 'ifsc.razorpay.com' ([Errno 11001] getaddrinfo failed)"))
2026-01-27 12:39:29,619 - __main__ - ERROR - Error fetching state for UTKS0000001: HTTPSConnectionPool(host='ifsc.razorpay.com', port=443): Max retries exceeded with url: /UTKS0000001 (Caused by NameResolutionError("HTTPSConnection(host='ifsc.razorpay.com', port=443): Failed to resolve 'ifsc.razorpay.com' ([Errno 11001] getaddrinfo failed)"))
2026-01-27 12:39:29,628 - __main__ - ERROR - Error fetching state for IBKL0001272: HTTPSConnectionPool(host='ifsc.razorpay.com', port=443): Max retries exceeded with url: /IBKL0001272 (Caused by NameResolutionError("HTTPSConnection(host='ifsc.razorpay.com', port=443): Failed to resolve 'ifsc.razorpay.com' ([Errno 11001] getaddrinfo failed)"))
2026-01-27 12:39:29,629 - __main__ - ERROR - Error fetching state for UTIB0004836: HTTPSConnectionPool(host='ifsc.razorpay.com', port=443): Max retries exceeded with url: /UTIB0004836 (Caused by NameResolutionError("HTTPSConnection(host='ifsc.razorpay.com', port=443): Failed to resolve 'ifsc.razorpay.com' ([Errno 11001] getaddrinfo failed)"))
2026-01-27 12:39:29,631 - __main__ - ERROR - Error fetching state for INDB0000025: HTTPSConnectionPool(host='ifsc.razorpay.com', port=443): Max retries exceeded with url: /INDB0000025 (Caused by NameResolutionError("HTTPSConnection(host='ifsc.razorpay.com', port=443): Failed to resolve 'ifsc.razorpay.com' ([Errno 11001] getaddrinfo failed)"))
2026-01-27 12:39:29,641 - __main__ - ERROR - Error fetching state for PUNB0680600: HTTPSConnectionPool(host='ifsc.razorpay.com', port=443): Max retries exceeded with url: /PUNB0680600 (Caused by NameResolutionError("HTTPSConnection(host='ifsc.razorpay.com', port=443): Failed to resolve 'ifsc.razorpay.com' ([Errno 11001] getaddrinfo failed)"))
2026-01-27 12:39:29,642 - __main__ - ERROR - Error fetching state for SBIN0020552: HTTPSConnectionPool(host='ifsc.razorpay.com', port=443): Max retries exceeded with url: /SBIN0020552 (Caused by NameResolutionError("HTTPSConnection(host='ifsc.razorpay.com', port=443): Failed to resolve 'ifsc.razorpay.com' ([Errno 11001] getaddrinfo failed)"))
2026-01-27 12:39:29,644 - __main__ - ERROR - Error fetching state for KARB0000552: HTTPSConnectionPool(host='ifsc.razorpay.com', port=443): Max retries exceeded with url: /KARB0000552 (Caused by NameResolutionError("HTTPSConnection(host='ifsc.razorpay.com', port=443): Failed to resolve 'ifsc.razorpay.com' ([Errno 11001] getaddrinfo failed)"))
2026-01-27 12:39:29,648 - __main__ - ERROR - Error fetching state for CNRB0005954: HTTPSConnectionPool(host='ifsc.razorpay.com', port=443): Max retries exceeded with url: /CNRB0005954 (Caused by NameResolutionError("HTTPSConnection(host='ifsc.razorpay.com', port=443): Failed to resolve 'ifsc.razorpay.com' ([Errno 11001] getaddrinfo failed)"))
2026-01-27 12:39:29,649 - __main__ - ERROR - Error fetching state for KARB0000618: HTTPSConnectionPool(host='ifsc.razorpay.com', port=443): Max retries exceeded with url: /KARB0000618 (Caused by NameResolutionError("HTTPSConnection(host='ifsc.razorpay.com', port=443): Failed to resolve 'ifsc.razorpay.com' ([Errno 11001] getaddrinfo failed)"))
2026-01-27 12:39:29,655 - __main__ - ERROR - Error fetching state for CNRB0007384: HTTPSConnectionPool(host='ifsc.razorpay.com', port=443): Max retries exceeded with url: /CNRB0007384 (Caused by NameResolutionError("HTTPSConnection(host='ifsc.razorpay.com', port=443): Failed to resolve 'ifsc.razorpay.com' ([Errno 11001] getaddrinfo failed)"))
2026-01-27 12:39:29,655 - __main__ - ERROR - Error fetching state for SBIN0006380: HTTPSConnectionPool(host='ifsc.razorpay.com', port=443): Max retries exceeded with url: /SBIN0006380 (Caused by NameResolutionError("HTTPSConnection(host='ifsc.razorpay.com', port=443): Failed to resolve 'ifsc.razorpay.com' ([Errno 11001] getaddrinfo failed)"))
2026-01-27 12:39:29,658 - __main__ - ERROR - Error fetching state for INDB0000025: HTTPSConnectionPool(host='ifsc.razorpay.com', port=443): Max retries exceeded with url: /INDB0000025 (Caused by NameResolutionError("HTTPSConnection(host='ifsc.razorpay.com', port=443): Failed to resolve 'ifsc.razorpay.com' ([Errno 11001] getaddrinfo failed)"))
2026-01-27 12:39:29,666 - __main__ - ERROR - Error fetching state for UTIB0004836: HTTPSConnectionPool(host='ifsc.razorpay.com', port=443): Max retries exceeded with url: /UTIB0004836 (Caused by NameResolutionError("HTTPSConnection(host='ifsc.razorpay.com', port=443): Failed to resolve 'ifsc.razorpay.com' ([Errno 11001] getaddrinfo failed)"))
2026-01-27 12:39:29,666 - __main__ - ERROR - Error fetching state for KARB0000552: HTTPSConnectionPool(host='ifsc.razorpay.com', port=443): Max retries exceeded with url: /KARB0000552 (Caused by NameResolutionError("HTTPSConnection(host='ifsc.razorpay.com', port=443): Failed to resolve 'ifsc.razorpay.com' ([Errno 11001] getaddrinfo failed)"))
2026-01-27 12:39:29,670 - __main__ - ERROR - Error fetching state for SBIN0020552: HTTPSConnectionPool(host='ifsc.razorpay.com', port=443): Max retries exceeded with url: /SBIN0020552 (Caused by NameResolutionError("HTTPSConnection(host='ifsc.razorpay.com', port=443): Failed to resolve 'ifsc.razorpay.com' ([Errno 11001] getaddrinfo failed)"))
2026-01-27 12:39:29,675 - __main__ - ERROR - Error fetching state for BDBL0001860: HTTPSConnectionPool(host='ifsc.razorpay.com', port=443): Max retries exceeded with url: /BDBL0001860 (Caused by NameResolutionError("HTTPSConnection(host='ifsc.razorpay.com', port=443): Failed to resolve 'ifsc.razorpay.com' ([Errno 11001] getaddrinfo failed)"))
2026-01-27 12:39:29,679 - __main__ - ERROR - Error fetching state for CNRB0017806: HTTPSConnectionPool(host='ifsc.razorpay.com', port=443): Max retries exceeded with url: /CNRB0017806 (Caused by NameResolutionError("HTTPSConnection(host='ifsc.razorpay.com', port=443): Failed to resolve 'ifsc.razorpay.com' ([Errno 11001] getaddrinfo failed)"))
2026-01-27 12:39:29,681 - __main__ - ERROR - Error fetching state for SBIN0005740: HTTPSConnectionPool(host='ifsc.razorpay.com', port=443): Max retries exceeded with url: /SBIN0005740 (Caused by NameResolutionError("HTTPSConnection(host='ifsc.razorpay.com', port=443): Failed to resolve 'ifsc.razorpay.com' ([Errno 11001] getaddrinfo failed)"))
2026-01-27 12:39:29,687 - __main__ - ERROR - Error fetching state for SBIN0006380: HTTPSConnectionPool(host='ifsc.razorpay.com', port=443): Max retries exceeded with url: /SBIN0006380 (Caused by NameResolutionError("HTTPSConnection(host='ifsc.razorpay.com', port=443): Failed to resolve 'ifsc.razorpay.com' ([Errno 11001] getaddrinfo failed)"))
2026-01-27 12:39:29,696 - __main__ - ERROR - Error fetching state for HDFC0000214: HTTPSConnectionPool(host='ifsc.razorpay.com', port=443): Max retries exceeded with url: /HDFC0000214 (Caused by NameResolutionError("HTTPSConnection(host='ifsc.razorpay.com', port=443): Failed to resolve 'ifsc.razorpay.com' ([Errno 11001] getaddrinfo failed)"))
2026-01-27 12:39:29,699 - __main__ - ERROR - Error fetching state for CNRB0007384: HTTPSConnectionPool(host='ifsc.razorpay.com', port=443): Max retries exceeded with url: /CNRB0007384 (Caused by NameResolutionError("HTTPSConnection(host='ifsc.razorpay.com', port=443): Failed to resolve 'ifsc.razorpay.com' ([Errno 11001] getaddrinfo failed)"))
2026-01-27 12:39:29,699 - __main__ - ERROR - Error fetching state for PUNB0111120: HTTPSConnectionPool(host='ifsc.razorpay.com', port=443): Max retries exceeded with url: /PUNB0111120 (Caused by NameResolutionError("HTTPSConnection(host='ifsc.razorpay.com', port=443): Failed to resolve 'ifsc.razorpay.com' ([Errno 11001] getaddrinfo failed)"))
2026-01-27 12:39:29,714 - __main__ - ERROR - Error fetching state for BDBL0001860: HTTPSConnectionPool(host='ifsc.razorpay.com', port=443): Max retries exceeded with url: /BDBL0001860 (Caused by NameResolutionError("HTTPSConnection(host='ifsc.razorpay.com', port=443): Failed to resolve 'ifsc.razorpay.com' ([Errno 11001] getaddrinfo failed)"))
2026-01-27 12:39:29,715 - __main__ - ERROR - Error fetching state for CNRB0017806: HTTPSConnectionPool(host='ifsc.razorpay.com', port=443): Max retries exceeded with url: /CNRB0017806 (Caused by NameResolutionError("HTTPSConnection(host='ifsc.razorpay.com', port=443): Failed to resolve 'ifsc.razorpay.com' ([Errno 11001] getaddrinfo failed)"))
2026-01-27 12:39:29,717 - __main__ - ERROR - Error fetching state for ICIC0007350: HTTPSConnectionPool(host='ifsc.razorpay.com', port=443): Max retries exceeded with url: /ICIC0007350 (Caused by NameResolutionError("HTTPSConnection(host='ifsc.razorpay.com', port=443): Failed to resolve 'ifsc.razorpay.com' ([Errno 11001] getaddrinfo failed)"))
2026-01-27 12:39:29,718 - __main__ - ERROR - Error fetching state for KKBK0005945: HTTPSConnectionPool(host='ifsc.razorpay.com', port=443): Max retries exceeded with url: /KKBK0005945 (Caused by NameResolutionError("HTTPSConnection(host='ifsc.razorpay.com', port=443): Failed to resolve 'ifsc.razorpay.com' ([Errno 11001] getaddrinfo failed)"))
2026-01-27 12:39:29,728 - __main__ - ERROR - Error fetching state for SBIN0005740: HTTPSConnectionPool(host='ifsc.razorpay.com', port=443): Max retries exceeded with url: /SBIN0005740 (Caused by NameResolutionError("HTTPSConnection(host='ifsc.razorpay.com', port=443): Failed to resolve 'ifsc.razorpay.com' ([Errno 11001] getaddrinfo failed)"))
2026-01-27 12:39:29,730 - __main__ - ERROR - Error fetching state for SBIN0000957: HTTPSConnectionPool(host='ifsc.razorpay.com', port=443): Max retries exceeded with url: /SBIN0000957 (Caused by NameResolutionError("HTTPSConnection(host='ifsc.razorpay.com', port=443): Failed to resolve 'ifsc.razorpay.com' ([Errno 11001] getaddrinfo failed)"))
2026-01-27 12:39:29,743 - __main__ - ERROR - Error fetching state for CNRB0004840: HTTPSConnectionPool(host='ifsc.razorpay.com', port=443): Max retries exceeded with url: /CNRB0004840 (Caused by NameResolutionError("HTTPSConnection(host='ifsc.razorpay.com', port=443): Failed to resolve 'ifsc.razorpay.com' ([Errno 11001] getaddrinfo failed)"))
2026-01-27 12:39:29,743 - __main__ - ERROR - Error fetching state for PUNB0111120: HTTPSConnectionPool(host='ifsc.razorpay.com', port=443): Max retries exceeded with url: /PUNB0111120 (Caused by NameResolutionError("HTTPSConnection(host='ifsc.razorpay.com', port=443): Failed to resolve 'ifsc.razorpay.com' ([Errno 11001] getaddrinfo failed)"))
2026-01-27 12:39:29,744 - __main__ - ERROR - Error fetching state for SBIN0009820: HTTPSConnectionPool(host='ifsc.razorpay.com', port=443): Max retries exceeded with url: /SBIN0009820 (Caused by NameResolutionError("HTTPSConnection(host='ifsc.razorpay.com', port=443): Failed to resolve 'ifsc.razorpay.com' ([Errno 11001] getaddrinfo failed)"))
2026-01-27 12:39:29,754 - __main__ - ERROR - Error fetching state for HDFC0000214: HTTPSConnectionPool(host='ifsc.razorpay.com', port=443): Max retries exceeded with url: /HDFC0000214 (Caused by NameResolutionError("HTTPSConnection(host='ifsc.razorpay.com', port=443): Failed to resolve 'ifsc.razorpay.com' ([Errno 11001] getaddrinfo failed)"))
2026-01-27 12:39:29,764 - __main__ - ERROR - Error fetching state for KKBK0005945: HTTPSConnectionPool(host='ifsc.razorpay.com', port=443): Max retries exceeded with url: /KKBK0005945 (Caused by NameResolutionError("HTTPSConnection(host='ifsc.razorpay.com', port=443): Failed to resolve 'ifsc.razorpay.com' ([Errno 11001] getaddrinfo failed)"))
2026-01-27 12:39:29,765 - __main__ - ERROR - Error fetching state for ICIC0007350: HTTPSConnectionPool(host='ifsc.razorpay.com', port=443): Max retries exceeded with url: /ICIC0007350 (Caused by NameResolutionError("HTTPSConnection(host='ifsc.razorpay.com', port=443): Failed to resolve 'ifsc.razorpay.com' ([Errno 11001] getaddrinfo failed)"))
2026-01-27 12:39:29,770 - __main__ - ERROR - Error fetching state for SBIN0000957: HTTPSConnectionPool(host='ifsc.razorpay.com', port=443): Max retries exceeded with url: /SBIN0000957 (Caused by NameResolutionError("HTTPSConnection(host='ifsc.razorpay.com', port=443): Failed to resolve 'ifsc.razorpay.com' ([Errno 11001] getaddrinfo failed)"))
2026-01-27 12:39:29,781 - __main__ - ERROR - Error fetching state for MAHB0000846: HTTPSConnectionPool(host='ifsc.razorpay.com', port=443): Max retries exceeded with url: /MAHB0000846 (Caused by NameResolutionError("HTTPSConnection(host='ifsc.razorpay.com', port=443): Failed to resolve 'ifsc.razorpay.com' ([Errno 11001] getaddrinfo failed)"))
2026-01-27 12:39:29,781 - __main__ - ERROR - Error fetching state for INDB0000832: HTTPSConnectionPool(host='ifsc.razorpay.com', port=443): Max retries exceeded with url: /INDB0000832 (Caused by NameResolutionError("HTTPSConnection(host='ifsc.razorpay.com', port=443): Failed to resolve 'ifsc.razorpay.com' ([Errno 11001] getaddrinfo failed)"))
2026-01-27 12:39:29,782 - __main__ - ERROR - Error fetching state for ICIC0001974: HTTPSConnectionPool(host='ifsc.razorpay.com', port=443): Max retries exceeded with url: /ICIC0001974 (Caused by NameResolutionError("HTTPSConnection(host='ifsc.razorpay.com', port=443): Failed to resolve 'ifsc.razorpay.com' ([Errno 11001] getaddrinfo failed)"))
2026-01-27 12:39:29,791 - __main__ - ERROR - Error fetching state for CNRB0004840: HTTPSConnectionPool(host='ifsc.razorpay.com', port=443): Max retries exceeded with url: /CNRB0004840 (Caused by NameResolutionError("HTTPSConnection(host='ifsc.razorpay.com', port=443): Failed to resolve 'ifsc.razorpay.com' ([Errno 11001] getaddrinfo failed)"))
2026-01-27 12:39:29,801 - __main__ - ERROR - Error fetching state for ESMF0001661: HTTPSConnectionPool(host='ifsc.razorpay.com', port=443): Max retries exceeded with url: /ESMF0001661 (Caused by NameResolutionError("HTTPSConnection(host='ifsc.razorpay.com', port=443): Failed to resolve 'ifsc.razorpay.com' ([Errno 11001] getaddrinfo failed)"))
2026-01-27 12:39:29,806 - __main__ - ERROR - Error fetching state for SBIN0009820: HTTPSConnectionPool(host='ifsc.razorpay.com', port=443): Max retries exceeded with url: /SBIN0009820 (Caused by NameResolutionError("HTTPSConnection(host='ifsc.razorpay.com', port=443): Failed to resolve 'ifsc.razorpay.com' ([Errno 11001] getaddrinfo failed)"))
2026-01-27 12:39:29,812 - __main__ - ERROR - Error fetching state for MAHB0000846: HTTPSConnectionPool(host='ifsc.razorpay.com', port=443): Max retries exceeded with url: /MAHB0000846 (Caused by NameResolutionError("HTTPSConnection(host='ifsc.razorpay.com', port=443): Failed to resolve 'ifsc.razorpay.com' ([Errno 11001] getaddrinfo failed)"))
2026-01-27 12:39:29,816 - __main__ - ERROR - Error fetching state for YESB0000526: HTTPSConnectionPool(host='ifsc.razorpay.com', port=443): Max retries exceeded with url: /YESB0000526 (Caused by NameResolutionError("HTTPSConnection(host='ifsc.razorpay.com', port=443): Failed to resolve 'ifsc.razorpay.com' ([Errno 11001] getaddrinfo failed)"))
2026-01-27 12:39:29,817 - __main__ - ERROR - Error fetching state for INDB0000832: HTTPSConnectionPool(host='ifsc.razorpay.com', port=443): Max retries exceeded with url: /INDB0000832 (Caused by NameResolutionError("HTTPSConnection(host='ifsc.razorpay.com', port=443): Failed to resolve 'ifsc.razorpay.com' ([Errno 11001] getaddrinfo failed)"))
2026-01-27 12:39:29,825 - __main__ - ERROR - Error fetching state for BARB0CHAPIL: HTTPSConnectionPool(host='ifsc.razorpay.com', port=443): Max retries exceeded with url: /BARB0CHAPIL (Caused by NameResolutionError("HTTPSConnection(host='ifsc.razorpay.com', port=443): Failed to resolve 'ifsc.razorpay.com' ([Errno 11001] getaddrinfo failed)"))
2026-01-27 12:39:29,830 - __main__ - ERROR - Error fetching state for SBIN0021178: HTTPSConnectionPool(host='ifsc.razorpay.com', port=443): Max retries exceeded with url: /SBIN0021178 (Caused by NameResolutionError("HTTPSConnection(host='ifsc.razorpay.com', port=443): Failed to resolve 'ifsc.razorpay.com' ([Errno 11001] getaddrinfo failed)"))
2026-01-27 12:39:29,834 - __main__ - ERROR - Error fetching state for ICIC0001974: HTTPSConnectionPool(host='ifsc.razorpay.com', port=443): Max retries exceeded with url: /ICIC0001974 (Caused by NameResolutionError("HTTPSConnection(host='ifsc.razorpay.com', port=443): Failed to resolve 'ifsc.razorpay.com' ([Errno 11001] getaddrinfo failed)"))
2026-01-27 12:39:29,844 - __main__ - ERROR - Error fetching state for PUNB0878800: HTTPSConnectionPool(host='ifsc.razorpay.com', port=443): Max retries exceeded with url: /PUNB0878800 (Caused by NameResolutionError("HTTPSConnection(host='ifsc.razorpay.com', port=443): Failed to resolve 'ifsc.razorpay.com' ([Errno 11001] getaddrinfo failed)"))
2026-01-27 12:39:29,845 - __main__ - ERROR - Error fetching state for ESMF0001661: HTTPSConnectionPool(host='ifsc.razorpay.com', port=443): Max retries exceeded with url: /ESMF0001661 (Caused by NameResolutionError("HTTPSConnection(host='ifsc.razorpay.com', port=443): Failed to resolve 'ifsc.razorpay.com' ([Errno 11001] getaddrinfo failed)"))
2026-01-27 12:39:29,846 - __main__ - ERROR - Error fetching state for NSPB0000011: HTTPSConnectionPool(host='ifsc.razorpay.com', port=443): Max retries exceeded with url: /NSPB0000011 (Caused by NameResolutionError("HTTPSConnection(host='ifsc.razorpay.com', port=443): Failed to resolve 'ifsc.razorpay.com' ([Errno 11001] getaddrinfo failed)"))
2026-01-27 12:39:29,855 - __main__ - ERROR - Error fetching state for NESF0000065: HTTPSConnectionPool(host='ifsc.razorpay.com', port=443): Max retries exceeded with url: /NESF0000065 (Caused by NameResolutionError("HTTPSConnection(host='ifsc.razorpay.com', port=443): Failed to resolve 'ifsc.razorpay.com' ([Errno 11001] getaddrinfo failed)"))
2026-01-27 12:39:29,864 - __main__ - ERROR - Error fetching state for YESB0000526: HTTPSConnectionPool(host='ifsc.razorpay.com', port=443): Max retries exceeded with url: /YESB0000526 (Caused by NameResolutionError("HTTPSConnection(host='ifsc.razorpay.com', port=443): Failed to resolve 'ifsc.razorpay.com' ([Errno 11001] getaddrinfo failed)"))
2026-01-27 12:39:29,871 - __main__ - ERROR - Error fetching state for SBIN0021178: HTTPSConnectionPool(host='ifsc.razorpay.com', port=443): Max retries exceeded with url: /SBIN0021178 (Caused by NameResolutionError("HTTPSConnection(host='ifsc.razorpay.com', port=443): Failed to resolve 'ifsc.razorpay.com' ([Errno 11001] getaddrinfo failed)"))
2026-01-27 12:39:29,878 - __main__ - ERROR - Error fetching state for BARB0CHAPIL: HTTPSConnectionPool(host='ifsc.razorpay.com', port=443): Max retries exceeded with url: /BARB0CHAPIL (Caused by NameResolutionError("HTTPSConnection(host='ifsc.razorpay.com', port=443): Failed to resolve 'ifsc.razorpay.com' ([Errno 11001] getaddrinfo failed)"))
2026-01-27 12:39:29,882 - __main__ - ERROR - Error fetching state for PUNB0878800: HTTPSConnectionPool(host='ifsc.razorpay.com', port=443): Max retries exceeded with url: /PUNB0878800 (Caused by NameResolutionError("HTTPSConnection(host='ifsc.razorpay.com', port=443): Failed to resolve 'ifsc.razorpay.com' ([Errno 11001] getaddrinfo failed)"))
2026-01-27 12:39:29,891 - __main__ - ERROR - Error fetching state for CNRB0003566: HTTPSConnectionPool(host='ifsc.razorpay.com', port=443): Max retries exceeded with url: /CNRB0003566 (Caused by NameResolutionError("HTTPSConnection(host='ifsc.razorpay.com', port=443): Failed to resolve 'ifsc.razorpay.com' ([Errno 11001] getaddrinfo failed)"))
2026-01-27 12:39:29,898 - __main__ - ERROR - Error fetching state for IBKL0000273: HTTPSConnectionPool(host='ifsc.razorpay.com', port=443): Max retries exceeded with url: /IBKL0000273 (Caused by NameResolutionError("HTTPSConnection(host='ifsc.razorpay.com', port=443): Failed to resolve 'ifsc.razorpay.com' ([Errno 11001] getaddrinfo failed)"))
2026-01-27 12:39:29,899 - __main__ - ERROR - Error fetching state for CNRB0004145: HTTPSConnectionPool(host='ifsc.razorpay.com', port=443): Max retries exceeded with url: /CNRB0004145 (Caused by NameResolutionError("HTTPSConnection(host='ifsc.razorpay.com', port=443): Failed to resolve 'ifsc.razorpay.com' ([Errno 11001] getaddrinfo failed)"))
2026-01-27 12:39:29,899 - __main__ - ERROR - Error fetching state for NSPB0000011: HTTPSConnectionPool(host='ifsc.razorpay.com', port=443): Max retries exceeded with url: /NSPB0000011 (Caused by NameResolutionError("HTTPSConnection(host='ifsc.razorpay.com', port=443): Failed to resolve 'ifsc.razorpay.com' ([Errno 11001] getaddrinfo failed)"))
2026-01-27 12:39:29,900 - __main__ - ERROR - Error fetching state for BARB0BADISA: HTTPSConnectionPool(host='ifsc.razorpay.com', port=443): Max retries exceeded with url: /BARB0BADISA (Caused by NameResolutionError("HTTPSConnection(host='ifsc.razorpay.com', port=443): Failed to resolve 'ifsc.razorpay.com' ([Errno 11001] getaddrinfo failed)"))
2026-01-27 12:39:29,912 - __main__ - ERROR - Error fetching state for NESF0000065: HTTPSConnectionPool(host='ifsc.razorpay.com', port=443): Max retries exceeded with url: /NESF0000065 (Caused by NameResolutionError("HTTPSConnection(host='ifsc.razorpay.com', port=443): Failed to resolve 'ifsc.razorpay.com' ([Errno 11001] getaddrinfo failed)"))
2026-01-27 12:39:29,918 - __main__ - ERROR - Error fetching state for CNRB0004145: HTTPSConnectionPool(host='ifsc.razorpay.com', port=443): Max retries exceeded with url: /CNRB0004145 (Caused by NameResolutionError("HTTPSConnection(host='ifsc.razorpay.com', port=443): Failed to resolve 'ifsc.razorpay.com' ([Errno 11001] getaddrinfo failed)"))
2026-01-27 12:39:29,927 - __main__ - ERROR - Error fetching state for SBIN0000069: HTTPSConnectionPool(host='ifsc.razorpay.com', port=443): Max retries exceeded with url: /SBIN0000069 (Caused by NameResolutionError("HTTPSConnection(host='ifsc.razorpay.com', port=443): Failed to resolve 'ifsc.razorpay.com' ([Errno 11001] getaddrinfo failed)"))
2026-01-27 12:39:29,928 - __main__ - ERROR - Error fetching state for MAHB0001428: HTTPSConnectionPool(host='ifsc.razorpay.com', port=443): Max retries exceeded with url: /MAHB0001428 (Caused by NameResolutionError("HTTPSConnection(host='ifsc.razorpay.com', port=443): Failed to resolve 'ifsc.razorpay.com' ([Errno 11001] getaddrinfo failed)"))
2026-01-27 12:39:29,929 - __main__ - ERROR - Error fetching state for IOBA0001971: HTTPSConnectionPool(host='ifsc.razorpay.com', port=443): Max retries exceeded with url: /IOBA0001971 (Caused by NameResolutionError("HTTPSConnection(host='ifsc.razorpay.com', port=443): Failed to resolve 'ifsc.razorpay.com' ([Errno 11001] getaddrinfo failed)"))
2026-01-27 12:39:29,928 - __main__ - ERROR - Error fetching state for CNRB0003566: HTTPSConnectionPool(host='ifsc.razorpay.com', port=443): Max retries exceeded with url: /CNRB0003566 (Caused by NameResolutionError("HTTPSConnection(host='ifsc.razorpay.com', port=443): Failed to resolve 'ifsc.razorpay.com' ([Errno 11001] getaddrinfo failed)"))
2026-01-27 12:39:29,938 - __main__ - ERROR - Error fetching state for BARB0BADISA: HTTPSConnectionPool(host='ifsc.razorpay.com', port=443): Max retries exceeded with url: /BARB0BADISA (Caused by NameResolutionError("HTTPSConnection(host='ifsc.razorpay.com', port=443): Failed to resolve 'ifsc.razorpay.com' ([Errno 11001] getaddrinfo failed)"))
2026-01-27 12:39:29,945 - __main__ - ERROR - Error fetching state for IBKL0000273: HTTPSConnectionPool(host='ifsc.razorpay.com', port=443): Max retries exceeded with url: /IBKL0000273 (Caused by NameResolutionError("HTTPSConnection(host='ifsc.razorpay.com', port=443): Failed to resolve 'ifsc.razorpay.com' ([Errno 11001] getaddrinfo failed)"))
2026-01-27 12:39:29,948 - __main__ - ERROR - Error fetching state for SBIN0016687: HTTPSConnectionPool(host='ifsc.razorpay.com', port=443): Max retries exceeded with url: /SBIN0016687 (Caused by NameResolutionError("HTTPSConnection(host='ifsc.razorpay.com', port=443): Failed to resolve 'ifsc.razorpay.com' ([Errno 11001] getaddrinfo failed)"))
2026-01-27 12:39:29,964 - __main__ - ERROR - Error fetching state for BARB0BALOTR: HTTPSConnectionPool(host='ifsc.razorpay.com', port=443): Max retries exceeded with url: /BARB0BALOTR (Caused by NameResolutionError("HTTPSConnection(host='ifsc.razorpay.com', port=443): Failed to resolve 'ifsc.razorpay.com' ([Errno 11001] getaddrinfo failed)"))
2026-01-27 12:39:29,965 - __main__ - ERROR - Error fetching state for MAHB0001428: HTTPSConnectionPool(host='ifsc.razorpay.com', port=443): Max retries exceeded with url: /MAHB0001428 (Caused by NameResolutionError("HTTPSConnection(host='ifsc.razorpay.com', port=443): Failed to resolve 'ifsc.razorpay.com' ([Errno 11001] getaddrinfo failed)"))
2026-01-27 12:39:29,977 - __main__ - ERROR - Error fetching state for UTIB0004098: HTTPSConnectionPool(host='ifsc.razorpay.com', port=443): Max retries exceeded with url: /UTIB0004098 (Caused by NameResolutionError("HTTPSConnection(host='ifsc.razorpay.com', port=443): Failed to resolve 'ifsc.razorpay.com' ([Errno 11001] getaddrinfo failed)"))
2026-01-27 12:39:30,000 - __main__ - ERROR - Error fetching state for IOBA0001971: HTTPSConnectionPool(host='ifsc.razorpay.com', port=443): Max retries exceeded with url: /IOBA0001971 (Caused by NameResolutionError("HTTPSConnection(host='ifsc.razorpay.com', port=443): Failed to resolve 'ifsc.razorpay.com' ([Errno 11001] getaddrinfo failed)"))
2026-01-27 12:39:30,039 - __main__ - ERROR - Error fetching state for SBIN0016687: HTTPSConnectionPool(host='ifsc.razorpay.com', port=443): Max retries exceeded with url: /SBIN0016687 (Caused by NameResolutionError("HTTPSConnection(host='ifsc.razorpay.com', port=443): Failed to resolve 'ifsc.razorpay.com' ([Errno 11001] getaddrinfo failed)"))
2026-01-27 12:39:30,042 - __main__ - ERROR - Error fetching state for SBIN0000069: HTTPSConnectionPool(host='ifsc.razorpay.com', port=443): Max retries exceeded with url: /SBIN0000069 (Caused by NameResolutionError("HTTPSConnection(host='ifsc.razorpay.com', port=443): Failed to resolve 'ifsc.razorpay.com' ([Errno 11001] getaddrinfo failed)"))
2026-01-27 12:39:30,042 - __main__ - ERROR - Error fetching state for HDFC0007662: HTTPSConnectionPool(host='ifsc.razorpay.com', port=443): Max retries exceeded with url: /HDFC0007662 (Caused by NameResolutionError("HTTPSConnection(host='ifsc.razorpay.com', port=443): Failed to resolve 'ifsc.razorpay.com' ([Errno 11001] getaddrinfo failed)"))
2026-01-27 12:39:30,047 - __main__ - ERROR - Error fetching state for UCBA0002202: HTTPSConnectionPool(host='ifsc.razorpay.com', port=443): Max retries exceeded with url: /UCBA0002202 (Caused by NameResolutionError("HTTPSConnection(host='ifsc.razorpay.com', port=443): Failed to resolve 'ifsc.razorpay.com' ([Errno 11001] getaddrinfo failed)"))
2026-01-27 12:39:30,057 - __main__ - ERROR - Error fetching state for SBIN0001894: HTTPSConnectionPool(host='ifsc.razorpay.com', port=443): Max retries exceeded with url: /SBIN0001894 (Caused by NameResolutionError("HTTPSConnection(host='ifsc.razorpay.com', port=443): Failed to resolve 'ifsc.razorpay.com' ([Errno 11001] getaddrinfo failed)"))
2026-01-27 12:39:30,058 - __main__ - ERROR - Error fetching state for BARB0BALOTR: HTTPSConnectionPool(host='ifsc.razorpay.com', port=443): Max retries exceeded with url: /BARB0BALOTR (Caused by NameResolutionError("HTTPSConnection(host='ifsc.razorpay.com', port=443): Failed to resolve 'ifsc.razorpay.com' ([Errno 11001] getaddrinfo failed)"))
2026-01-27 12:39:30,073 - __main__ - ERROR - Error fetching state for UTIB0004098: HTTPSConnectionPool(host='ifsc.razorpay.com', port=443): Max retries exceeded with url: /UTIB0004098 (Caused by NameResolutionError("HTTPSConnection(host='ifsc.razorpay.com', port=443): Failed to resolve 'ifsc.razorpay.com' ([Errno 11001] getaddrinfo failed)"))
2026-01-27 12:39:30,077 - __main__ - ERROR - Error fetching state for UTIB0003470: HTTPSConnectionPool(host='ifsc.razorpay.com', port=443): Max retries exceeded with url: /UTIB0003470 (Caused by NameResolutionError("HTTPSConnection(host='ifsc.razorpay.com', port=443): Failed to resolve 'ifsc.razorpay.com' ([Errno 11001] getaddrinfo failed)"))
2026-01-27 12:39:30,085 - __main__ - ERROR - Error fetching state for HDFC0007662: HTTPSConnectionPool(host='ifsc.razorpay.com', port=443): Max retries exceeded with url: /HDFC0007662 (Caused by NameResolutionError("HTTPSConnection(host='ifsc.razorpay.com', port=443): Failed to resolve 'ifsc.razorpay.com' ([Errno 11001] getaddrinfo failed)"))
2026-01-27 12:39:30,092 - __main__ - ERROR - Error fetching state for UTIB0000580: HTTPSConnectionPool(host='ifsc.razorpay.com', port=443): Max retries exceeded with url: /UTIB0000580 (Caused by NameResolutionError("HTTPSConnection(host='ifsc.razorpay.com', port=443): Failed to resolve 'ifsc.razorpay.com' ([Errno 11001] getaddrinfo failed)"))
2026-01-27 12:39:30,094 - __main__ - ERROR - Error fetching state for HDFC0002854: HTTPSConnectionPool(host='ifsc.razorpay.com', port=443): Max retries exceeded with url: /HDFC0002854 (Caused by NameResolutionError("HTTPSConnection(host='ifsc.razorpay.com', port=443): Failed to resolve 'ifsc.razorpay.com' ([Errno 11001] getaddrinfo failed)"))
2026-01-27 12:39:30,093 - __main__ - ERROR - Error fetching state for IBKL0000183: HTTPSConnectionPool(host='ifsc.razorpay.com', port=443): Max retries exceeded with url: /IBKL0000183 (Caused by NameResolutionError("HTTPSConnection(host='ifsc.razorpay.com', port=443): Failed to resolve 'ifsc.razorpay.com' ([Errno 11001] getaddrinfo failed)"))
2026-01-27 12:39:41,233 - __main__ - ERROR - Error fetching state for SBIN0001894: HTTPSConnectionPool(host='ifsc.razorpay.com', port=443): Max retries exceeded with url: /SBIN0001894 (Caused by NameResolutionError("HTTPSConnection(host='ifsc.razorpay.com', port=443): Failed to resolve 'ifsc.razorpay.com' ([Errno 11001] getaddrinfo failed)"))
2026-01-27 12:39:41,234 - __main__ - ERROR - Error fetching state for UTIB0003470: HTTPSConnectionPool(host='ifsc.razorpay.com', port=443): Max retries exceeded with url: /UTIB0003470 (Caused by NameResolutionError("HTTPSConnection(host='ifsc.razorpay.com', port=443): Failed to resolve 'ifsc.razorpay.com' ([Errno 11001] getaddrinfo failed)"))
2026-01-27 12:39:41,234 - __main__ - ERROR - Error fetching state for IOBA0002951: HTTPSConnectionPool(host='ifsc.razorpay.com', port=443): Max retries exceeded with url: /IOBA0002951 (Caused by NameResolutionError("HTTPSConnection(host='ifsc.razorpay.com', port=443): Failed to resolve 'ifsc.razorpay.com' ([Errno 11001] getaddrinfo failed)"))
2026-01-27 12:39:41,234 - __main__ - ERROR - Error fetching state for UCBA0002474: HTTPSConnectionPool(host='ifsc.razorpay.com', port=443): Max retries exceeded with url: /UCBA0002474 (Caused by NameResolutionError("HTTPSConnection(host='ifsc.razorpay.com', port=443): Failed to resolve 'ifsc.razorpay.com' ([Errno 11001] getaddrinfo failed)"))
2026-01-27 12:39:41,235 - __main__ - ERROR - Error fetching state for UTIB0000580: HTTPSConnectionPool(host='ifsc.razorpay.com', port=443): Max retries exceeded with url: /UTIB0000580 (Caused by NameResolutionError("HTTPSConnection(host='ifsc.razorpay.com', port=443): Failed to resolve 'ifsc.razorpay.com' ([Errno 11001] getaddrinfo failed)"))
2026-01-27 12:39:41,235 - __main__ - ERROR - Error fetching state for CNRB0006406: HTTPSConnectionPool(host='ifsc.razorpay.com', port=443): Max retries exceeded with url: /CNRB0006406 (Caused by NameResolutionError("HTTPSConnection(host='ifsc.razorpay.com', port=443): Failed to resolve 'ifsc.razorpay.com' ([Errno 11001] getaddrinfo failed)"))
2026-01-27 12:39:41,235 - __main__ - ERROR - Error fetching state for UCBA0002202: HTTPSConnectionPool(host='ifsc.razorpay.com', port=443): Max retries exceeded with url: /UCBA0002202 (Caused by NameResolutionError("HTTPSConnection(host='ifsc.razorpay.com', port=443): Failed to resolve 'ifsc.razorpay.com' ([Errno 11001] getaddrinfo failed)"))
2026-01-27 12:39:41,236 - __main__ - ERROR - Error fetching state for HDFC0002854: HTTPSConnectionPool(host='ifsc.razorpay.com', port=443): Max retries exceeded with url: /HDFC0002854 (Caused by NameResolutionError("HTTPSConnection(host='ifsc.razorpay.com', port=443): Failed to resolve 'ifsc.razorpay.com' ([Errno 11001] getaddrinfo failed)"))
2026-01-27 12:39:41,236 - __main__ - ERROR - Error fetching state for IBKL0000183: HTTPSConnectionPool(host='ifsc.razorpay.com', port=443): Max retries exceeded with url: /IBKL0000183 (Caused by NameResolutionError("HTTPSConnection(host='ifsc.razorpay.com', port=443): Failed to resolve 'ifsc.razorpay.com' ([Errno 11001] getaddrinfo failed)"))
2026-01-27 12:39:41,237 - __main__ - ERROR - Error fetching state for UTIB0001986: HTTPSConnectionPool(host='ifsc.razorpay.com', port=443): Max retries exceeded with url: /UTIB0001986 (Caused by NameResolutionError("HTTPSConnection(host='ifsc.razorpay.com', port=443): Failed to resolve 'ifsc.razorpay.com' ([Errno 11001] getaddrinfo failed)"))
2026-01-27 12:39:41,237 - __main__ - ERROR - Error fetching state for BARB0VALBHA: HTTPSConnectionPool(host='ifsc.razorpay.com', port=443): Max retries exceeded with url: /BARB0VALBHA (Caused by NameResolutionError("HTTPSConnection(host='ifsc.razorpay.com', port=443): Failed to resolve 'ifsc.razorpay.com' ([Errno 11001] getaddrinfo failed)"))
2026-01-27 12:39:41,238 - __main__ - ERROR - Error fetching state for CNRB0006047: HTTPSConnectionPool(host='ifsc.razorpay.com', port=443): Max retries exceeded with url: /CNRB0006047 (Caused by NameResolutionError("HTTPSConnection(host='ifsc.razorpay.com', port=443): Failed to resolve 'ifsc.razorpay.com' ([Errno 11001] getaddrinfo failed)"))
2026-01-27 12:39:41,238 - __main__ - ERROR - Error fetching state for UCBA0002474: HTTPSConnectionPool(host='ifsc.razorpay.com', port=443): Max retries exceeded with url: /UCBA0002474 (Caused by NameResolutionError("HTTPSConnection(host='ifsc.razorpay.com', port=443): Failed to resolve 'ifsc.razorpay.com' ([Errno 11001] getaddrinfo failed)"))
2026-01-27 12:39:41,238 - __main__ - ERROR - Error fetching state for CNRB0005053: HTTPSConnectionPool(host='ifsc.razorpay.com', port=443): Max retries exceeded with url: /CNRB0005053 (Caused by NameResolutionError("HTTPSConnection(host='ifsc.razorpay.com', port=443): Failed to resolve 'ifsc.razorpay.com' ([Errno 11001] getaddrinfo failed)"))
2026-01-27 12:39:41,239 - __main__ - ERROR - Error fetching state for CNRB0006406: HTTPSConnectionPool(host='ifsc.razorpay.com', port=443): Max retries exceeded with url: /CNRB0006406 (Caused by NameResolutionError("HTTPSConnection(host='ifsc.razorpay.com', port=443): Failed to resolve 'ifsc.razorpay.com' ([Errno 11001] getaddrinfo failed)"))
2026-01-27 12:39:41,239 - __main__ - ERROR - Error fetching state for UTIB0001986: HTTPSConnectionPool(host='ifsc.razorpay.com', port=443): Max retries exceeded with url: /UTIB0001986 (Caused by NameResolutionError("HTTPSConnection(host='ifsc.razorpay.com', port=443): Failed to resolve 'ifsc.razorpay.com' ([Errno 11001] getaddrinfo failed)"))
2026-01-27 12:39:41,240 - __main__ - ERROR - Error fetching state for HDFC0006701: HTTPSConnectionPool(host='ifsc.razorpay.com', port=443): Max retries exceeded with url: /HDFC0006701 (Caused by NameResolutionError("HTTPSConnection(host='ifsc.razorpay.com', port=443): Failed to resolve 'ifsc.razorpay.com' ([Errno 11001] getaddrinfo failed)"))
2026-01-27 12:39:41,241 - __main__ - ERROR - Error fetching state for HDFC0006593: HTTPSConnectionPool(host='ifsc.razorpay.com', port=443): Max retries exceeded with url: /HDFC0006593 (Caused by NameResolutionError("HTTPSConnection(host='ifsc.razorpay.com', port=443): Failed to resolve 'ifsc.razorpay.com' ([Errno 11001] getaddrinfo failed)"))
2026-01-27 12:39:41,242 - __main__ - ERROR - Error fetching state for IOBA0002951: HTTPSConnectionPool(host='ifsc.razorpay.com', port=443): Max retries exceeded with url: /IOBA0002951 (Caused by NameResolutionError("HTTPSConnection(host='ifsc.razorpay.com', port=443): Failed to resolve 'ifsc.razorpay.com' ([Errno 11001] getaddrinfo failed)"))
2026-01-27 12:39:41,243 - __main__ - ERROR - Error fetching state for PUNB0093100: HTTPSConnectionPool(host='ifsc.razorpay.com', port=443): Max retries exceeded with url: /PUNB0093100 (Caused by NameResolutionError("HTTPSConnection(host='ifsc.razorpay.com', port=443): Failed to resolve 'ifsc.razorpay.com' ([Errno 11001] getaddrinfo failed)"))
2026-01-27 12:39:52,390 - __main__ - ERROR - Error fetching state for CNRB0006047: HTTPSConnectionPool(host='ifsc.razorpay.com', port=443): Max retries exceeded with url: /CNRB0006047 (Caused by NameResolutionError("HTTPSConnection(host='ifsc.razorpay.com', port=443): Failed to resolve 'ifsc.razorpay.com' ([Errno 11001] getaddrinfo failed)"))
2026-01-27 12:39:52,390 - __main__ - ERROR - Error fetching state for BARB0VJJODH: HTTPSConnectionPool(host='ifsc.razorpay.com', port=443): Max retries exceeded with url: /BARB0VJJODH (Caused by NameResolutionError("HTTPSConnection(host='ifsc.razorpay.com', port=443): Failed to resolve 'ifsc.razorpay.com' ([Errno 11001] getaddrinfo failed)"))
2026-01-27 12:39:52,391 - __main__ - ERROR - Error fetching state for BARB0VALBHA: HTTPSConnectionPool(host='ifsc.razorpay.com', port=443): Max retries exceeded with url: /BARB0VALBHA (Caused by NameResolutionError("HTTPSConnection(host='ifsc.razorpay.com', port=443): Failed to resolve 'ifsc.razorpay.com' ([Errno 11001] getaddrinfo failed)"))
2026-01-27 12:39:52,391 - __main__ - ERROR - Error fetching state for CNRB0005053: HTTPSConnectionPool(host='ifsc.razorpay.com', port=443): Max retries exceeded with url: /CNRB0005053 (Caused by NameResolutionError("HTTPSConnection(host='ifsc.razorpay.com', port=443): Failed to resolve 'ifsc.razorpay.com' ([Errno 11001] getaddrinfo failed)"))
2026-01-27 12:39:52,392 - __main__ - ERROR - Error fetching state for IOBA0001312: HTTPSConnectionPool(host='ifsc.razorpay.com', port=443): Max retries exceeded with url: /IOBA0001312 (Caused by NameResolutionError("HTTPSConnection(host='ifsc.razorpay.com', port=443): Failed to resolve 'ifsc.razorpay.com' ([Errno 11001] getaddrinfo failed)"))
2026-01-27 12:39:52,392 - __main__ - ERROR - Error fetching state for BKID0002904: HTTPSConnectionPool(host='ifsc.razorpay.com', port=443): Max retries exceeded with url: /BKID0002904 (Caused by NameResolutionError("HTTPSConnection(host='ifsc.razorpay.com', port=443): Failed to resolve 'ifsc.razorpay.com' ([Errno 11001] getaddrinfo failed)"))
2026-01-27 12:39:52,399 - __main__ - ERROR - Error fetching state for HDFC0006701: HTTPSConnectionPool(host='ifsc.razorpay.com', port=443): Max retries exceeded with url: /HDFC0006701 (Caused by NameResolutionError("HTTPSConnection(host='ifsc.razorpay.com', port=443): Failed to resolve 'ifsc.razorpay.com' ([Errno 11001] getaddrinfo failed)"))
2026-01-27 12:39:52,400 - __main__ - ERROR - Error fetching state for PUNB0093100: HTTPSConnectionPool(host='ifsc.razorpay.com', port=443): Max retries exceeded with url: /PUNB0093100 (Caused by NameResolutionError("HTTPSConnection(host='ifsc.razorpay.com', port=443): Failed to resolve 'ifsc.razorpay.com' ([Errno 11001] getaddrinfo failed)"))
2026-01-27 12:39:52,400 - __main__ - ERROR - Error fetching state for KVBL0001635: HTTPSConnectionPool(host='ifsc.razorpay.com', port=443): Max retries exceeded with url: /KVBL0001635 (Caused by NameResolutionError("HTTPSConnection(host='ifsc.razorpay.com', port=443): Failed to resolve 'ifsc.razorpay.com' ([Errno 11001] getaddrinfo failed)"))
2026-01-27 12:39:52,401 - __main__ - ERROR - Error fetching state for KLGB0040251: HTTPSConnectionPool(host='ifsc.razorpay.com', port=443): Max retries exceeded with url: /KLGB0040251 (Caused by NameResolutionError("HTTPSConnection(host='ifsc.razorpay.com', port=443): Failed to resolve 'ifsc.razorpay.com' ([Errno 11001] getaddrinfo failed)"))
2026-01-27 12:39:52,401 - __main__ - ERROR - Error fetching state for ICIC0005674: HTTPSConnectionPool(host='ifsc.razorpay.com', port=443): Max retries exceeded with url: /ICIC0005674 (Caused by NameResolutionError("HTTPSConnection(host='ifsc.razorpay.com', port=443): Failed to resolve 'ifsc.razorpay.com' ([Errno 11001] getaddrinfo failed)"))
2026-01-27 12:39:52,403 - __main__ - ERROR - Error fetching state for IOBA0002227: HTTPSConnectionPool(host='ifsc.razorpay.com', port=443): Max retries exceeded with url: /IOBA0002227 (Caused by NameResolutionError("HTTPSConnection(host='ifsc.razorpay.com', port=443): Failed to resolve 'ifsc.razorpay.com' ([Errno 11001] getaddrinfo failed)"))
2026-01-27 12:39:52,404 - __main__ - ERROR - Error fetching state for BARB0VJJODH: HTTPSConnectionPool(host='ifsc.razorpay.com', port=443): Max retries exceeded with url: /BARB0VJJODH (Caused by NameResolutionError("HTTPSConnection(host='ifsc.razorpay.com', port=443): Failed to resolve 'ifsc.razorpay.com' ([Errno 11001] getaddrinfo failed)"))
2026-01-27 12:39:52,404 - __main__ - ERROR - Error fetching state for ICIC0005674: HTTPSConnectionPool(host='ifsc.razorpay.com', port=443): Max retries exceeded with url: /ICIC0005674 (Caused by NameResolutionError("HTTPSConnection(host='ifsc.razorpay.com', port=443): Failed to resolve 'ifsc.razorpay.com' ([Errno 11001] getaddrinfo failed)"))
2026-01-27 12:39:52,404 - __main__ - ERROR - Error fetching state for IOBA0001312: HTTPSConnectionPool(host='ifsc.razorpay.com', port=443): Max retries exceeded with url: /IOBA0001312 (Caused by NameResolutionError("HTTPSConnection(host='ifsc.razorpay.com', port=443): Failed to resolve 'ifsc.razorpay.com' ([Errno 11001] getaddrinfo failed)"))
2026-01-27 12:39:52,405 - __main__ - ERROR - Error fetching state for KLGB0040251: HTTPSConnectionPool(host='ifsc.razorpay.com', port=443): Max retries exceeded with url: /KLGB0040251 (Caused by NameResolutionError("HTTPSConnection(host='ifsc.razorpay.com', port=443): Failed to resolve 'ifsc.razorpay.com' ([Errno 11001] getaddrinfo failed)"))
2026-01-27 12:39:52,406 - __main__ - ERROR - Error fetching state for YESB0000074: HTTPSConnectionPool(host='ifsc.razorpay.com', port=443): Max retries exceeded with url: /YESB0000074 (Caused by NameResolutionError("HTTPSConnection(host='ifsc.razorpay.com', port=443): Failed to resolve 'ifsc.razorpay.com' ([Errno 11001] getaddrinfo failed)"))
2026-01-27 12:39:52,406 - __main__ - ERROR - Error fetching state for CNRB0010536: HTTPSConnectionPool(host='ifsc.razorpay.com', port=443): Max retries exceeded with url: /CNRB0010536 (Caused by NameResolutionError("HTTPSConnection(host='ifsc.razorpay.com', port=443): Failed to resolve 'ifsc.razorpay.com' ([Errno 11001] getaddrinfo failed)"))
2026-01-27 12:39:52,407 - __main__ - ERROR - Error fetching state for SBIN0006592: HTTPSConnectionPool(host='ifsc.razorpay.com', port=443): Max retries exceeded with url: /SBIN0006592 (Caused by NameResolutionError("HTTPSConnection(host='ifsc.razorpay.com', port=443): Failed to resolve 'ifsc.razorpay.com' ([Errno 11001] getaddrinfo failed)"))
2026-01-27 12:39:52,407 - __main__ - ERROR - Error fetching state for HDFC0006593: HTTPSConnectionPool(host='ifsc.razorpay.com', port=443): Max retries exceeded with url: /HDFC0006593 (Caused by NameResolutionError("HTTPSConnection(host='ifsc.razorpay.com', port=443): Failed to resolve 'ifsc.razorpay.com' ([Errno 11001] getaddrinfo failed)"))
2026-01-27 12:39:59,541 - __main__ - ERROR - Error fetching state for KVBL0001635: HTTPSConnectionPool(host='ifsc.razorpay.com', port=443): Max retries exceeded with url: /KVBL0001635 (Caused by NameResolutionError("HTTPSConnection(host='ifsc.razorpay.com', port=443): Failed to resolve 'ifsc.razorpay.com' ([Errno 11001] getaddrinfo failed)"))
2026-01-27 12:39:59,541 - __main__ - ERROR - Error fetching state for BKID0002904: HTTPSConnectionPool(host='ifsc.razorpay.com', port=443): Max retries exceeded with url: /BKID0002904 (Caused by NameResolutionError("HTTPSConnection(host='ifsc.razorpay.com', port=443): Failed to resolve 'ifsc.razorpay.com' ([Errno 11001] getaddrinfo failed)"))
2026-01-27 12:39:59,542 - __main__ - ERROR - Error fetching state for IOBA0002227: HTTPSConnectionPool(host='ifsc.razorpay.com', port=443): Max retries exceeded with url: /IOBA0002227 (Caused by NameResolutionError("HTTPSConnection(host='ifsc.razorpay.com', port=443): Failed to resolve 'ifsc.razorpay.com' ([Errno 11001] getaddrinfo failed)"))
2026-01-27 12:39:59,543 - __main__ - ERROR - Error fetching state for KVBL0001912: HTTPSConnectionPool(host='ifsc.razorpay.com', port=443): Max retries exceeded with url: /KVBL0001912 (Caused by NameResolutionError("HTTPSConnection(host='ifsc.razorpay.com', port=443): Failed to resolve 'ifsc.razorpay.com' ([Errno 11001] getaddrinfo failed)"))
2026-01-27 12:39:59,543 - __main__ - ERROR - Error fetching state for IBKL0000457: HTTPSConnectionPool(host='ifsc.razorpay.com', port=443): Max retries exceeded with url: /IBKL0000457 (Caused by NameResolutionError("HTTPSConnection(host='ifsc.razorpay.com', port=443): Failed to resolve 'ifsc.razorpay.com' ([Errno 11001] getaddrinfo failed)"))
2026-01-27 12:39:59,543 - __main__ - ERROR - Error fetching state for SBIN0001033: HTTPSConnectionPool(host='ifsc.razorpay.com', port=443): Max retries exceeded with url: /SBIN0001033 (Caused by NameResolutionError("HTTPSConnection(host='ifsc.razorpay.com', port=443): Failed to resolve 'ifsc.razorpay.com' ([Errno 11001] getaddrinfo failed)"))
2026-01-27 12:39:59,544 - __main__ - ERROR - Error fetching state for CNRB0004715: HTTPSConnectionPool(host='ifsc.razorpay.com', port=443): Max retries exceeded with url: /CNRB0004715 (Caused by NameResolutionError("HTTPSConnection(host='ifsc.razorpay.com', port=443): Failed to resolve 'ifsc.razorpay.com' ([Errno 11001] getaddrinfo failed)"))
2026-01-27 12:39:59,544 - __main__ - ERROR - Error fetching state for CNRB0010536: HTTPSConnectionPool(host='ifsc.razorpay.com', port=443): Max retries exceeded with url: /CNRB0010536 (Caused by NameResolutionError("HTTPSConnection(host='ifsc.razorpay.com', port=443): Failed to resolve 'ifsc.razorpay.com' ([Errno 11001] getaddrinfo failed)"))
2026-01-27 12:39:59,544 - __main__ - ERROR - Error fetching state for BARB0KHAMBS: HTTPSConnectionPool(host='ifsc.razorpay.com', port=443): Max retries exceeded with url: /BARB0KHAMBS (Caused by NameResolutionError("HTTPSConnection(host='ifsc.razorpay.com', port=443): Failed to resolve 'ifsc.razorpay.com' ([Errno 11001] getaddrinfo failed)"))
2026-01-27 12:39:59,545 - __main__ - ERROR - Error fetching state for SBIN0006592: HTTPSConnectionPool(host='ifsc.razorpay.com', port=443): Max retries exceeded with url: /SBIN0006592 (Caused by NameResolutionError("HTTPSConnection(host='ifsc.razorpay.com', port=443): Failed to resolve 'ifsc.razorpay.com' ([Errno 11001] getaddrinfo failed)"))
2026-01-27 12:39:59,545 - __main__ - ERROR - Error fetching state for IDIB000L001: HTTPSConnectionPool(host='ifsc.razorpay.com', port=443): Max retries exceeded with url: /IDIB000L001 (Caused by NameResolutionError("HTTPSConnection(host='ifsc.razorpay.com', port=443): Failed to resolve 'ifsc.razorpay.com' ([Errno 11001] getaddrinfo failed)"))
2026-01-27 12:39:59,545 - __main__ - ERROR - Error fetching state for BARB0RANSUR: HTTPSConnectionPool(host='ifsc.razorpay.com', port=443): Max retries exceeded with url: /BARB0RANSUR (Caused by NameResolutionError("HTTPSConnection(host='ifsc.razorpay.com', port=443): Failed to resolve 'ifsc.razorpay.com' ([Errno 11001] getaddrinfo failed)"))
2026-01-27 12:39:59,545 - __main__ - ERROR - Error fetching state for SBIN0008561: HTTPSConnectionPool(host='ifsc.razorpay.com', port=443): Max retries exceeded with url: /SBIN0008561 (Caused by NameResolutionError("HTTPSConnection(host='ifsc.razorpay.com', port=443): Failed to resolve 'ifsc.razorpay.com' ([Errno 11001] getaddrinfo failed)"))
2026-01-27 12:39:59,546 - __main__ - ERROR - Error fetching state for KVBL0001912: HTTPSConnectionPool(host='ifsc.razorpay.com', port=443): Max retries exceeded with url: /KVBL0001912 (Caused by NameResolutionError("HTTPSConnection(host='ifsc.razorpay.com', port=443): Failed to resolve 'ifsc.razorpay.com' ([Errno 11001] getaddrinfo failed)"))
2026-01-27 12:39:59,546 - __main__ - ERROR - Error fetching state for YESB0000074: HTTPSConnectionPool(host='ifsc.razorpay.com', port=443): Max retries exceeded with url: /YESB0000074 (Caused by NameResolutionError("HTTPSConnection(host='ifsc.razorpay.com', port=443): Failed to resolve 'ifsc.razorpay.com' ([Errno 11001] getaddrinfo failed)"))
2026-01-27 12:39:59,546 - __main__ - ERROR - Error fetching state for SBIN0001033: HTTPSConnectionPool(host='ifsc.razorpay.com', port=443): Max retries exceeded with url: /SBIN0001033 (Caused by NameResolutionError("HTTPSConnection(host='ifsc.razorpay.com', port=443): Failed to resolve 'ifsc.razorpay.com' ([Errno 11001] getaddrinfo failed)"))
2026-01-27 12:39:59,547 - __main__ - ERROR - Error fetching state for CNRB0004715: HTTPSConnectionPool(host='ifsc.razorpay.com', port=443): Max retries exceeded with url: /CNRB0004715 (Caused by NameResolutionError("HTTPSConnection(host='ifsc.razorpay.com', port=443): Failed to resolve 'ifsc.razorpay.com' ([Errno 11001] getaddrinfo failed)"))
2026-01-27 12:39:59,547 - __main__ - ERROR - Error fetching state for HDFC0000126: HTTPSConnectionPool(host='ifsc.razorpay.com', port=443): Max retries exceeded with url: /HDFC0000126 (Caused by NameResolutionError("HTTPSConnection(host='ifsc.razorpay.com', port=443): Failed to resolve 'ifsc.razorpay.com' ([Errno 11001] getaddrinfo failed)"))
2026-01-27 12:39:59,547 - __main__ - ERROR - Error fetching state for BARB0KHAMBS: HTTPSConnectionPool(host='ifsc.razorpay.com', port=443): Max retries exceeded with url: /BARB0KHAMBS (Caused by NameResolutionError("HTTPSConnection(host='ifsc.razorpay.com', port=443): Failed to resolve 'ifsc.razorpay.com' ([Errno 11001] getaddrinfo failed)"))
2026-01-27 12:39:59,548 - __main__ - ERROR - Error fetching state for AUBL000FNCR: HTTPSConnectionPool(host='ifsc.razorpay.com', port=443): Max retries exceeded with url: /AUBL000FNCR (Caused by NameResolutionError("HTTPSConnection(host='ifsc.razorpay.com', port=443): Failed to resolve 'ifsc.razorpay.com' ([Errno 11001] getaddrinfo failed)"))
2026-01-27 12:39:59,556 - __main__ - ERROR - Error fetching state for IDIB000L001: HTTPSConnectionPool(host='ifsc.razorpay.com', port=443): Max retries exceeded with url: /IDIB000L001 (Caused by NameResolutionError("HTTPSConnection(host='ifsc.razorpay.com', port=443): Failed to resolve 'ifsc.razorpay.com' ([Errno 11001] getaddrinfo failed)"))
2026-01-27 12:39:59,564 - __main__ - ERROR - Error fetching state for SBIN0008561: HTTPSConnectionPool(host='ifsc.razorpay.com', port=443): Max retries exceeded with url: /SBIN0008561 (Caused by NameResolutionError("HTTPSConnection(host='ifsc.razorpay.com', port=443): Failed to resolve 'ifsc.razorpay.com' ([Errno 11001] getaddrinfo failed)"))
2026-01-27 12:39:59,581 - __main__ - ERROR - Error fetching state for BARB0RANSUR: HTTPSConnectionPool(host='ifsc.razorpay.com', port=443): Max retries exceeded with url: /BARB0RANSUR (Caused by NameResolutionError("HTTPSConnection(host='ifsc.razorpay.com', port=443): Failed to resolve 'ifsc.razorpay.com' ([Errno 11001] getaddrinfo failed)"))
2026-01-27 12:39:59,583 - __main__ - ERROR - Error fetching state for SBIN0012741: HTTPSConnectionPool(host='ifsc.razorpay.com', port=443): Max retries exceeded with url: /SBIN0012741 (Caused by NameResolutionError("HTTPSConnection(host='ifsc.razorpay.com', port=443): Failed to resolve 'ifsc.razorpay.com' ([Errno 11001] getaddrinfo failed)"))
2026-01-27 12:39:59,584 - __main__ - ERROR - Error fetching state for IBKL0000457: HTTPSConnectionPool(host='ifsc.razorpay.com', port=443): Max retries exceeded with url: /IBKL0000457 (Caused by NameResolutionError("HTTPSConnection(host='ifsc.razorpay.com', port=443): Failed to resolve 'ifsc.razorpay.com' ([Errno 11001] getaddrinfo failed)"))
2026-01-27 12:39:59,595 - __main__ - ERROR - Error fetching state for CNRB0005102: HTTPSConnectionPool(host='ifsc.razorpay.com', port=443): Max retries exceeded with url: /CNRB0005102 (Caused by NameResolutionError("HTTPSConnection(host='ifsc.razorpay.com', port=443): Failed to resolve 'ifsc.razorpay.com' ([Errno 11001] getaddrinfo failed)"))
2026-01-27 12:39:59,615 - __main__ - ERROR - Error fetching state for BDBL0001116: HTTPSConnectionPool(host='ifsc.razorpay.com', port=443): Max retries exceeded with url: /BDBL0001116 (Caused by NameResolutionError("HTTPSConnection(host='ifsc.razorpay.com', port=443): Failed to resolve 'ifsc.razorpay.com' ([Errno 11001] getaddrinfo failed)"))
2026-01-27 12:39:59,633 - __main__ - ERROR - Error fetching state for HDFC0000126: HTTPSConnectionPool(host='ifsc.razorpay.com', port=443): Max retries exceeded with url: /HDFC0000126 (Caused by NameResolutionError("HTTPSConnection(host='ifsc.razorpay.com', port=443): Failed to resolve 'ifsc.razorpay.com' ([Errno 11001] getaddrinfo failed)"))
2026-01-27 12:39:59,636 - __main__ - ERROR - Error fetching state for AUBL000FNCR: HTTPSConnectionPool(host='ifsc.razorpay.com', port=443): Max retries exceeded with url: /AUBL000FNCR (Caused by NameResolutionError("HTTPSConnection(host='ifsc.razorpay.com', port=443): Failed to resolve 'ifsc.razorpay.com' ([Errno 11001] getaddrinfo failed)"))
2026-01-27 12:39:59,644 - __main__ - ERROR - Error fetching state for HDFC0001979: HTTPSConnectionPool(host='ifsc.razorpay.com', port=443): Max retries exceeded with url: /HDFC0001979 (Caused by NameResolutionError("HTTPSConnection(host='ifsc.razorpay.com', port=443): Failed to resolve 'ifsc.razorpay.com' ([Errno 11001] getaddrinfo failed)"))
2026-01-27 12:39:59,648 - __main__ - ERROR - Error fetching state for PKGB0012533: HTTPSConnectionPool(host='ifsc.razorpay.com', port=443): Max retries exceeded with url: /PKGB0012533 (Caused by NameResolutionError("HTTPSConnection(host='ifsc.razorpay.com', port=443): Failed to resolve 'ifsc.razorpay.com' ([Errno 11001] getaddrinfo failed)"))
2026-01-27 12:39:59,654 - __main__ - ERROR - Error fetching state for YESB0001258: HTTPSConnectionPool(host='ifsc.razorpay.com', port=443): Max retries exceeded with url: /YESB0001258 (Caused by NameResolutionError("HTTPSConnection(host='ifsc.razorpay.com', port=443): Failed to resolve 'ifsc.razorpay.com' ([Errno 11001] getaddrinfo failed)"))
2026-01-27 12:39:59,669 - __main__ - ERROR - Error fetching state for CNRB0013252: HTTPSConnectionPool(host='ifsc.razorpay.com', port=443): Max retries exceeded with url: /CNRB0013252 (Caused by NameResolutionError("HTTPSConnection(host='ifsc.razorpay.com', port=443): Failed to resolve 'ifsc.razorpay.com' ([Errno 11001] getaddrinfo failed)"))
2026-01-27 12:39:59,671 - __main__ - ERROR - Error fetching state for SBIN0012741: HTTPSConnectionPool(host='ifsc.razorpay.com', port=443): Max retries exceeded with url: /SBIN0012741 (Caused by NameResolutionError("HTTPSConnection(host='ifsc.razorpay.com', port=443): Failed to resolve 'ifsc.razorpay.com' ([Errno 11001] getaddrinfo failed)"))
2026-01-27 12:39:59,672 - __main__ - ERROR - Error fetching state for PUNB0312600: HTTPSConnectionPool(host='ifsc.razorpay.com', port=443): Max retries exceeded with url: /PUNB0312600 (Caused by NameResolutionError("HTTPSConnection(host='ifsc.razorpay.com', port=443): Failed to resolve 'ifsc.razorpay.com' ([Errno 11001] getaddrinfo failed)"))
2026-01-27 12:39:59,686 - __main__ - ERROR - Error fetching state for CNRB0005102: HTTPSConnectionPool(host='ifsc.razorpay.com', port=443): Max retries exceeded with url: /CNRB0005102 (Caused by NameResolutionError("HTTPSConnection(host='ifsc.razorpay.com', port=443): Failed to resolve 'ifsc.razorpay.com' ([Errno 11001] getaddrinfo failed)"))
2026-01-27 12:39:59,699 - __main__ - ERROR - Error fetching state for BDBL0001116: HTTPSConnectionPool(host='ifsc.razorpay.com', port=443): Max retries exceeded with url: /BDBL0001116 (Caused by NameResolutionError("HTTPSConnection(host='ifsc.razorpay.com', port=443): Failed to resolve 'ifsc.razorpay.com' ([Errno 11001] getaddrinfo failed)"))
2026-01-27 12:39:59,718 - __main__ - ERROR - Error fetching state for HDFC0001979: HTTPSConnectionPool(host='ifsc.razorpay.com', port=443): Max retries exceeded with url: /HDFC0001979 (Caused by NameResolutionError("HTTPSConnection(host='ifsc.razorpay.com', port=443): Failed to resolve 'ifsc.razorpay.com' ([Errno 11001] getaddrinfo failed)"))
2026-01-27 12:39:59,734 - __main__ - ERROR - Error fetching state for IBKL0001839: HTTPSConnectionPool(host='ifsc.razorpay.com', port=443): Max retries exceeded with url: /IBKL0001839 (Caused by NameResolutionError("HTTPSConnection(host='ifsc.razorpay.com', port=443): Failed to resolve 'ifsc.razorpay.com' ([Errno 11001] getaddrinfo failed)"))
2026-01-27 12:39:59,736 - __main__ - ERROR - Error fetching state for CNRB0017101: HTTPSConnectionPool(host='ifsc.razorpay.com', port=443): Max retries exceeded with url: /CNRB0017101 (Caused by NameResolutionError("HTTPSConnection(host='ifsc.razorpay.com', port=443): Failed to resolve 'ifsc.razorpay.com' ([Errno 11001] getaddrinfo failed)"))
2026-01-27 12:39:59,738 - __main__ - ERROR - Error fetching state for PKGB0012533: HTTPSConnectionPool(host='ifsc.razorpay.com', port=443): Max retries exceeded with url: /PKGB0012533 (Caused by NameResolutionError("HTTPSConnection(host='ifsc.razorpay.com', port=443): Failed to resolve 'ifsc.razorpay.com' ([Errno 11001] getaddrinfo failed)"))
2026-01-27 12:39:59,745 - __main__ - ERROR - Error fetching state for PUNB0312600: HTTPSConnectionPool(host='ifsc.razorpay.com', port=443): Max retries exceeded with url: /PUNB0312600 (Caused by NameResolutionError("HTTPSConnection(host='ifsc.razorpay.com', port=443): Failed to resolve 'ifsc.razorpay.com' ([Errno 11001] getaddrinfo failed)"))
2026-01-27 12:39:59,767 - __main__ - ERROR - Error fetching state for YESB0001258: HTTPSConnectionPool(host='ifsc.razorpay.com', port=443): Max retries exceeded with url: /YESB0001258 (Caused by NameResolutionError("HTTPSConnection(host='ifsc.razorpay.com', port=443): Failed to resolve 'ifsc.razorpay.com' ([Errno 11001] getaddrinfo failed)"))
2026-01-27 12:39:59,776 - __main__ - ERROR - Error fetching state for UTIB0002375: HTTPSConnectionPool(host='ifsc.razorpay.com', port=443): Max retries exceeded with url: /UTIB0002375 (Caused by NameResolutionError("HTTPSConnection(host='ifsc.razorpay.com', port=443): Failed to resolve 'ifsc.razorpay.com' ([Errno 11001] getaddrinfo failed)"))
2026-01-27 12:39:59,784 - __main__ - ERROR - Error fetching state for HDFC0009347: HTTPSConnectionPool(host='ifsc.razorpay.com', port=443): Max retries exceeded with url: /HDFC0009347 (Caused by NameResolutionError("HTTPSConnection(host='ifsc.razorpay.com', port=443): Failed to resolve 'ifsc.razorpay.com' ([Errno 11001] getaddrinfo failed)"))
2026-01-27 12:39:59,785 - __main__ - ERROR - Error fetching state for IBKL0001839: HTTPSConnectionPool(host='ifsc.razorpay.com', port=443): Max retries exceeded with url: /IBKL0001839 (Caused by NameResolutionError("HTTPSConnection(host='ifsc.razorpay.com', port=443): Failed to resolve 'ifsc.razorpay.com' ([Errno 11001] getaddrinfo failed)"))
2026-01-27 12:39:59,785 - __main__ - ERROR - Error fetching state for SBIN0018761: HTTPSConnectionPool(host='ifsc.razorpay.com', port=443): Max retries exceeded with url: /SBIN0018761 (Caused by NameResolutionError("HTTPSConnection(host='ifsc.razorpay.com', port=443): Failed to resolve 'ifsc.razorpay.com' ([Errno 11001] getaddrinfo failed)"))
2026-01-27 12:39:59,786 - __main__ - ERROR - Error fetching state for CNRB0013252: HTTPSConnectionPool(host='ifsc.razorpay.com', port=443): Max retries exceeded with url: /CNRB0013252 (Caused by NameResolutionError("HTTPSConnection(host='ifsc.razorpay.com', port=443): Failed to resolve 'ifsc.razorpay.com' ([Errno 11001] getaddrinfo failed)"))
2026-01-27 12:39:59,803 - __main__ - ERROR - Error fetching state for CNRB0017101: HTTPSConnectionPool(host='ifsc.razorpay.com', port=443): Max retries exceeded with url: /CNRB0017101 (Caused by NameResolutionError("HTTPSConnection(host='ifsc.razorpay.com', port=443): Failed to resolve 'ifsc.razorpay.com' ([Errno 11001] getaddrinfo failed)"))
2026-01-27 12:39:59,805 - __main__ - ERROR - Error fetching state for JSFB0004524: HTTPSConnectionPool(host='ifsc.razorpay.com', port=443): Max retries exceeded with url: /JSFB0004524 (Caused by NameResolutionError("HTTPSConnection(host='ifsc.razorpay.com', port=443): Failed to resolve 'ifsc.razorpay.com' ([Errno 11001] getaddrinfo failed)"))
2026-01-27 12:39:59,806 - __main__ - ERROR - Error fetching state for IOBA0002087: HTTPSConnectionPool(host='ifsc.razorpay.com', port=443): Max retries exceeded with url: /IOBA0002087 (Caused by NameResolutionError("HTTPSConnection(host='ifsc.razorpay.com', port=443): Failed to resolve 'ifsc.razorpay.com' ([Errno 11001] getaddrinfo failed)"))
2026-01-27 12:39:59,818 - __main__ - ERROR - Error fetching state for SBIN0004612: HTTPSConnectionPool(host='ifsc.razorpay.com', port=443): Max retries exceeded with url: /SBIN0004612 (Caused by NameResolutionError("HTTPSConnection(host='ifsc.razorpay.com', port=443): Failed to resolve 'ifsc.razorpay.com' ([Errno 11001] getaddrinfo failed)"))
2026-01-27 12:39:59,833 - __main__ - ERROR - Error fetching state for HDFC0000240: HTTPSConnectionPool(host='ifsc.razorpay.com', port=443): Max retries exceeded with url: /HDFC0000240 (Caused by NameResolutionError("HTTPSConnection(host='ifsc.razorpay.com', port=443): Failed to resolve 'ifsc.razorpay.com' ([Errno 11001] getaddrinfo failed)"))
2026-01-27 12:39:59,835 - __main__ - ERROR - Error fetching state for IDIB000D078: HTTPSConnectionPool(host='ifsc.razorpay.com', port=443): Max retries exceeded with url: /IDIB000D078 (Caused by NameResolutionError("HTTPSConnection(host='ifsc.razorpay.com', port=443): Failed to resolve 'ifsc.razorpay.com' ([Errno 11001] getaddrinfo failed)"))
2026-01-27 12:39:59,836 - __main__ - ERROR - Error fetching state for UTIB0002375: HTTPSConnectionPool(host='ifsc.razorpay.com', port=443): Max retries exceeded with url: /UTIB0002375 (Caused by NameResolutionError("HTTPSConnection(host='ifsc.razorpay.com', port=443): Failed to resolve 'ifsc.razorpay.com' ([Errno 11001] getaddrinfo failed)"))
2026-01-27 12:39:59,837 - __main__ - ERROR - Error fetching state for SBIN0018761: HTTPSConnectionPool(host='ifsc.razorpay.com', port=443): Max retries exceeded with url: /SBIN0018761 (Caused by NameResolutionError("HTTPSConnection(host='ifsc.razorpay.com', port=443): Failed to resolve 'ifsc.razorpay.com' ([Errno 11001] getaddrinfo failed)"))
2026-01-27 12:39:59,863 - __main__ - ERROR - Error fetching state for HDFC0009347: HTTPSConnectionPool(host='ifsc.razorpay.com', port=443): Max retries exceeded with url: /HDFC0009347 (Caused by NameResolutionError("HTTPSConnection(host='ifsc.razorpay.com', port=443): Failed to resolve 'ifsc.razorpay.com' ([Errno 11001] getaddrinfo failed)"))
2026-01-27 12:39:59,866 - __main__ - ERROR - Error fetching state for UCBA0001051: HTTPSConnectionPool(host='ifsc.razorpay.com', port=443): Max retries exceeded with url: /UCBA0001051 (Caused by NameResolutionError("HTTPSConnection(host='ifsc.razorpay.com', port=443): Failed to resolve 'ifsc.razorpay.com' ([Errno 11001] getaddrinfo failed)"))
2026-01-27 12:39:59,869 - __main__ - ERROR - Error fetching state for UCBA0003515: HTTPSConnectionPool(host='ifsc.razorpay.com', port=443): Max retries exceeded with url: /UCBA0003515 (Caused by NameResolutionError("HTTPSConnection(host='ifsc.razorpay.com', port=443): Failed to resolve 'ifsc.razorpay.com' ([Errno 11001] getaddrinfo failed)"))
2026-01-27 12:39:59,871 - __main__ - ERROR - Error fetching state for JSFB0004524: HTTPSConnectionPool(host='ifsc.razorpay.com', port=443): Max retries exceeded with url: /JSFB0004524 (Caused by NameResolutionError("HTTPSConnection(host='ifsc.razorpay.com', port=443): Failed to resolve 'ifsc.razorpay.com' ([Errno 11001] getaddrinfo failed)"))
2026-01-27 12:39:59,886 - __main__ - ERROR - Error fetching state for IOBA0002087: HTTPSConnectionPool(host='ifsc.razorpay.com', port=443): Max retries exceeded with url: /IOBA0002087 (Caused by NameResolutionError("HTTPSConnection(host='ifsc.razorpay.com', port=443): Failed to resolve 'ifsc.razorpay.com' ([Errno 11001] getaddrinfo failed)"))
2026-01-27 12:39:59,887 - __main__ - ERROR - Error fetching state for SBIN0004612: HTTPSConnectionPool(host='ifsc.razorpay.com', port=443): Max retries exceeded with url: /SBIN0004612 (Caused by NameResolutionError("HTTPSConnection(host='ifsc.razorpay.com', port=443): Failed to resolve 'ifsc.razorpay.com' ([Errno 11001] getaddrinfo failed)"))
2026-01-27 12:39:59,889 - __main__ - ERROR - Error fetching state for HDFC0000240: HTTPSConnectionPool(host='ifsc.razorpay.com', port=443): Max retries exceeded with url: /HDFC0000240 (Caused by NameResolutionError("HTTPSConnection(host='ifsc.razorpay.com', port=443): Failed to resolve 'ifsc.razorpay.com' ([Errno 11001] getaddrinfo failed)"))
2026-01-27 12:39:59,903 - __main__ - ERROR - Error fetching state for CNRB0003412: HTTPSConnectionPool(host='ifsc.razorpay.com', port=443): Max retries exceeded with url: /CNRB0003412 (Caused by NameResolutionError("HTTPSConnection(host='ifsc.razorpay.com', port=443): Failed to resolve 'ifsc.razorpay.com' ([Errno 11001] getaddrinfo failed)"))
2026-01-27 12:39:59,918 - __main__ - ERROR - Error fetching state for IDIB000D078: HTTPSConnectionPool(host='ifsc.razorpay.com', port=443): Max retries exceeded with url: /IDIB000D078 (Caused by NameResolutionError("HTTPSConnection(host='ifsc.razorpay.com', port=443): Failed to resolve 'ifsc.razorpay.com' ([Errno 11001] getaddrinfo failed)"))
2026-01-27 12:39:59,919 - __main__ - ERROR - Error fetching state for SBIN0000456: HTTPSConnectionPool(host='ifsc.razorpay.com', port=443): Max retries exceeded with url: /SBIN0000456 (Caused by NameResolutionError("HTTPSConnection(host='ifsc.razorpay.com', port=443): Failed to resolve 'ifsc.razorpay.com' ([Errno 11001] getaddrinfo failed)"))
2026-01-27 12:39:59,926 - __main__ - ERROR - Error fetching state for UCBA0001051: HTTPSConnectionPool(host='ifsc.razorpay.com', port=443): Max retries exceeded with url: /UCBA0001051 (Caused by NameResolutionError("HTTPSConnection(host='ifsc.razorpay.com', port=443): Failed to resolve 'ifsc.razorpay.com' ([Errno 11001] getaddrinfo failed)"))
2026-01-27 12:39:59,930 - __main__ - ERROR - Error fetching state for KKBK0008372: HTTPSConnectionPool(host='ifsc.razorpay.com', port=443): Max retries exceeded with url: /KKBK0008372 (Caused by NameResolutionError("HTTPSConnection(host='ifsc.razorpay.com', port=443): Failed to resolve 'ifsc.razorpay.com' ([Errno 11001] getaddrinfo failed)"))
2026-01-27 12:39:59,944 - __main__ - ERROR - Error fetching state for UCBA0003515: HTTPSConnectionPool(host='ifsc.razorpay.com', port=443): Max retries exceeded with url: /UCBA0003515 (Caused by NameResolutionError("HTTPSConnection(host='ifsc.razorpay.com', port=443): Failed to resolve 'ifsc.razorpay.com' ([Errno 11001] getaddrinfo failed)"))
2026-01-27 12:39:59,953 - __main__ - ERROR - Error fetching state for UJVN0003604: HTTPSConnectionPool(host='ifsc.razorpay.com', port=443): Max retries exceeded with url: /UJVN0003604 (Caused by NameResolutionError("HTTPSConnection(host='ifsc.razorpay.com', port=443): Failed to resolve 'ifsc.razorpay.com' ([Errno 11001] getaddrinfo failed)"))
2026-01-27 12:39:59,954 - __main__ - ERROR - Error fetching state for SBIN0009684: HTTPSConnectionPool(host='ifsc.razorpay.com', port=443): Max retries exceeded with url: /SBIN0009684 (Caused by NameResolutionError("HTTPSConnection(host='ifsc.razorpay.com', port=443): Failed to resolve 'ifsc.razorpay.com' ([Errno 11001] getaddrinfo failed)"))
2026-01-27 12:39:59,970 - __main__ - ERROR - Error fetching state for SBIN0010686: HTTPSConnectionPool(host='ifsc.razorpay.com', port=443): Max retries exceeded with url: /SBIN0010686 (Caused by NameResolutionError("HTTPSConnection(host='ifsc.razorpay.com', port=443): Failed to resolve 'ifsc.razorpay.com' ([Errno 11001] getaddrinfo failed)"))
2026-01-27 12:39:59,987 - __main__ - ERROR - Error fetching state for UBIN0531723: HTTPSConnectionPool(host='ifsc.razorpay.com', port=443): Max retries exceeded with url: /UBIN0531723 (Caused by NameResolutionError("HTTPSConnection(host='ifsc.razorpay.com', port=443): Failed to resolve 'ifsc.razorpay.com' ([Errno 11001] getaddrinfo failed)"))
2026-01-27 12:39:59,988 - __main__ - ERROR - Error fetching state for CNRB0003412: HTTPSConnectionPool(host='ifsc.razorpay.com', port=443): Max retries exceeded with url: /CNRB0003412 (Caused by NameResolutionError("HTTPSConnection(host='ifsc.razorpay.com', port=443): Failed to resolve 'ifsc.razorpay.com' ([Errno 11001] getaddrinfo failed)"))
2026-01-27 12:39:59,995 - __main__ - ERROR - Error fetching state for SBIN0020135: HTTPSConnectionPool(host='ifsc.razorpay.com', port=443): Max retries exceeded with url: /SBIN0020135 (Caused by NameResolutionError("HTTPSConnection(host='ifsc.razorpay.com', port=443): Failed to resolve 'ifsc.razorpay.com' ([Errno 11001] getaddrinfo failed)"))
2026-01-27 12:40:00,009 - __main__ - ERROR - Error fetching state for SBIN0000456: HTTPSConnectionPool(host='ifsc.razorpay.com', port=443): Max retries exceeded with url: /SBIN0000456 (Caused by NameResolutionError("HTTPSConnection(host='ifsc.razorpay.com', port=443): Failed to resolve 'ifsc.razorpay.com' ([Errno 11001] getaddrinfo failed)"))
2026-01-27 12:40:00,018 - __main__ - ERROR - Error fetching state for KKBK0008372: HTTPSConnectionPool(host='ifsc.razorpay.com', port=443): Max retries exceeded with url: /KKBK0008372 (Caused by NameResolutionError("HTTPSConnection(host='ifsc.razorpay.com', port=443): Failed to resolve 'ifsc.razorpay.com' ([Errno 11001] getaddrinfo failed)"))
2026-01-27 12:40:00,046 - __main__ - ERROR - Error fetching state for IOBA0000498: HTTPSConnectionPool(host='ifsc.razorpay.com', port=443): Max retries exceeded with url: /IOBA0000498 (Caused by NameResolutionError("HTTPSConnection(host='ifsc.razorpay.com', port=443): Failed to resolve 'ifsc.razorpay.com' ([Errno 11001] getaddrinfo failed)"))
2026-01-27 12:40:00,047 - __main__ - ERROR - Error fetching state for INDB0001621: HTTPSConnectionPool(host='ifsc.razorpay.com', port=443): Max retries exceeded with url: /INDB0001621 (Caused by NameResolutionError("HTTPSConnection(host='ifsc.razorpay.com', port=443): Failed to resolve 'ifsc.razorpay.com' ([Errno 11001] getaddrinfo failed)"))
2026-01-27 12:40:00,064 - __main__ - ERROR - Error fetching state for SBIN0009684: HTTPSConnectionPool(host='ifsc.razorpay.com', port=443): Max retries exceeded with url: /SBIN0009684 (Caused by NameResolutionError("HTTPSConnection(host='ifsc.razorpay.com', port=443): Failed to resolve 'ifsc.razorpay.com' ([Errno 11001] getaddrinfo failed)"))
2026-01-27 12:40:00,085 - __main__ - ERROR - Error fetching state for SBIN0010686: HTTPSConnectionPool(host='ifsc.razorpay.com', port=443): Max retries exceeded with url: /SBIN0010686 (Caused by NameResolutionError("HTTPSConnection(host='ifsc.razorpay.com', port=443): Failed to resolve 'ifsc.razorpay.com' ([Errno 11001] getaddrinfo failed)"))
2026-01-27 12:40:00,086 - __main__ - ERROR - Error fetching state for UBIN0531723: HTTPSConnectionPool(host='ifsc.razorpay.com', port=443): Max retries exceeded with url: /UBIN0531723 (Caused by NameResolutionError("HTTPSConnection(host='ifsc.razorpay.com', port=443): Failed to resolve 'ifsc.razorpay.com' ([Errno 11001] getaddrinfo failed)"))
2026-01-27 12:40:00,087 - __main__ - ERROR - Error fetching state for UJVN0003604: HTTPSConnectionPool(host='ifsc.razorpay.com', port=443): Max retries exceeded with url: /UJVN0003604 (Caused by NameResolutionError("HTTPSConnection(host='ifsc.razorpay.com', port=443): Failed to resolve 'ifsc.razorpay.com' ([Errno 11001] getaddrinfo failed)"))
2026-01-27 12:40:00,104 - __main__ - ERROR - Error fetching state for CNRB0004787: HTTPSConnectionPool(host='ifsc.razorpay.com', port=443): Max retries exceeded with url: /CNRB0004787 (Caused by NameResolutionError("HTTPSConnection(host='ifsc.razorpay.com', port=443): Failed to resolve 'ifsc.razorpay.com' ([Errno 11001] getaddrinfo failed)"))
2026-01-27 12:40:00,111 - __main__ - ERROR - Error fetching state for SBIN0020135: HTTPSConnectionPool(host='ifsc.razorpay.com', port=443): Max retries exceeded with url: /SBIN0020135 (Caused by NameResolutionError("HTTPSConnection(host='ifsc.razorpay.com', port=443): Failed to resolve 'ifsc.razorpay.com' ([Errno 11001] getaddrinfo failed)"))
2026-01-27 12:40:00,111 - __main__ - ERROR - Error fetching state for BKID0000198: HTTPSConnectionPool(host='ifsc.razorpay.com', port=443): Max retries exceeded with url: /BKID0000198 (Caused by NameResolutionError("HTTPSConnection(host='ifsc.razorpay.com', port=443): Failed to resolve 'ifsc.razorpay.com' ([Errno 11001] getaddrinfo failed)"))
2026-01-27 12:40:00,134 - __main__ - ERROR - Error fetching state for IOBA0000498: HTTPSConnectionPool(host='ifsc.razorpay.com', port=443): Max retries exceeded with url: /IOBA0000498 (Caused by NameResolutionError("HTTPSConnection(host='ifsc.razorpay.com', port=443): Failed to resolve 'ifsc.razorpay.com' ([Errno 11001] getaddrinfo failed)"))
2026-01-27 12:40:00,136 - __main__ - ERROR - Error fetching state for HDFC0000001: HTTPSConnectionPool(host='ifsc.razorpay.com', port=443): Max retries exceeded with url: /HDFC0000001 (Caused by NameResolutionError("HTTPSConnection(host='ifsc.razorpay.com', port=443): Failed to resolve 'ifsc.razorpay.com' ([Errno 11001] getaddrinfo failed)"))
2026-01-27 12:40:00,139 - __main__ - ERROR - Error fetching state for ICIC0002453: HTTPSConnectionPool(host='ifsc.razorpay.com', port=443): Max retries exceeded with url: /ICIC0002453 (Caused by NameResolutionError("HTTPSConnection(host='ifsc.razorpay.com', port=443): Failed to resolve 'ifsc.razorpay.com' ([Errno 11001] getaddrinfo failed)"))
2026-01-27 12:40:00,147 - __main__ - ERROR - Error fetching state for INDB0001621: HTTPSConnectionPool(host='ifsc.razorpay.com', port=443): Max retries exceeded with url: /INDB0001621 (Caused by NameResolutionError("HTTPSConnection(host='ifsc.razorpay.com', port=443): Failed to resolve 'ifsc.razorpay.com' ([Errno 11001] getaddrinfo failed)"))
2026-01-27 12:40:00,153 - __main__ - ERROR - Error fetching state for IOBA0002946: HTTPSConnectionPool(host='ifsc.razorpay.com', port=443): Max retries exceeded with url: /IOBA0002946 (Caused by NameResolutionError("HTTPSConnection(host='ifsc.razorpay.com', port=443): Failed to resolve 'ifsc.razorpay.com' ([Errno 11001] getaddrinfo failed)"))
2026-01-27 12:40:00,157 - __main__ - ERROR - Error fetching state for BARB0PAKHAR: HTTPSConnectionPool(host='ifsc.razorpay.com', port=443): Max retries exceeded with url: /BARB0PAKHAR (Caused by NameResolutionError("HTTPSConnection(host='ifsc.razorpay.com', port=443): Failed to resolve 'ifsc.razorpay.com' ([Errno 11001] getaddrinfo failed)"))
2026-01-27 12:40:00,159 - __main__ - ERROR - Error fetching state for IDIB000S181: HTTPSConnectionPool(host='ifsc.razorpay.com', port=443): Max retries exceeded with url: /IDIB000S181 (Caused by NameResolutionError("HTTPSConnection(host='ifsc.razorpay.com', port=443): Failed to resolve 'ifsc.razorpay.com' ([Errno 11001] getaddrinfo failed)"))
2026-01-27 12:40:00,166 - __main__ - ERROR - Error fetching state for CNRB0004787: HTTPSConnectionPool(host='ifsc.razorpay.com', port=443): Max retries exceeded with url: /CNRB0004787 (Caused by NameResolutionError("HTTPSConnection(host='ifsc.razorpay.com', port=443): Failed to resolve 'ifsc.razorpay.com' ([Errno 11001] getaddrinfo failed)"))
2026-01-27 12:40:00,170 - __main__ - ERROR - Error fetching state for SBIN0002391: HTTPSConnectionPool(host='ifsc.razorpay.com', port=443): Max retries exceeded with url: /SBIN0002391 (Caused by NameResolutionError("HTTPSConnection(host='ifsc.razorpay.com', port=443): Failed to resolve 'ifsc.razorpay.com' ([Errno 11001] getaddrinfo failed)"))
2026-01-27 12:40:00,178 - __main__ - ERROR - Error fetching state for BKID0000198: HTTPSConnectionPool(host='ifsc.razorpay.com', port=443): Max retries exceeded with url: /BKID0000198 (Caused by NameResolutionError("HTTPSConnection(host='ifsc.razorpay.com', port=443): Failed to resolve 'ifsc.razorpay.com' ([Errno 11001] getaddrinfo failed)"))
2026-01-27 12:40:00,185 - __main__ - ERROR - Error fetching state for HDFC0000001: HTTPSConnectionPool(host='ifsc.razorpay.com', port=443): Max retries exceeded with url: /HDFC0000001 (Caused by NameResolutionError("HTTPSConnection(host='ifsc.razorpay.com', port=443): Failed to resolve 'ifsc.razorpay.com' ([Errno 11001] getaddrinfo failed)"))
2026-01-27 12:40:00,196 - __main__ - ERROR - Error fetching state for HDFC0000954: HTTPSConnectionPool(host='ifsc.razorpay.com', port=443): Max retries exceeded with url: /HDFC0000954 (Caused by NameResolutionError("HTTPSConnection(host='ifsc.razorpay.com', port=443): Failed to resolve 'ifsc.razorpay.com' ([Errno 11001] getaddrinfo failed)"))
2026-01-27 12:40:00,204 - __main__ - ERROR - Error fetching state for ICIC0002453: HTTPSConnectionPool(host='ifsc.razorpay.com', port=443): Max retries exceeded with url: /ICIC0002453 (Caused by NameResolutionError("HTTPSConnection(host='ifsc.razorpay.com', port=443): Failed to resolve 'ifsc.razorpay.com' ([Errno 11001] getaddrinfo failed)"))
2026-01-27 12:40:00,205 - __main__ - ERROR - Error fetching state for INDB0002074: HTTPSConnectionPool(host='ifsc.razorpay.com', port=443): Max retries exceeded with url: /INDB0002074 (Caused by NameResolutionError("HTTPSConnection(host='ifsc.razorpay.com', port=443): Failed to resolve 'ifsc.razorpay.com' ([Errno 11001] getaddrinfo failed)"))
2026-01-27 12:40:00,210 - __main__ - ERROR - Error fetching state for IOBA0002946: HTTPSConnectionPool(host='ifsc.razorpay.com', port=443): Max retries exceeded with url: /IOBA0002946 (Caused by NameResolutionError("HTTPSConnection(host='ifsc.razorpay.com', port=443): Failed to resolve 'ifsc.razorpay.com' ([Errno 11001] getaddrinfo failed)"))
2026-01-27 12:40:00,216 - __main__ - ERROR - Error fetching state for IDIB000S181: HTTPSConnectionPool(host='ifsc.razorpay.com', port=443): Max retries exceeded with url: /IDIB000S181 (Caused by NameResolutionError("HTTPSConnection(host='ifsc.razorpay.com', port=443): Failed to resolve 'ifsc.razorpay.com' ([Errno 11001] getaddrinfo failed)"))
2026-01-27 12:40:00,223 - __main__ - ERROR - Error fetching state for BARB0PAKHAR: HTTPSConnectionPool(host='ifsc.razorpay.com', port=443): Max retries exceeded with url: /BARB0PAKHAR (Caused by NameResolutionError("HTTPSConnection(host='ifsc.razorpay.com', port=443): Failed to resolve 'ifsc.razorpay.com' ([Errno 11001] getaddrinfo failed)"))
2026-01-27 12:40:00,239 - __main__ - ERROR - Error fetching state for RATN0000189: HTTPSConnectionPool(host='ifsc.razorpay.com', port=443): Max retries exceeded with url: /RATN0000189 (Caused by NameResolutionError("HTTPSConnection(host='ifsc.razorpay.com', port=443): Failed to resolve 'ifsc.razorpay.com' ([Errno 11001] getaddrinfo failed)"))
2026-01-27 12:40:00,249 - __main__ - ERROR - Error fetching state for SBIN0002391: HTTPSConnectionPool(host='ifsc.razorpay.com', port=443): Max retries exceeded with url: /SBIN0002391 (Caused by NameResolutionError("HTTPSConnection(host='ifsc.razorpay.com', port=443): Failed to resolve 'ifsc.razorpay.com' ([Errno 11001] getaddrinfo failed)"))
2026-01-27 12:40:00,250 - __main__ - ERROR - Error fetching state for SBIN0000162: HTTPSConnectionPool(host='ifsc.razorpay.com', port=443): Max retries exceeded with url: /SBIN0000162 (Caused by NameResolutionError("HTTPSConnection(host='ifsc.razorpay.com', port=443): Failed to resolve 'ifsc.razorpay.com' ([Errno 11001] getaddrinfo failed)"))
2026-01-27 12:40:00,269 - __main__ - ERROR - Error fetching state for HDFC0000954: HTTPSConnectionPool(host='ifsc.razorpay.com', port=443): Max retries exceeded with url: /HDFC0000954 (Caused by NameResolutionError("HTTPSConnection(host='ifsc.razorpay.com', port=443): Failed to resolve 'ifsc.razorpay.com' ([Errno 11001] getaddrinfo failed)"))
2026-01-27 12:40:00,272 - __main__ - ERROR - Error fetching state for RATN0000241: HTTPSConnectionPool(host='ifsc.razorpay.com', port=443): Max retries exceeded with url: /RATN0000241 (Caused by NameResolutionError("HTTPSConnection(host='ifsc.razorpay.com', port=443): Failed to resolve 'ifsc.razorpay.com' ([Errno 11001] getaddrinfo failed)"))
2026-01-27 12:40:00,273 - __main__ - ERROR - Error fetching state for INDB0002074: HTTPSConnectionPool(host='ifsc.razorpay.com', port=443): Max retries exceeded with url: /INDB0002074 (Caused by NameResolutionError("HTTPSConnection(host='ifsc.razorpay.com', port=443): Failed to resolve 'ifsc.razorpay.com' ([Errno 11001] getaddrinfo failed)"))
2026-01-27 12:40:00,277 - __main__ - ERROR - Error fetching state for YESB0000015: HTTPSConnectionPool(host='ifsc.razorpay.com', port=443): Max retries exceeded with url: /YESB0000015 (Caused by NameResolutionError("HTTPSConnection(host='ifsc.razorpay.com', port=443): Failed to resolve 'ifsc.razorpay.com' ([Errno 11001] getaddrinfo failed)"))
2026-01-27 12:40:00,278 - __main__ - ERROR - Error fetching state for CNRB0016250: HTTPSConnectionPool(host='ifsc.razorpay.com', port=443): Max retries exceeded with url: /CNRB0016250 (Caused by NameResolutionError("HTTPSConnection(host='ifsc.razorpay.com', port=443): Failed to resolve 'ifsc.razorpay.com' ([Errno 11001] getaddrinfo failed)"))
2026-01-27 12:40:00,284 - __main__ - ERROR - Error fetching state for UTIB0004835: HTTPSConnectionPool(host='ifsc.razorpay.com', port=443): Max retries exceeded with url: /UTIB0004835 (Caused by NameResolutionError("HTTPSConnection(host='ifsc.razorpay.com', port=443): Failed to resolve 'ifsc.razorpay.com' ([Errno 11001] getaddrinfo failed)"))
2026-01-27 12:40:00,305 - __main__ - ERROR - Error fetching state for SBIN0005807: HTTPSConnectionPool(host='ifsc.razorpay.com', port=443): Max retries exceeded with url: /SBIN0005807 (Caused by NameResolutionError("HTTPSConnection(host='ifsc.razorpay.com', port=443): Failed to resolve 'ifsc.razorpay.com' ([Errno 11001] getaddrinfo failed)"))
2026-01-27 12:40:00,316 - __main__ - ERROR - Error fetching state for RATN0000189: HTTPSConnectionPool(host='ifsc.razorpay.com', port=443): Max retries exceeded with url: /RATN0000189 (Caused by NameResolutionError("HTTPSConnection(host='ifsc.razorpay.com', port=443): Failed to resolve 'ifsc.razorpay.com' ([Errno 11001] getaddrinfo failed)"))
2026-01-27 12:40:00,321 - __main__ - ERROR - Error fetching state for PUNB0124700: HTTPSConnectionPool(host='ifsc.razorpay.com', port=443): Max retries exceeded with url: /PUNB0124700 (Caused by NameResolutionError("HTTPSConnection(host='ifsc.razorpay.com', port=443): Failed to resolve 'ifsc.razorpay.com' ([Errno 11001] getaddrinfo failed)"))
2026-01-27 12:40:00,333 - __main__ - ERROR - Error fetching state for SBIN0000162: HTTPSConnectionPool(host='ifsc.razorpay.com', port=443): Max retries exceeded with url: /SBIN0000162 (Caused by NameResolutionError("HTTPSConnection(host='ifsc.razorpay.com', port=443): Failed to resolve 'ifsc.razorpay.com' ([Errno 11001] getaddrinfo failed)"))
2026-01-27 12:40:00,342 - __main__ - ERROR - Error fetching state for YESB0000015: HTTPSConnectionPool(host='ifsc.razorpay.com', port=443): Max retries exceeded with url: /YESB0000015 (Caused by NameResolutionError("HTTPSConnection(host='ifsc.razorpay.com', port=443): Failed to resolve 'ifsc.razorpay.com' ([Errno 11001] getaddrinfo failed)"))
2026-01-27 12:40:00,348 - __main__ - ERROR - Error fetching state for RATN0000241: HTTPSConnectionPool(host='ifsc.razorpay.com', port=443): Max retries exceeded with url: /RATN0000241 (Caused by NameResolutionError("HTTPSConnection(host='ifsc.razorpay.com', port=443): Failed to resolve 'ifsc.razorpay.com' ([Errno 11001] getaddrinfo failed)"))
2026-01-27 12:40:00,377 - __main__ - ERROR - Error fetching state for HDFC0000318: HTTPSConnectionPool(host='ifsc.razorpay.com', port=443): Max retries exceeded with url: /HDFC0000318 (Caused by NameResolutionError("HTTPSConnection(host='ifsc.razorpay.com', port=443): Failed to resolve 'ifsc.razorpay.com' ([Errno 11001] getaddrinfo failed)"))
2026-01-27 12:40:00,387 - __main__ - ERROR - Error fetching state for HDFC0002556: HTTPSConnectionPool(host='ifsc.razorpay.com', port=443): Max retries exceeded with url: /HDFC0002556 (Caused by NameResolutionError("HTTPSConnection(host='ifsc.razorpay.com', port=443): Failed to resolve 'ifsc.razorpay.com' ([Errno 11001] getaddrinfo failed)"))
2026-01-27 12:40:00,389 - __main__ - ERROR - Error fetching state for UTIB0004835: HTTPSConnectionPool(host='ifsc.razorpay.com', port=443): Max retries exceeded with url: /UTIB0004835 (Caused by NameResolutionError("HTTPSConnection(host='ifsc.razorpay.com', port=443): Failed to resolve 'ifsc.razorpay.com' ([Errno 11001] getaddrinfo failed)"))
2026-01-27 12:40:00,389 - __main__ - ERROR - Error fetching state for CNRB0016250: HTTPSConnectionPool(host='ifsc.razorpay.com', port=443): Max retries exceeded with url: /CNRB0016250 (Caused by NameResolutionError("HTTPSConnection(host='ifsc.razorpay.com', port=443): Failed to resolve 'ifsc.razorpay.com' ([Errno 11001] getaddrinfo failed)"))
2026-01-27 12:40:00,403 - __main__ - ERROR - Error fetching state for SBIN0005807: HTTPSConnectionPool(host='ifsc.razorpay.com', port=443): Max retries exceeded with url: /SBIN0005807 (Caused by NameResolutionError("HTTPSConnection(host='ifsc.razorpay.com', port=443): Failed to resolve 'ifsc.razorpay.com' ([Errno 11001] getaddrinfo failed)"))
2026-01-27 12:40:00,415 - __main__ - ERROR - Error fetching state for CNRB0004077: HTTPSConnectionPool(host='ifsc.razorpay.com', port=443): Max retries exceeded with url: /CNRB0004077 (Caused by NameResolutionError("HTTPSConnection(host='ifsc.razorpay.com', port=443): Failed to resolve 'ifsc.razorpay.com' ([Errno 11001] getaddrinfo failed)"))
2026-01-27 12:40:00,417 - __main__ - ERROR - Error fetching state for PUNB0124700: HTTPSConnectionPool(host='ifsc.razorpay.com', port=443): Max retries exceeded with url: /PUNB0124700 (Caused by NameResolutionError("HTTPSConnection(host='ifsc.razorpay.com', port=443): Failed to resolve 'ifsc.razorpay.com' ([Errno 11001] getaddrinfo failed)"))
2026-01-27 12:40:00,421 - __main__ - ERROR - Error fetching state for KKBK0007469: HTTPSConnectionPool(host='ifsc.razorpay.com', port=443): Max retries exceeded with url: /KKBK0007469 (Caused by NameResolutionError("HTTPSConnection(host='ifsc.razorpay.com', port=443): Failed to resolve 'ifsc.razorpay.com' ([Errno 11001] getaddrinfo failed)"))
2026-01-27 12:40:00,433 - __main__ - ERROR - Error fetching state for HDFC0000318: HTTPSConnectionPool(host='ifsc.razorpay.com', port=443): Max retries exceeded with url: /HDFC0000318 (Caused by NameResolutionError("HTTPSConnection(host='ifsc.razorpay.com', port=443): Failed to resolve 'ifsc.razorpay.com' ([Errno 11001] getaddrinfo failed)"))
2026-01-27 12:40:00,444 - __main__ - ERROR - Error fetching state for HDFC0002556: HTTPSConnectionPool(host='ifsc.razorpay.com', port=443): Max retries exceeded with url: /HDFC0002556 (Caused by NameResolutionError("HTTPSConnection(host='ifsc.razorpay.com', port=443): Failed to resolve 'ifsc.razorpay.com' ([Errno 11001] getaddrinfo failed)"))
2026-01-27 12:40:00,445 - __main__ - ERROR - Error fetching state for CNRB0003487: HTTPSConnectionPool(host='ifsc.razorpay.com', port=443): Max retries exceeded with url: /CNRB0003487 (Caused by NameResolutionError("HTTPSConnection(host='ifsc.razorpay.com', port=443): Failed to resolve 'ifsc.razorpay.com' ([Errno 11001] getaddrinfo failed)"))
2026-01-27 12:40:00,453 - __main__ - ERROR - Error fetching state for SBIN0012665: HTTPSConnectionPool(host='ifsc.razorpay.com', port=443): Max retries exceeded with url: /SBIN0012665 (Caused by NameResolutionError("HTTPSConnection(host='ifsc.razorpay.com', port=443): Failed to resolve 'ifsc.razorpay.com' ([Errno 11001] getaddrinfo failed)"))
2026-01-27 12:40:00,467 - __main__ - ERROR - Error fetching state for CNRB0010463: HTTPSConnectionPool(host='ifsc.razorpay.com', port=443): Max retries exceeded with url: /CNRB0010463 (Caused by NameResolutionError("HTTPSConnection(host='ifsc.razorpay.com', port=443): Failed to resolve 'ifsc.razorpay.com' ([Errno 11001] getaddrinfo failed)"))
2026-01-27 12:40:00,468 - __main__ - ERROR - Error fetching state for CNRB0004959: HTTPSConnectionPool(host='ifsc.razorpay.com', port=443): Max retries exceeded with url: /CNRB0004959 (Caused by NameResolutionError("HTTPSConnection(host='ifsc.razorpay.com', port=443): Failed to resolve 'ifsc.razorpay.com' ([Errno 11001] getaddrinfo failed)"))
2026-01-27 12:40:00,470 - __main__ - ERROR - Error fetching state for KKBK0007469: HTTPSConnectionPool(host='ifsc.razorpay.com', port=443): Max retries exceeded with url: /KKBK0007469 (Caused by NameResolutionError("HTTPSConnection(host='ifsc.razorpay.com', port=443): Failed to resolve 'ifsc.razorpay.com' ([Errno 11001] getaddrinfo failed)"))
2026-01-27 12:40:00,667 - __main__ - ERROR - Error fetching state for UCBA0000373: HTTPSConnectionPool(host='ifsc.razorpay.com', port=443): Max retries exceeded with url: /UCBA0000373 (Caused by NameResolutionError("HTTPSConnection(host='ifsc.razorpay.com', port=443): Failed to resolve 'ifsc.razorpay.com' ([Errno 11001] getaddrinfo failed)"))
2026-01-27 12:40:00,672 - __main__ - ERROR - Error fetching state for SBIN0017162: HTTPSConnectionPool(host='ifsc.razorpay.com', port=443): Max retries exceeded with url: /SBIN0017162 (Caused by NameResolutionError("HTTPSConnection(host='ifsc.razorpay.com', port=443): Failed to resolve 'ifsc.razorpay.com' ([Errno 11001] getaddrinfo failed)"))
2026-01-27 12:40:00,679 - __main__ - ERROR - Error fetching state for CNRB0003487: HTTPSConnectionPool(host='ifsc.razorpay.com', port=443): Max retries exceeded with url: /CNRB0003487 (Caused by NameResolutionError("HTTPSConnection(host='ifsc.razorpay.com', port=443): Failed to resolve 'ifsc.razorpay.com' ([Errno 11001] getaddrinfo failed)"))
2026-01-27 12:40:00,684 - __main__ - ERROR - Error fetching state for SBIN0012665: HTTPSConnectionPool(host='ifsc.razorpay.com', port=443): Max retries exceeded with url: /SBIN0012665 (Caused by NameResolutionError("HTTPSConnection(host='ifsc.razorpay.com', port=443): Failed to resolve 'ifsc.razorpay.com' ([Errno 11001] getaddrinfo failed)"))
2026-01-27 12:40:00,691 - __main__ - ERROR - Error fetching state for CNRB0004077: HTTPSConnectionPool(host='ifsc.razorpay.com', port=443): Max retries exceeded with url: /CNRB0004077 (Caused by NameResolutionError("HTTPSConnection(host='ifsc.razorpay.com', port=443): Failed to resolve 'ifsc.razorpay.com' ([Errno 11001] getaddrinfo failed)"))
2026-01-27 12:40:00,706 - __main__ - ERROR - Error fetching state for CNRB0010463: HTTPSConnectionPool(host='ifsc.razorpay.com', port=443): Max retries exceeded with url: /CNRB0010463 (Caused by NameResolutionError("HTTPSConnection(host='ifsc.razorpay.com', port=443): Failed to resolve 'ifsc.razorpay.com' ([Errno 11001] getaddrinfo failed)"))
2026-01-27 12:40:00,706 - __main__ - ERROR - Error fetching state for SBIN0000001: HTTPSConnectionPool(host='ifsc.razorpay.com', port=443): Max retries exceeded with url: /SBIN0000001 (Caused by NameResolutionError("HTTPSConnection(host='ifsc.razorpay.com', port=443): Failed to resolve 'ifsc.razorpay.com' ([Errno 11001] getaddrinfo failed)"))
2026-01-27 12:40:00,709 - __main__ - ERROR - Error fetching state for SBIN0011609: HTTPSConnectionPool(host='ifsc.razorpay.com', port=443): Max retries exceeded with url: /SBIN0011609 (Caused by NameResolutionError("HTTPSConnection(host='ifsc.razorpay.com', port=443): Failed to resolve 'ifsc.razorpay.com' ([Errno 11001] getaddrinfo failed)"))
2026-01-27 12:40:00,718 - __main__ - ERROR - Error fetching state for CNRB0004959: HTTPSConnectionPool(host='ifsc.razorpay.com', port=443): Max retries exceeded with url: /CNRB0004959 (Caused by NameResolutionError("HTTPSConnection(host='ifsc.razorpay.com', port=443): Failed to resolve 'ifsc.razorpay.com' ([Errno 11001] getaddrinfo failed)"))
2026-01-27 12:40:00,722 - __main__ - ERROR - Error fetching state for UBIN0532029: HTTPSConnectionPool(host='ifsc.razorpay.com', port=443): Max retries exceeded with url: /UBIN0532029 (Caused by NameResolutionError("HTTPSConnection(host='ifsc.razorpay.com', port=443): Failed to resolve 'ifsc.razorpay.com' ([Errno 11001] getaddrinfo failed)"))
2026-01-27 12:40:00,726 - __main__ - ERROR - Error fetching state for UCBA0000373: HTTPSConnectionPool(host='ifsc.razorpay.com', port=443): Max retries exceeded with url: /UCBA0000373 (Caused by NameResolutionError("HTTPSConnection(host='ifsc.razorpay.com', port=443): Failed to resolve 'ifsc.razorpay.com' ([Errno 11001] getaddrinfo failed)"))
2026-01-27 12:40:00,732 - __main__ - ERROR - Error fetching state for SBIN0017162: HTTPSConnectionPool(host='ifsc.razorpay.com', port=443): Max retries exceeded with url: /SBIN0017162 (Caused by NameResolutionError("HTTPSConnection(host='ifsc.razorpay.com', port=443): Failed to resolve 'ifsc.razorpay.com' ([Errno 11001] getaddrinfo failed)"))
2026-01-27 12:40:00,745 - __main__ - ERROR - Error fetching state for SBIN0011609: HTTPSConnectionPool(host='ifsc.razorpay.com', port=443): Max retries exceeded with url: /SBIN0011609 (Caused by NameResolutionError("HTTPSConnection(host='ifsc.razorpay.com', port=443): Failed to resolve 'ifsc.razorpay.com' ([Errno 11001] getaddrinfo failed)"))
2026-01-27 12:40:00,742 - __main__ - ERROR - Error fetching state for JAKA0ETHEED: HTTPSConnectionPool(host='ifsc.razorpay.com', port=443): Max retries exceeded with url: /JAKA0ETHEED (Caused by NameResolutionError("HTTPSConnection(host='ifsc.razorpay.com', port=443): Failed to resolve 'ifsc.razorpay.com' ([Errno 11001] getaddrinfo failed)"))
2026-01-27 12:40:00,754 - __main__ - ERROR - Error fetching state for CNRB0013493: HTTPSConnectionPool(host='ifsc.razorpay.com', port=443): Max retries exceeded with url: /CNRB0013493 (Caused by NameResolutionError("HTTPSConnection(host='ifsc.razorpay.com', port=443): Failed to resolve 'ifsc.razorpay.com' ([Errno 11001] getaddrinfo failed)"))
2026-01-27 12:40:00,756 - __main__ - ERROR - Error fetching state for SBIN0000001: HTTPSConnectionPool(host='ifsc.razorpay.com', port=443): Max retries exceeded with url: /SBIN0000001 (Caused by NameResolutionError("HTTPSConnection(host='ifsc.razorpay.com', port=443): Failed to resolve 'ifsc.razorpay.com' ([Errno 11001] getaddrinfo failed)"))
2026-01-27 12:40:00,764 - __main__ - ERROR - Error fetching state for KSBK0001633: HTTPSConnectionPool(host='ifsc.razorpay.com', port=443): Max retries exceeded with url: /KSBK0001633 (Caused by NameResolutionError("HTTPSConnection(host='ifsc.razorpay.com', port=443): Failed to resolve 'ifsc.razorpay.com' ([Errno 11001] getaddrinfo failed)"))
2026-01-27 12:40:00,764 - __main__ - ERROR - Error fetching state for SBIN0003815: HTTPSConnectionPool(host='ifsc.razorpay.com', port=443): Max retries exceeded with url: /SBIN0003815 (Caused by NameResolutionError("HTTPSConnection(host='ifsc.razorpay.com', port=443): Failed to resolve 'ifsc.razorpay.com' ([Errno 11001] getaddrinfo failed)"))
2026-01-27 12:40:00,766 - __main__ - ERROR - Error fetching state for DBSS0IN0291: HTTPSConnectionPool(host='ifsc.razorpay.com', port=443): Max retries exceeded with url: /DBSS0IN0291 (Caused by NameResolutionError("HTTPSConnection(host='ifsc.razorpay.com', port=443): Failed to resolve 'ifsc.razorpay.com' ([Errno 11001] getaddrinfo failed)"))
2026-01-27 12:40:00,773 - __main__ - ERROR - Error fetching state for UBIN0532029: HTTPSConnectionPool(host='ifsc.razorpay.com', port=443): Max retries exceeded with url: /UBIN0532029 (Caused by NameResolutionError("HTTPSConnection(host='ifsc.razorpay.com', port=443): Failed to resolve 'ifsc.razorpay.com' ([Errno 11001] getaddrinfo failed)"))
2026-01-27 12:40:00,782 - __main__ - ERROR - Error fetching state for PUNB0957000: HTTPSConnectionPool(host='ifsc.razorpay.com', port=443): Max retries exceeded with url: /PUNB0957000 (Caused by NameResolutionError("HTTPSConnection(host='ifsc.razorpay.com', port=443): Failed to resolve 'ifsc.razorpay.com' ([Errno 11001] getaddrinfo failed)"))
2026-01-27 12:40:00,788 - __main__ - ERROR - Error fetching state for IDIB000H530: HTTPSConnectionPool(host='ifsc.razorpay.com', port=443): Max retries exceeded with url: /IDIB000H530 (Caused by NameResolutionError("HTTPSConnection(host='ifsc.razorpay.com', port=443): Failed to resolve 'ifsc.razorpay.com' ([Errno 11001] getaddrinfo failed)"))
2026-01-27 12:40:00,801 - __main__ - ERROR - Error fetching state for JAKA0ETHEED: HTTPSConnectionPool(host='ifsc.razorpay.com', port=443): Max retries exceeded with url: /JAKA0ETHEED (Caused by NameResolutionError("HTTPSConnection(host='ifsc.razorpay.com', port=443): Failed to resolve 'ifsc.razorpay.com' ([Errno 11001] getaddrinfo failed)"))
2026-01-27 12:40:00,804 - __main__ - ERROR - Error fetching state for CNRB0013493: HTTPSConnectionPool(host='ifsc.razorpay.com', port=443): Max retries exceeded with url: /CNRB0013493 (Caused by NameResolutionError("HTTPSConnection(host='ifsc.razorpay.com', port=443): Failed to resolve 'ifsc.razorpay.com' ([Errno 11001] getaddrinfo failed)"))
2026-01-27 12:40:00,805 - __main__ - ERROR - Error fetching state for KSBK0001633: HTTPSConnectionPool(host='ifsc.razorpay.com', port=443): Max retries exceeded with url: /KSBK0001633 (Caused by NameResolutionError("HTTPSConnection(host='ifsc.razorpay.com', port=443): Failed to resolve 'ifsc.razorpay.com' ([Errno 11001] getaddrinfo failed)"))
2026-01-27 12:40:00,822 - __main__ - ERROR - Error fetching state for YESB0000277: HTTPSConnectionPool(host='ifsc.razorpay.com', port=443): Max retries exceeded with url: /YESB0000277 (Caused by NameResolutionError("HTTPSConnection(host='ifsc.razorpay.com', port=443): Failed to resolve 'ifsc.razorpay.com' ([Errno 11001] getaddrinfo failed)"))
2026-01-27 12:40:00,837 - __main__ - ERROR - Error fetching state for DBSS0IN0291: HTTPSConnectionPool(host='ifsc.razorpay.com', port=443): Max retries exceeded with url: /DBSS0IN0291 (Caused by NameResolutionError("HTTPSConnection(host='ifsc.razorpay.com', port=443): Failed to resolve 'ifsc.razorpay.com' ([Errno 11001] getaddrinfo failed)"))
2026-01-27 12:40:00,838 - __main__ - ERROR - Error fetching state for SBIN0004893: HTTPSConnectionPool(host='ifsc.razorpay.com', port=443): Max retries exceeded with url: /SBIN0004893 (Caused by NameResolutionError("HTTPSConnection(host='ifsc.razorpay.com', port=443): Failed to resolve 'ifsc.razorpay.com' ([Errno 11001] getaddrinfo failed)"))
2026-01-27 12:40:00,853 - __main__ - ERROR - Error fetching state for SBIN0003815: HTTPSConnectionPool(host='ifsc.razorpay.com', port=443): Max retries exceeded with url: /SBIN0003815 (Caused by NameResolutionError("HTTPSConnection(host='ifsc.razorpay.com', port=443): Failed to resolve 'ifsc.razorpay.com' ([Errno 11001] getaddrinfo failed)"))
2026-01-27 12:40:00,854 - __main__ - ERROR - Error fetching state for SBIN0031441: HTTPSConnectionPool(host='ifsc.razorpay.com', port=443): Max retries exceeded with url: /SBIN0031441 (Caused by NameResolutionError("HTTPSConnection(host='ifsc.razorpay.com', port=443): Failed to resolve 'ifsc.razorpay.com' ([Errno 11001] getaddrinfo failed)"))
2026-01-27 12:40:00,865 - __main__ - ERROR - Error fetching state for YESB0000277: HTTPSConnectionPool(host='ifsc.razorpay.com', port=443): Max retries exceeded with url: /YESB0000277 (Caused by NameResolutionError("HTTPSConnection(host='ifsc.razorpay.com', port=443): Failed to resolve 'ifsc.razorpay.com' ([Errno 11001] getaddrinfo failed)"))
2026-01-27 12:40:00,866 - __main__ - ERROR - Error fetching state for PUNB0957000: HTTPSConnectionPool(host='ifsc.razorpay.com', port=443): Max retries exceeded with url: /PUNB0957000 (Caused by NameResolutionError("HTTPSConnection(host='ifsc.razorpay.com', port=443): Failed to resolve 'ifsc.razorpay.com' ([Errno 11001] getaddrinfo failed)"))
2026-01-27 12:40:00,867 - __main__ - ERROR - Error fetching state for IDIB000H530: HTTPSConnectionPool(host='ifsc.razorpay.com', port=443): Max retries exceeded with url: /IDIB000H530 (Caused by NameResolutionError("HTTPSConnection(host='ifsc.razorpay.com', port=443): Failed to resolve 'ifsc.razorpay.com' ([Errno 11001] getaddrinfo failed)"))
2026-01-27 12:40:00,877 - __main__ - ERROR - Error fetching state for IDIB000B776: HTTPSConnectionPool(host='ifsc.razorpay.com', port=443): Max retries exceeded with url: /IDIB000B776 (Caused by NameResolutionError("HTTPSConnection(host='ifsc.razorpay.com', port=443): Failed to resolve 'ifsc.razorpay.com' ([Errno 11001] getaddrinfo failed)"))
2026-01-27 12:40:00,886 - __main__ - ERROR - Error fetching state for SBIN0031599: HTTPSConnectionPool(host='ifsc.razorpay.com', port=443): Max retries exceeded with url: /SBIN0031599 (Caused by NameResolutionError("HTTPSConnection(host='ifsc.razorpay.com', port=443): Failed to resolve 'ifsc.razorpay.com' ([Errno 11001] getaddrinfo failed)"))
2026-01-27 12:40:00,889 - __main__ - ERROR - Error fetching state for SBIN0004893: HTTPSConnectionPool(host='ifsc.razorpay.com', port=443): Max retries exceeded with url: /SBIN0004893 (Caused by NameResolutionError("HTTPSConnection(host='ifsc.razorpay.com', port=443): Failed to resolve 'ifsc.razorpay.com' ([Errno 11001] getaddrinfo failed)"))
2026-01-27 12:40:00,895 - __main__ - ERROR - Error fetching state for IOBA0003523: HTTPSConnectionPool(host='ifsc.razorpay.com', port=443): Max retries exceeded with url: /IOBA0003523 (Caused by NameResolutionError("HTTPSConnection(host='ifsc.razorpay.com', port=443): Failed to resolve 'ifsc.razorpay.com' ([Errno 11001] getaddrinfo failed)"))
2026-01-27 12:40:00,895 - __main__ - ERROR - Error fetching state for BKID0004850: HTTPSConnectionPool(host='ifsc.razorpay.com', port=443): Max retries exceeded with url: /BKID0004850 (Caused by NameResolutionError("HTTPSConnection(host='ifsc.razorpay.com', port=443): Failed to resolve 'ifsc.razorpay.com' ([Errno 11001] getaddrinfo failed)"))
2026-01-27 12:40:00,906 - __main__ - ERROR - Error fetching state for SBIN0031441: HTTPSConnectionPool(host='ifsc.razorpay.com', port=443): Max retries exceeded with url: /SBIN0031441 (Caused by NameResolutionError("HTTPSConnection(host='ifsc.razorpay.com', port=443): Failed to resolve 'ifsc.razorpay.com' ([Errno 11001] getaddrinfo failed)"))
2026-01-27 12:40:00,911 - __main__ - ERROR - Error fetching state for BARB0LODIPU: HTTPSConnectionPool(host='ifsc.razorpay.com', port=443): Max retries exceeded with url: /BARB0LODIPU (Caused by NameResolutionError("HTTPSConnection(host='ifsc.razorpay.com', port=443): Failed to resolve 'ifsc.razorpay.com' ([Errno 11001] getaddrinfo failed)"))
2026-01-27 12:40:00,919 - __main__ - ERROR - Error fetching state for UBIN0569488: HTTPSConnectionPool(host='ifsc.razorpay.com', port=443): Max retries exceeded with url: /UBIN0569488 (Caused by NameResolutionError("HTTPSConnection(host='ifsc.razorpay.com', port=443): Failed to resolve 'ifsc.razorpay.com' ([Errno 11001] getaddrinfo failed)"))
2026-01-27 12:40:00,920 - __main__ - ERROR - Error fetching state for SBIN0031599: HTTPSConnectionPool(host='ifsc.razorpay.com', port=443): Max retries exceeded with url: /SBIN0031599 (Caused by NameResolutionError("HTTPSConnection(host='ifsc.razorpay.com', port=443): Failed to resolve 'ifsc.razorpay.com' ([Errno 11001] getaddrinfo failed)"))
2026-01-27 12:40:00,924 - __main__ - ERROR - Error fetching state for BKID0006250: HTTPSConnectionPool(host='ifsc.razorpay.com', port=443): Max retries exceeded with url: /BKID0006250 (Caused by NameResolutionError("HTTPSConnection(host='ifsc.razorpay.com', port=443): Failed to resolve 'ifsc.razorpay.com' ([Errno 11001] getaddrinfo failed)"))
2026-01-27 12:40:00,931 - __main__ - ERROR - Error fetching state for IDIB000B776: HTTPSConnectionPool(host='ifsc.razorpay.com', port=443): Max retries exceeded with url: /IDIB000B776 (Caused by NameResolutionError("HTTPSConnection(host='ifsc.razorpay.com', port=443): Failed to resolve 'ifsc.razorpay.com' ([Errno 11001] getaddrinfo failed)"))
2026-01-27 12:40:00,935 - __main__ - ERROR - Error fetching state for BKID0004850: HTTPSConnectionPool(host='ifsc.razorpay.com', port=443): Max retries exceeded with url: /BKID0004850 (Caused by NameResolutionError("HTTPSConnection(host='ifsc.razorpay.com', port=443): Failed to resolve 'ifsc.razorpay.com' ([Errno 11001] getaddrinfo failed)"))
2026-01-27 12:40:00,940 - __main__ - ERROR - Error fetching state for KKBK0000001: HTTPSConnectionPool(host='ifsc.razorpay.com', port=443): Max retries exceeded with url: /KKBK0000001 (Caused by NameResolutionError("HTTPSConnection(host='ifsc.razorpay.com', port=443): Failed to resolve 'ifsc.razorpay.com' ([Errno 11001] getaddrinfo failed)"))
2026-01-27 12:40:00,954 - __main__ - ERROR - Error fetching state for IOBA0003523: HTTPSConnectionPool(host='ifsc.razorpay.com', port=443): Max retries exceeded with url: /IOBA0003523 (Caused by NameResolutionError("HTTPSConnection(host='ifsc.razorpay.com', port=443): Failed to resolve 'ifsc.razorpay.com' ([Errno 11001] getaddrinfo failed)"))
2026-01-27 12:40:00,957 - __main__ - ERROR - Error fetching state for SBIN0RRCHGB: HTTPSConnectionPool(host='ifsc.razorpay.com', port=443): Max retries exceeded with url: /SBIN0RRCHGB (Caused by NameResolutionError("HTTPSConnection(host='ifsc.razorpay.com', port=443): Failed to resolve 'ifsc.razorpay.com' ([Errno 11001] getaddrinfo failed)"))
2026-01-27 12:40:00,963 - __main__ - ERROR - Error fetching state for BKID0006250: HTTPSConnectionPool(host='ifsc.razorpay.com', port=443): Max retries exceeded with url: /BKID0006250 (Caused by NameResolutionError("HTTPSConnection(host='ifsc.razorpay.com', port=443): Failed to resolve 'ifsc.razorpay.com' ([Errno 11001] getaddrinfo failed)"))
2026-01-27 12:40:00,968 - __main__ - ERROR - Error fetching state for BARB0LODIPU: HTTPSConnectionPool(host='ifsc.razorpay.com', port=443): Max retries exceeded with url: /BARB0LODIPU (Caused by NameResolutionError("HTTPSConnection(host='ifsc.razorpay.com', port=443): Failed to resolve 'ifsc.razorpay.com' ([Errno 11001] getaddrinfo failed)"))
2026-01-27 12:40:00,969 - __main__ - ERROR - Error fetching state for SBIN0018913: HTTPSConnectionPool(host='ifsc.razorpay.com', port=443): Max retries exceeded with url: /SBIN0018913 (Caused by NameResolutionError("HTTPSConnection(host='ifsc.razorpay.com', port=443): Failed to resolve 'ifsc.razorpay.com' ([Errno 11001] getaddrinfo failed)"))
2026-01-27 12:40:00,980 - __main__ - ERROR - Error fetching state for KKBK0000001: HTTPSConnectionPool(host='ifsc.razorpay.com', port=443): Max retries exceeded with url: /KKBK0000001 (Caused by NameResolutionError("HTTPSConnection(host='ifsc.razorpay.com', port=443): Failed to resolve 'ifsc.razorpay.com' ([Errno 11001] getaddrinfo failed)"))
2026-01-27 12:40:00,981 - __main__ - ERROR - Error fetching state for RATN0000000: HTTPSConnectionPool(host='ifsc.razorpay.com', port=443): Max retries exceeded with url: /RATN0000000 (Caused by NameResolutionError("HTTPSConnection(host='ifsc.razorpay.com', port=443): Failed to resolve 'ifsc.razorpay.com' ([Errno 11001] getaddrinfo failed)"))
2026-01-27 12:40:00,983 - __main__ - ERROR - Error fetching state for UBIN0569488: HTTPSConnectionPool(host='ifsc.razorpay.com', port=443): Max retries exceeded with url: /UBIN0569488 (Caused by NameResolutionError("HTTPSConnection(host='ifsc.razorpay.com', port=443): Failed to resolve 'ifsc.razorpay.com' ([Errno 11001] getaddrinfo failed)"))
2026-01-27 12:40:00,985 - __main__ - ERROR - Error fetching state for BDBL0002516: HTTPSConnectionPool(host='ifsc.razorpay.com', port=443): Max retries exceeded with url: /BDBL0002516 (Caused by NameResolutionError("HTTPSConnection(host='ifsc.razorpay.com', port=443): Failed to resolve 'ifsc.razorpay.com' ([Errno 11001] getaddrinfo failed)"))
2026-01-27 12:40:01,001 - __main__ - ERROR - Error fetching state for SBIN0000620: HTTPSConnectionPool(host='ifsc.razorpay.com', port=443): Max retries exceeded with url: /SBIN0000620 (Caused by NameResolutionError("HTTPSConnection(host='ifsc.razorpay.com', port=443): Failed to resolve 'ifsc.razorpay.com' ([Errno 11001] getaddrinfo failed)"))
2026-01-27 12:40:01,002 - __main__ - ERROR - Error fetching state for SBIN0RRCHGB: HTTPSConnectionPool(host='ifsc.razorpay.com', port=443): Max retries exceeded with url: /SBIN0RRCHGB (Caused by NameResolutionError("HTTPSConnection(host='ifsc.razorpay.com', port=443): Failed to resolve 'ifsc.razorpay.com' ([Errno 11001] getaddrinfo failed)"))
2026-01-27 12:40:01,014 - __main__ - ERROR - Error fetching state for HDFC0003822: HTTPSConnectionPool(host='ifsc.razorpay.com', port=443): Max retries exceeded with url: /HDFC0003822 (Caused by NameResolutionError("HTTPSConnection(host='ifsc.razorpay.com', port=443): Failed to resolve 'ifsc.razorpay.com' ([Errno 11001] getaddrinfo failed)"))
2026-01-27 12:40:01,020 - __main__ - ERROR - Error fetching state for CNRB0013376: HTTPSConnectionPool(host='ifsc.razorpay.com', port=443): Max retries exceeded with url: /CNRB0013376 (Caused by NameResolutionError("HTTPSConnection(host='ifsc.razorpay.com', port=443): Failed to resolve 'ifsc.razorpay.com' ([Errno 11001] getaddrinfo failed)"))
2026-01-27 12:40:01,018 - __main__ - ERROR - Error fetching state for SBIN0000521: HTTPSConnectionPool(host='ifsc.razorpay.com', port=443): Max retries exceeded with url: /SBIN0000521 (Caused by NameResolutionError("HTTPSConnection(host='ifsc.razorpay.com', port=443): Failed to resolve 'ifsc.razorpay.com' ([Errno 11001] getaddrinfo failed)"))
2026-01-27 12:40:01,018 - __main__ - ERROR - Error fetching state for SBIN0018913: HTTPSConnectionPool(host='ifsc.razorpay.com', port=443): Max retries exceeded with url: /SBIN0018913 (Caused by NameResolutionError("HTTPSConnection(host='ifsc.razorpay.com', port=443): Failed to resolve 'ifsc.razorpay.com' ([Errno 11001] getaddrinfo failed)"))
2026-01-27 12:40:01,035 - __main__ - ERROR - Error fetching state for CBIN0280306: HTTPSConnectionPool(host='ifsc.razorpay.com', port=443): Max retries exceeded with url: /CBIN0280306 (Caused by NameResolutionError("HTTPSConnection(host='ifsc.razorpay.com', port=443): Failed to resolve 'ifsc.razorpay.com' ([Errno 11001] getaddrinfo failed)"))
2026-01-27 12:40:01,036 - __main__ - ERROR - Error fetching state for BDBL0002516: HTTPSConnectionPool(host='ifsc.razorpay.com', port=443): Max retries exceeded with url: /BDBL0002516 (Caused by NameResolutionError("HTTPSConnection(host='ifsc.razorpay.com', port=443): Failed to resolve 'ifsc.razorpay.com' ([Errno 11001] getaddrinfo failed)"))
2026-01-27 12:40:01,052 - __main__ - ERROR - Error fetching state for RATN0000000: HTTPSConnectionPool(host='ifsc.razorpay.com', port=443): Max retries exceeded with url: /RATN0000000 (Caused by NameResolutionError("HTTPSConnection(host='ifsc.razorpay.com', port=443): Failed to resolve 'ifsc.razorpay.com' ([Errno 11001] getaddrinfo failed)"))
2026-01-27 12:40:01,053 - __main__ - ERROR - Error fetching state for SBIN0000620: HTTPSConnectionPool(host='ifsc.razorpay.com', port=443): Max retries exceeded with url: /SBIN0000620 (Caused by NameResolutionError("HTTPSConnection(host='ifsc.razorpay.com', port=443): Failed to resolve 'ifsc.razorpay.com' ([Errno 11001] getaddrinfo failed)"))
2026-01-27 12:40:01,056 - __main__ - ERROR - Error fetching state for MAHB0000053: HTTPSConnectionPool(host='ifsc.razorpay.com', port=443): Max retries exceeded with url: /MAHB0000053 (Caused by NameResolutionError("HTTPSConnection(host='ifsc.razorpay.com', port=443): Failed to resolve 'ifsc.razorpay.com' ([Errno 11001] getaddrinfo failed)"))
2026-01-27 12:40:01,061 - __main__ - ERROR - Error fetching state for UTIB0000522: HTTPSConnectionPool(host='ifsc.razorpay.com', port=443): Max retries exceeded with url: /UTIB0000522 (Caused by NameResolutionError("HTTPSConnection(host='ifsc.razorpay.com', port=443): Failed to resolve 'ifsc.razorpay.com' ([Errno 11001] getaddrinfo failed)"))
2026-01-27 12:40:01,062 - __main__ - ERROR - Error fetching state for CNRB0013376: HTTPSConnectionPool(host='ifsc.razorpay.com', port=443): Max retries exceeded with url: /CNRB0013376 (Caused by NameResolutionError("HTTPSConnection(host='ifsc.razorpay.com', port=443): Failed to resolve 'ifsc.razorpay.com' ([Errno 11001] getaddrinfo failed)"))
2026-01-27 12:40:01,068 - __main__ - ERROR - Error fetching state for HDFC0003822: HTTPSConnectionPool(host='ifsc.razorpay.com', port=443): Max retries exceeded with url: /HDFC0003822 (Caused by NameResolutionError("HTTPSConnection(host='ifsc.razorpay.com', port=443): Failed to resolve 'ifsc.razorpay.com' ([Errno 11001] getaddrinfo failed)"))
2026-01-27 12:40:01,073 - __main__ - ERROR - Error fetching state for SBIN0000521: HTTPSConnectionPool(host='ifsc.razorpay.com', port=443): Max retries exceeded with url: /SBIN0000521 (Caused by NameResolutionError("HTTPSConnection(host='ifsc.razorpay.com', port=443): Failed to resolve 'ifsc.razorpay.com' ([Errno 11001] getaddrinfo failed)"))
2026-01-27 12:40:01,085 - __main__ - ERROR - Error fetching state for IDFB0080122: HTTPSConnectionPool(host='ifsc.razorpay.com', port=443): Max retries exceeded with url: /IDFB0080122 (Caused by NameResolutionError("HTTPSConnection(host='ifsc.razorpay.com', port=443): Failed to resolve 'ifsc.razorpay.com' ([Errno 11001] getaddrinfo failed)"))
2026-01-27 12:40:01,086 - __main__ - ERROR - Error fetching state for CBIN0280306: HTTPSConnectionPool(host='ifsc.razorpay.com', port=443): Max retries exceeded with url: /CBIN0280306 (Caused by NameResolutionError("HTTPSConnection(host='ifsc.razorpay.com', port=443): Failed to resolve 'ifsc.razorpay.com' ([Errno 11001] getaddrinfo failed)"))
2026-01-27 12:40:01,088 - __main__ - ERROR - Error fetching state for SBIN0003440: HTTPSConnectionPool(host='ifsc.razorpay.com', port=443): Max retries exceeded with url: /SBIN0003440 (Caused by NameResolutionError("HTTPSConnection(host='ifsc.razorpay.com', port=443): Failed to resolve 'ifsc.razorpay.com' ([Errno 11001] getaddrinfo failed)"))
2026-01-27 12:40:01,096 - __main__ - ERROR - Error fetching state for UTIB0000522: HTTPSConnectionPool(host='ifsc.razorpay.com', port=443): Max retries exceeded with url: /UTIB0000522 (Caused by NameResolutionError("HTTPSConnection(host='ifsc.razorpay.com', port=443): Failed to resolve 'ifsc.razorpay.com' ([Errno 11001] getaddrinfo failed)"))
2026-01-27 12:40:01,098 - __main__ - ERROR - Error fetching state for KKBK0000148: HTTPSConnectionPool(host='ifsc.razorpay.com', port=443): Max retries exceeded with url: /KKBK0000148 (Caused by NameResolutionError("HTTPSConnection(host='ifsc.razorpay.com', port=443): Failed to resolve 'ifsc.razorpay.com' ([Errno 11001] getaddrinfo failed)"))
2026-01-27 12:40:01,111 - __main__ - ERROR - Error fetching state for IDIB000R513: HTTPSConnectionPool(host='ifsc.razorpay.com', port=443): Max retries exceeded with url: /IDIB000R513 (Caused by NameResolutionError("HTTPSConnection(host='ifsc.razorpay.com', port=443): Failed to resolve 'ifsc.razorpay.com' ([Errno 11001] getaddrinfo failed)"))
2026-01-27 12:40:01,112 - __main__ - ERROR - Error fetching state for SBIN0007082: HTTPSConnectionPool(host='ifsc.razorpay.com', port=443): Max retries exceeded with url: /SBIN0007082 (Caused by NameResolutionError("HTTPSConnection(host='ifsc.razorpay.com', port=443): Failed to resolve 'ifsc.razorpay.com' ([Errno 11001] getaddrinfo failed)"))
2026-01-27 12:40:01,113 - __main__ - ERROR - Error fetching state for MAHB0000053: HTTPSConnectionPool(host='ifsc.razorpay.com', port=443): Max retries exceeded with url: /MAHB0000053 (Caused by NameResolutionError("HTTPSConnection(host='ifsc.razorpay.com', port=443): Failed to resolve 'ifsc.razorpay.com' ([Errno 11001] getaddrinfo failed)"))
2026-01-27 12:40:01,131 - __main__ - ERROR - Error fetching state for IDFB0080122: HTTPSConnectionPool(host='ifsc.razorpay.com', port=443): Max retries exceeded with url: /IDFB0080122 (Caused by NameResolutionError("HTTPSConnection(host='ifsc.razorpay.com', port=443): Failed to resolve 'ifsc.razorpay.com' ([Errno 11001] getaddrinfo failed)"))
2026-01-27 12:40:01,134 - __main__ - ERROR - Error fetching state for SBIN0000229: HTTPSConnectionPool(host='ifsc.razorpay.com', port=443): Max retries exceeded with url: /SBIN0000229 (Caused by NameResolutionError("HTTPSConnection(host='ifsc.razorpay.com', port=443): Failed to resolve 'ifsc.razorpay.com' ([Errno 11001] getaddrinfo failed)"))
2026-01-27 12:40:01,134 - __main__ - ERROR - Error fetching state for PUNB0995600: HTTPSConnectionPool(host='ifsc.razorpay.com', port=443): Max retries exceeded with url: /PUNB0995600 (Caused by NameResolutionError("HTTPSConnection(host='ifsc.razorpay.com', port=443): Failed to resolve 'ifsc.razorpay.com' ([Errno 11001] getaddrinfo failed)"))
2026-01-27 12:40:01,139 - __main__ - ERROR - Error fetching state for SBIN0005906: HTTPSConnectionPool(host='ifsc.razorpay.com', port=443): Max retries exceeded with url: /SBIN0005906 (Caused by NameResolutionError("HTTPSConnection(host='ifsc.razorpay.com', port=443): Failed to resolve 'ifsc.razorpay.com' ([Errno 11001] getaddrinfo failed)"))
2026-01-27 12:40:01,143 - __main__ - ERROR - Error fetching state for SBIN0003440: HTTPSConnectionPool(host='ifsc.razorpay.com', port=443): Max retries exceeded with url: /SBIN0003440 (Caused by NameResolutionError("HTTPSConnection(host='ifsc.razorpay.com', port=443): Failed to resolve 'ifsc.razorpay.com' ([Errno 11001] getaddrinfo failed)"))
2026-01-27 12:40:01,151 - __main__ - ERROR - Error fetching state for SBIN0007082: HTTPSConnectionPool(host='ifsc.razorpay.com', port=443): Max retries exceeded with url: /SBIN0007082 (Caused by NameResolutionError("HTTPSConnection(host='ifsc.razorpay.com', port=443): Failed to resolve 'ifsc.razorpay.com' ([Errno 11001] getaddrinfo failed)"))
2026-01-27 12:40:01,161 - __main__ - ERROR - Error fetching state for KKBK0000148: HTTPSConnectionPool(host='ifsc.razorpay.com', port=443): Max retries exceeded with url: /KKBK0000148 (Caused by NameResolutionError("HTTPSConnection(host='ifsc.razorpay.com', port=443): Failed to resolve 'ifsc.razorpay.com' ([Errno 11001] getaddrinfo failed)"))
2026-01-27 12:40:01,168 - __main__ - ERROR - Error fetching state for IDIB000R513: HTTPSConnectionPool(host='ifsc.razorpay.com', port=443): Max retries exceeded with url: /IDIB000R513 (Caused by NameResolutionError("HTTPSConnection(host='ifsc.razorpay.com', port=443): Failed to resolve 'ifsc.razorpay.com' ([Errno 11001] getaddrinfo failed)"))
2026-01-27 12:40:01,169 - __main__ - ERROR - Error fetching state for HDFC0002974: HTTPSConnectionPool(host='ifsc.razorpay.com', port=443): Max retries exceeded with url: /HDFC0002974 (Caused by NameResolutionError("HTTPSConnection(host='ifsc.razorpay.com', port=443): Failed to resolve 'ifsc.razorpay.com' ([Errno 11001] getaddrinfo failed)"))
2026-01-27 12:40:01,170 - __main__ - ERROR - Error fetching state for TMBL0000211: HTTPSConnectionPool(host='ifsc.razorpay.com', port=443): Max retries exceeded with url: /TMBL0000211 (Caused by NameResolutionError("HTTPSConnection(host='ifsc.razorpay.com', port=443): Failed to resolve 'ifsc.razorpay.com' ([Errno 11001] getaddrinfo failed)"))
2026-01-27 12:40:01,170 - __main__ - ERROR - Error fetching state for SBIN0000229: HTTPSConnectionPool(host='ifsc.razorpay.com', port=443): Max retries exceeded with url: /SBIN0000229 (Caused by NameResolutionError("HTTPSConnection(host='ifsc.razorpay.com', port=443): Failed to resolve 'ifsc.razorpay.com' ([Errno 11001] getaddrinfo failed)"))
2026-01-27 12:40:01,187 - __main__ - ERROR - Error fetching state for SBIN0005906: HTTPSConnectionPool(host='ifsc.razorpay.com', port=443): Max retries exceeded with url: /SBIN0005906 (Caused by NameResolutionError("HTTPSConnection(host='ifsc.razorpay.com', port=443): Failed to resolve 'ifsc.razorpay.com' ([Errno 11001] getaddrinfo failed)"))
2026-01-27 12:40:01,187 - __main__ - ERROR - Error fetching state for PUNB0995600: HTTPSConnectionPool(host='ifsc.razorpay.com', port=443): Max retries exceeded with url: /PUNB0995600 (Caused by NameResolutionError("HTTPSConnection(host='ifsc.razorpay.com', port=443): Failed to resolve 'ifsc.razorpay.com' ([Errno 11001] getaddrinfo failed)"))
2026-01-27 12:40:01,190 - __main__ - ERROR - Error fetching state for UTIB0SBPP02: HTTPSConnectionPool(host='ifsc.razorpay.com', port=443): Max retries exceeded with url: /UTIB0SBPP02 (Caused by NameResolutionError("HTTPSConnection(host='ifsc.razorpay.com', port=443): Failed to resolve 'ifsc.razorpay.com' ([Errno 11001] getaddrinfo failed)"))
2026-01-27 12:40:01,200 - __main__ - ERROR - Error fetching state for UTIB0001838: HTTPSConnectionPool(host='ifsc.razorpay.com', port=443): Max retries exceeded with url: /UTIB0001838 (Caused by NameResolutionError("HTTPSConnection(host='ifsc.razorpay.com', port=443): Failed to resolve 'ifsc.razorpay.com' ([Errno 11001] getaddrinfo failed)"))
2026-01-27 12:40:01,200 - __main__ - ERROR - Error fetching state for IDFB0042361: HTTPSConnectionPool(host='ifsc.razorpay.com', port=443): Max retries exceeded with url: /IDFB0042361 (Caused by NameResolutionError("HTTPSConnection(host='ifsc.razorpay.com', port=443): Failed to resolve 'ifsc.razorpay.com' ([Errno 11001] getaddrinfo failed)"))
2026-01-27 12:40:01,202 - __main__ - ERROR - Error fetching state for HDFC0002974: HTTPSConnectionPool(host='ifsc.razorpay.com', port=443): Max retries exceeded with url: /HDFC0002974 (Caused by NameResolutionError("HTTPSConnection(host='ifsc.razorpay.com', port=443): Failed to resolve 'ifsc.razorpay.com' ([Errno 11001] getaddrinfo failed)"))
2026-01-27 12:40:01,205 - __main__ - ERROR - Error fetching state for SIBL0000445: HTTPSConnectionPool(host='ifsc.razorpay.com', port=443): Max retries exceeded with url: /SIBL0000445 (Caused by NameResolutionError("HTTPSConnection(host='ifsc.razorpay.com', port=443): Failed to resolve 'ifsc.razorpay.com' ([Errno 11001] getaddrinfo failed)"))
2026-01-27 12:40:01,218 - __main__ - ERROR - Error fetching state for KKBK0007509: HTTPSConnectionPool(host='ifsc.razorpay.com', port=443): Max retries exceeded with url: /KKBK0007509 (Caused by NameResolutionError("HTTPSConnection(host='ifsc.razorpay.com', port=443): Failed to resolve 'ifsc.razorpay.com' ([Errno 11001] getaddrinfo failed)"))
2026-01-27 12:40:01,220 - __main__ - ERROR - Error fetching state for TMBL0000211: HTTPSConnectionPool(host='ifsc.razorpay.com', port=443): Max retries exceeded with url: /TMBL0000211 (Caused by NameResolutionError("HTTPSConnection(host='ifsc.razorpay.com', port=443): Failed to resolve 'ifsc.razorpay.com' ([Errno 11001] getaddrinfo failed)"))
2026-01-27 12:40:01,223 - __main__ - ERROR - Error fetching state for UTIB0SBPP02: HTTPSConnectionPool(host='ifsc.razorpay.com', port=443): Max retries exceeded with url: /UTIB0SBPP02 (Caused by NameResolutionError("HTTPSConnection(host='ifsc.razorpay.com', port=443): Failed to resolve 'ifsc.razorpay.com' ([Errno 11001] getaddrinfo failed)"))
2026-01-27 12:40:01,231 - __main__ - ERROR - Error fetching state for RATN0000164: HTTPSConnectionPool(host='ifsc.razorpay.com', port=443): Max retries exceeded with url: /RATN0000164 (Caused by NameResolutionError("HTTPSConnection(host='ifsc.razorpay.com', port=443): Failed to resolve 'ifsc.razorpay.com' ([Errno 11001] getaddrinfo failed)"))
2026-01-27 12:40:01,238 - __main__ - ERROR - Error fetching state for CITI0RTGSMI: HTTPSConnectionPool(host='ifsc.razorpay.com', port=443): Max retries exceeded with url: /CITI0RTGSMI (Caused by NameResolutionError("HTTPSConnection(host='ifsc.razorpay.com', port=443): Failed to resolve 'ifsc.razorpay.com' ([Errno 11001] getaddrinfo failed)"))
2026-01-27 12:40:01,247 - __main__ - ERROR - Error fetching state for SIBL0000445: HTTPSConnectionPool(host='ifsc.razorpay.com', port=443): Max retries exceeded with url: /SIBL0000445 (Caused by NameResolutionError("HTTPSConnection(host='ifsc.razorpay.com', port=443): Failed to resolve 'ifsc.razorpay.com' ([Errno 11001] getaddrinfo failed)"))
2026-01-27 12:40:01,248 - __main__ - ERROR - Error fetching state for UTIB0001838: HTTPSConnectionPool(host='ifsc.razorpay.com', port=443): Max retries exceeded with url: /UTIB0001838 (Caused by NameResolutionError("HTTPSConnection(host='ifsc.razorpay.com', port=443): Failed to resolve 'ifsc.razorpay.com' ([Errno 11001] getaddrinfo failed)"))
2026-01-27 12:40:01,249 - __main__ - ERROR - Error fetching state for INDB0001631: HTTPSConnectionPool(host='ifsc.razorpay.com', port=443): Max retries exceeded with url: /INDB0001631 (Caused by NameResolutionError("HTTPSConnection(host='ifsc.razorpay.com', port=443): Failed to resolve 'ifsc.razorpay.com' ([Errno 11001] getaddrinfo failed)"))
2026-01-27 12:40:01,271 - __main__ - ERROR - Error fetching state for CNRB0000000: HTTPSConnectionPool(host='ifsc.razorpay.com', port=443): Max retries exceeded with url: /CNRB0000000 (Caused by NameResolutionError("HTTPSConnection(host='ifsc.razorpay.com', port=443): Failed to resolve 'ifsc.razorpay.com' ([Errno 11001] getaddrinfo failed)"))
2026-01-27 12:40:01,271 - __main__ - ERROR - Error fetching state for KKBK0007509: HTTPSConnectionPool(host='ifsc.razorpay.com', port=443): Max retries exceeded with url: /KKBK0007509 (Caused by NameResolutionError("HTTPSConnection(host='ifsc.razorpay.com', port=443): Failed to resolve 'ifsc.razorpay.com' ([Errno 11001] getaddrinfo failed)"))
2026-01-27 12:40:01,272 - __main__ - ERROR - Error fetching state for IDFB0042361: HTTPSConnectionPool(host='ifsc.razorpay.com', port=443): Max retries exceeded with url: /IDFB0042361 (Caused by NameResolutionError("HTTPSConnection(host='ifsc.razorpay.com', port=443): Failed to resolve 'ifsc.razorpay.com' ([Errno 11001] getaddrinfo failed)"))
2026-01-27 12:40:01,280 - __main__ - ERROR - Error fetching state for KARB0000066: HTTPSConnectionPool(host='ifsc.razorpay.com', port=443): Max retries exceeded with url: /KARB0000066 (Caused by NameResolutionError("HTTPSConnection(host='ifsc.razorpay.com', port=443): Failed to resolve 'ifsc.razorpay.com' ([Errno 11001] getaddrinfo failed)"))
2026-01-27 12:40:01,304 - __main__ - ERROR - Error fetching state for INDB0001631: HTTPSConnectionPool(host='ifsc.razorpay.com', port=443): Max retries exceeded with url: /INDB0001631 (Caused by NameResolutionError("HTTPSConnection(host='ifsc.razorpay.com', port=443): Failed to resolve 'ifsc.razorpay.com' ([Errno 11001] getaddrinfo failed)"))
2026-01-27 12:40:01,305 - __main__ - ERROR - Error fetching state for RATN0000164: HTTPSConnectionPool(host='ifsc.razorpay.com', port=443): Max retries exceeded with url: /RATN0000164 (Caused by NameResolutionError("HTTPSConnection(host='ifsc.razorpay.com', port=443): Failed to resolve 'ifsc.razorpay.com' ([Errno 11001] getaddrinfo failed)"))
2026-01-27 12:40:01,340 - __main__ - ERROR - Error fetching state for CITI0RTGSMI: HTTPSConnectionPool(host='ifsc.razorpay.com', port=443): Max retries exceeded with url: /CITI0RTGSMI (Caused by NameResolutionError("HTTPSConnection(host='ifsc.razorpay.com', port=443): Failed to resolve 'ifsc.razorpay.com' ([Errno 11001] getaddrinfo failed)"))
2026-01-27 12:40:01,357 - __main__ - ERROR - Error fetching state for IOBA0002965: HTTPSConnectionPool(host='ifsc.razorpay.com', port=443): Max retries exceeded with url: /IOBA0002965 (Caused by NameResolutionError("HTTPSConnection(host='ifsc.razorpay.com', port=443): Failed to resolve 'ifsc.razorpay.com' ([Errno 11001] getaddrinfo failed)"))
2026-01-27 12:40:01,360 - __main__ - ERROR - Error fetching state for IBKL0001341: HTTPSConnectionPool(host='ifsc.razorpay.com', port=443): Max retries exceeded with url: /IBKL0001341 (Caused by NameResolutionError("HTTPSConnection(host='ifsc.razorpay.com', port=443): Failed to resolve 'ifsc.razorpay.com' ([Errno 11001] getaddrinfo failed)"))
2026-01-27 12:40:01,367 - __main__ - ERROR - Error fetching state for RATN0000317: HTTPSConnectionPool(host='ifsc.razorpay.com', port=443): Max retries exceeded with url: /RATN0000317 (Caused by NameResolutionError("HTTPSConnection(host='ifsc.razorpay.com', port=443): Failed to resolve 'ifsc.razorpay.com' ([Errno 11001] getaddrinfo failed)"))
2026-01-27 12:40:01,395 - __main__ - ERROR - Error fetching state for CNRB0000000: HTTPSConnectionPool(host='ifsc.razorpay.com', port=443): Max retries exceeded with url: /CNRB0000000 (Caused by NameResolutionError("HTTPSConnection(host='ifsc.razorpay.com', port=443): Failed to resolve 'ifsc.razorpay.com' ([Errno 11001] getaddrinfo failed)"))
2026-01-27 12:40:01,403 - __main__ - ERROR - Error fetching state for MAHB0001878: HTTPSConnectionPool(host='ifsc.razorpay.com', port=443): Max retries exceeded with url: /MAHB0001878 (Caused by NameResolutionError("HTTPSConnection(host='ifsc.razorpay.com', port=443): Failed to resolve 'ifsc.razorpay.com' ([Errno 11001] getaddrinfo failed)"))
2026-01-27 12:40:01,421 - __main__ - ERROR - Error fetching state for SBIN0013055: HTTPSConnectionPool(host='ifsc.razorpay.com', port=443): Max retries exceeded with url: /SBIN0013055 (Caused by NameResolutionError("HTTPSConnection(host='ifsc.razorpay.com', port=443): Failed to resolve 'ifsc.razorpay.com' ([Errno 11001] getaddrinfo failed)"))
2026-01-27 12:40:01,435 - __main__ - ERROR - Error fetching state for IBKL0001341: HTTPSConnectionPool(host='ifsc.razorpay.com', port=443): Max retries exceeded with url: /IBKL0001341 (Caused by NameResolutionError("HTTPSConnection(host='ifsc.razorpay.com', port=443): Failed to resolve 'ifsc.razorpay.com' ([Errno 11001] getaddrinfo failed)"))
2026-01-27 12:40:01,438 - __main__ - ERROR - Error fetching state for SBIN0000571: HTTPSConnectionPool(host='ifsc.razorpay.com', port=443): Max retries exceeded with url: /SBIN0000571 (Caused by NameResolutionError("HTTPSConnection(host='ifsc.razorpay.com', port=443): Failed to resolve 'ifsc.razorpay.com' ([Errno 11001] getaddrinfo failed)"))
2026-01-27 12:40:01,443 - __main__ - ERROR - Error fetching state for KARB0000066: HTTPSConnectionPool(host='ifsc.razorpay.com', port=443): Max retries exceeded with url: /KARB0000066 (Caused by NameResolutionError("HTTPSConnection(host='ifsc.razorpay.com', port=443): Failed to resolve 'ifsc.razorpay.com' ([Errno 11001] getaddrinfo failed)"))
2026-01-27 12:40:01,457 - __main__ - ERROR - Error fetching state for RATN0000317: HTTPSConnectionPool(host='ifsc.razorpay.com', port=443): Max retries exceeded with url: /RATN0000317 (Caused by NameResolutionError("HTTPSConnection(host='ifsc.razorpay.com', port=443): Failed to resolve 'ifsc.razorpay.com' ([Errno 11001] getaddrinfo failed)"))
2026-01-27 12:40:01,459 - __main__ - ERROR - Error fetching state for SBIN0002123: HTTPSConnectionPool(host='ifsc.razorpay.com', port=443): Max retries exceeded with url: /SBIN0002123 (Caused by NameResolutionError("HTTPSConnection(host='ifsc.razorpay.com', port=443): Failed to resolve 'ifsc.razorpay.com' ([Errno 11001] getaddrinfo failed)"))
2026-01-27 12:40:01,460 - __main__ - ERROR - Error fetching state for IOBA0002965: HTTPSConnectionPool(host='ifsc.razorpay.com', port=443): Max retries exceeded with url: /IOBA0002965 (Caused by NameResolutionError("HTTPSConnection(host='ifsc.razorpay.com', port=443): Failed to resolve 'ifsc.razorpay.com' ([Errno 11001] getaddrinfo failed)"))
2026-01-27 12:40:01,479 - __main__ - ERROR - Error fetching state for SBIN0050392: HTTPSConnectionPool(host='ifsc.razorpay.com', port=443): Max retries exceeded with url: /SBIN0050392 (Caused by NameResolutionError("HTTPSConnection(host='ifsc.razorpay.com', port=443): Failed to resolve 'ifsc.razorpay.com' ([Errno 11001] getaddrinfo failed)"))
2026-01-27 12:40:01,488 - __main__ - ERROR - Error fetching state for HDFC0004012: HTTPSConnectionPool(host='ifsc.razorpay.com', port=443): Max retries exceeded with url: /HDFC0004012 (Caused by NameResolutionError("HTTPSConnection(host='ifsc.razorpay.com', port=443): Failed to resolve 'ifsc.razorpay.com' ([Errno 11001] getaddrinfo failed)"))
2026-01-27 12:40:01,489 - __main__ - ERROR - Error fetching state for MAHB0001878: HTTPSConnectionPool(host='ifsc.razorpay.com', port=443): Max retries exceeded with url: /MAHB0001878 (Caused by NameResolutionError("HTTPSConnection(host='ifsc.razorpay.com', port=443): Failed to resolve 'ifsc.razorpay.com' ([Errno 11001] getaddrinfo failed)"))
2026-01-27 12:40:01,498 - __main__ - ERROR - Error fetching state for SBIN0013055: HTTPSConnectionPool(host='ifsc.razorpay.com', port=443): Max retries exceeded with url: /SBIN0013055 (Caused by NameResolutionError("HTTPSConnection(host='ifsc.razorpay.com', port=443): Failed to resolve 'ifsc.razorpay.com' ([Errno 11001] getaddrinfo failed)"))
2026-01-27 12:40:01,506 - __main__ - ERROR - Error fetching state for SBIN0RRDCGB: HTTPSConnectionPool(host='ifsc.razorpay.com', port=443): Max retries exceeded with url: /SBIN0RRDCGB (Caused by NameResolutionError("HTTPSConnection(host='ifsc.razorpay.com', port=443): Failed to resolve 'ifsc.razorpay.com' ([Errno 11001] getaddrinfo failed)"))
2026-01-27 12:40:01,512 - __main__ - ERROR - Error fetching state for SBIN0000571: HTTPSConnectionPool(host='ifsc.razorpay.com', port=443): Max retries exceeded with url: /SBIN0000571 (Caused by NameResolutionError("HTTPSConnection(host='ifsc.razorpay.com', port=443): Failed to resolve 'ifsc.razorpay.com' ([Errno 11001] getaddrinfo failed)"))
2026-01-27 12:40:01,523 - __main__ - ERROR - Error fetching state for SBIN0018109: HTTPSConnectionPool(host='ifsc.razorpay.com', port=443): Max retries exceeded with url: /SBIN0018109 (Caused by NameResolutionError("HTTPSConnection(host='ifsc.razorpay.com', port=443): Failed to resolve 'ifsc.razorpay.com' ([Errno 11001] getaddrinfo failed)"))
2026-01-27 12:40:01,532 - __main__ - ERROR - Error fetching state for SBIN0002123: HTTPSConnectionPool(host='ifsc.razorpay.com', port=443): Max retries exceeded with url: /SBIN0002123 (Caused by NameResolutionError("HTTPSConnection(host='ifsc.razorpay.com', port=443): Failed to resolve 'ifsc.razorpay.com' ([Errno 11001] getaddrinfo failed)"))
2026-01-27 12:40:01,535 - __main__ - ERROR - Error fetching state for SBIN0050392: HTTPSConnectionPool(host='ifsc.razorpay.com', port=443): Max retries exceeded with url: /SBIN0050392 (Caused by NameResolutionError("HTTPSConnection(host='ifsc.razorpay.com', port=443): Failed to resolve 'ifsc.razorpay.com' ([Errno 11001] getaddrinfo failed)"))
2026-01-27 12:40:01,536 - __main__ - ERROR - Error fetching state for SBIN0007457: HTTPSConnectionPool(host='ifsc.razorpay.com', port=443): Max retries exceeded with url: /SBIN0007457 (Caused by NameResolutionError("HTTPSConnection(host='ifsc.razorpay.com', port=443): Failed to resolve 'ifsc.razorpay.com' ([Errno 11001] getaddrinfo failed)"))
2026-01-27 12:40:01,545 - __main__ - ERROR - Error fetching state for SBIN0017216: HTTPSConnectionPool(host='ifsc.razorpay.com', port=443): Max retries exceeded with url: /SBIN0017216 (Caused by NameResolutionError("HTTPSConnection(host='ifsc.razorpay.com', port=443): Failed to resolve 'ifsc.razorpay.com' ([Errno 11001] getaddrinfo failed)"))
2026-01-27 12:40:01,553 - __main__ - ERROR - Error fetching state for BKID0006830: HTTPSConnectionPool(host='ifsc.razorpay.com', port=443): Max retries exceeded with url: /BKID0006830 (Caused by NameResolutionError("HTTPSConnection(host='ifsc.razorpay.com', port=443): Failed to resolve 'ifsc.razorpay.com' ([Errno 11001] getaddrinfo failed)"))
2026-01-27 12:40:01,557 - __main__ - ERROR - Error fetching state for HDFC0004012: HTTPSConnectionPool(host='ifsc.razorpay.com', port=443): Max retries exceeded with url: /HDFC0004012 (Caused by NameResolutionError("HTTPSConnection(host='ifsc.razorpay.com', port=443): Failed to resolve 'ifsc.razorpay.com' ([Errno 11001] getaddrinfo failed)"))
2026-01-27 12:40:01,563 - __main__ - ERROR - Error fetching state for SBIN0008053: HTTPSConnectionPool(host='ifsc.razorpay.com', port=443): Max retries exceeded with url: /SBIN0008053 (Caused by NameResolutionError("HTTPSConnection(host='ifsc.razorpay.com', port=443): Failed to resolve 'ifsc.razorpay.com' ([Errno 11001] getaddrinfo failed)"))
2026-01-27 12:40:01,570 - __main__ - ERROR - Error fetching state for SBIN0RRDCGB: HTTPSConnectionPool(host='ifsc.razorpay.com', port=443): Max retries exceeded with url: /SBIN0RRDCGB (Caused by NameResolutionError("HTTPSConnection(host='ifsc.razorpay.com', port=443): Failed to resolve 'ifsc.razorpay.com' ([Errno 11001] getaddrinfo failed)"))
2026-01-27 12:40:01,577 - __main__ - ERROR - Error fetching state for PUNB0494200: HTTPSConnectionPool(host='ifsc.razorpay.com', port=443): Max retries exceeded with url: /PUNB0494200 (Caused by NameResolutionError("HTTPSConnection(host='ifsc.razorpay.com', port=443): Failed to resolve 'ifsc.razorpay.com' ([Errno 11001] getaddrinfo failed)"))
2026-01-27 12:40:01,581 - __main__ - ERROR - Error fetching state for SBIN0007457: HTTPSConnectionPool(host='ifsc.razorpay.com', port=443): Max retries exceeded with url: /SBIN0007457 (Caused by NameResolutionError("HTTPSConnection(host='ifsc.razorpay.com', port=443): Failed to resolve 'ifsc.razorpay.com' ([Errno 11001] getaddrinfo failed)"))
2026-01-27 12:40:01,585 - __main__ - ERROR - Error fetching state for KARB0000437: HTTPSConnectionPool(host='ifsc.razorpay.com', port=443): Max retries exceeded with url: /KARB0000437 (Caused by NameResolutionError("HTTPSConnection(host='ifsc.razorpay.com', port=443): Failed to resolve 'ifsc.razorpay.com' ([Errno 11001] getaddrinfo failed)"))
2026-01-27 12:40:01,585 - __main__ - ERROR - Error fetching state for SBIN0018109: HTTPSConnectionPool(host='ifsc.razorpay.com', port=443): Max retries exceeded with url: /SBIN0018109 (Caused by NameResolutionError("HTTPSConnection(host='ifsc.razorpay.com', port=443): Failed to resolve 'ifsc.razorpay.com' ([Errno 11001] getaddrinfo failed)"))
2026-01-27 12:40:01,595 - __main__ - ERROR - Error fetching state for SBIN0017216: HTTPSConnectionPool(host='ifsc.razorpay.com', port=443): Max retries exceeded with url: /SBIN0017216 (Caused by NameResolutionError("HTTPSConnection(host='ifsc.razorpay.com', port=443): Failed to resolve 'ifsc.razorpay.com' ([Errno 11001] getaddrinfo failed)"))
2026-01-27 12:40:01,596 - __main__ - ERROR - Error fetching state for IBKL0000356: HTTPSConnectionPool(host='ifsc.razorpay.com', port=443): Max retries exceeded with url: /IBKL0000356 (Caused by NameResolutionError("HTTPSConnection(host='ifsc.razorpay.com', port=443): Failed to resolve 'ifsc.razorpay.com' ([Errno 11001] getaddrinfo failed)"))
2026-01-27 12:40:01,601 - __main__ - ERROR - Error fetching state for PUNB0606900: HTTPSConnectionPool(host='ifsc.razorpay.com', port=443): Max retries exceeded with url: /PUNB0606900 (Caused by NameResolutionError("HTTPSConnection(host='ifsc.razorpay.com', port=443): Failed to resolve 'ifsc.razorpay.com' ([Errno 11001] getaddrinfo failed)"))
2026-01-27 12:40:01,606 - __main__ - ERROR - Error fetching state for BKID0006830: HTTPSConnectionPool(host='ifsc.razorpay.com', port=443): Max retries exceeded with url: /BKID0006830 (Caused by NameResolutionError("HTTPSConnection(host='ifsc.razorpay.com', port=443): Failed to resolve 'ifsc.razorpay.com' ([Errno 11001] getaddrinfo failed)"))
2026-01-27 12:40:01,612 - __main__ - ERROR - Error fetching state for SBIN0008053: HTTPSConnectionPool(host='ifsc.razorpay.com', port=443): Max retries exceeded with url: /SBIN0008053 (Caused by NameResolutionError("HTTPSConnection(host='ifsc.razorpay.com', port=443): Failed to resolve 'ifsc.razorpay.com' ([Errno 11001] getaddrinfo failed)"))
2026-01-27 12:40:01,621 - __main__ - ERROR - Error fetching state for TJSB0000130: HTTPSConnectionPool(host='ifsc.razorpay.com', port=443): Max retries exceeded with url: /TJSB0000130 (Caused by NameResolutionError("HTTPSConnection(host='ifsc.razorpay.com', port=443): Failed to resolve 'ifsc.razorpay.com' ([Errno 11001] getaddrinfo failed)"))
2026-01-27 12:40:01,629 - __main__ - ERROR - Error fetching state for PUNB0494200: HTTPSConnectionPool(host='ifsc.razorpay.com', port=443): Max retries exceeded with url: /PUNB0494200 (Caused by NameResolutionError("HTTPSConnection(host='ifsc.razorpay.com', port=443): Failed to resolve 'ifsc.razorpay.com' ([Errno 11001] getaddrinfo failed)"))
2026-01-27 12:40:01,633 - __main__ - ERROR - Error fetching state for PSIB0000802: HTTPSConnectionPool(host='ifsc.razorpay.com', port=443): Max retries exceeded with url: /PSIB0000802 (Caused by NameResolutionError("HTTPSConnection(host='ifsc.razorpay.com', port=443): Failed to resolve 'ifsc.razorpay.com' ([Errno 11001] getaddrinfo failed)"))
2026-01-27 12:40:01,633 - __main__ - ERROR - Error fetching state for KARB0000437: HTTPSConnectionPool(host='ifsc.razorpay.com', port=443): Max retries exceeded with url: /KARB0000437 (Caused by NameResolutionError("HTTPSConnection(host='ifsc.razorpay.com', port=443): Failed to resolve 'ifsc.razorpay.com' ([Errno 11001] getaddrinfo failed)"))
2026-01-27 12:40:01,638 - __main__ - ERROR - Error fetching state for PUNB0606900: HTTPSConnectionPool(host='ifsc.razorpay.com', port=443): Max retries exceeded with url: /PUNB0606900 (Caused by NameResolutionError("HTTPSConnection(host='ifsc.razorpay.com', port=443): Failed to resolve 'ifsc.razorpay.com' ([Errno 11001] getaddrinfo failed)"))
2026-01-27 12:40:01,651 - __main__ - ERROR - Error fetching state for PUNB0419800: HTTPSConnectionPool(host='ifsc.razorpay.com', port=443): Max retries exceeded with url: /PUNB0419800 (Caused by NameResolutionError("HTTPSConnection(host='ifsc.razorpay.com', port=443): Failed to resolve 'ifsc.razorpay.com' ([Errno 11001] getaddrinfo failed)"))
2026-01-27 12:40:01,652 - __main__ - ERROR - Error fetching state for BARB0NAWAXX: HTTPSConnectionPool(host='ifsc.razorpay.com', port=443): Max retries exceeded with url: /BARB0NAWAXX (Caused by NameResolutionError("HTTPSConnection(host='ifsc.razorpay.com', port=443): Failed to resolve 'ifsc.razorpay.com' ([Errno 11001] getaddrinfo failed)"))
2026-01-27 12:40:01,653 - __main__ - ERROR - Error fetching state for HDFC0000432: HTTPSConnectionPool(host='ifsc.razorpay.com', port=443): Max retries exceeded with url: /HDFC0000432 (Caused by NameResolutionError("HTTPSConnection(host='ifsc.razorpay.com', port=443): Failed to resolve 'ifsc.razorpay.com' ([Errno 11001] getaddrinfo failed)"))
2026-01-27 12:40:01,661 - __main__ - ERROR - Error fetching state for IBKL0000356: HTTPSConnectionPool(host='ifsc.razorpay.com', port=443): Max retries exceeded with url: /IBKL0000356 (Caused by NameResolutionError("HTTPSConnection(host='ifsc.razorpay.com', port=443): Failed to resolve 'ifsc.razorpay.com' ([Errno 11001] getaddrinfo failed)"))
2026-01-27 12:40:01,662 - __main__ - ERROR - Error fetching state for BARB0NIPANY: HTTPSConnectionPool(host='ifsc.razorpay.com', port=443): Max retries exceeded with url: /BARB0NIPANY (Caused by NameResolutionError("HTTPSConnection(host='ifsc.razorpay.com', port=443): Failed to resolve 'ifsc.razorpay.com' ([Errno 11001] getaddrinfo failed)"))
2026-01-27 12:40:01,671 - __main__ - ERROR - Error fetching state for UTKS0001562: HTTPSConnectionPool(host='ifsc.razorpay.com', port=443): Max retries exceeded with url: /UTKS0001562 (Caused by NameResolutionError("HTTPSConnection(host='ifsc.razorpay.com', port=443): Failed to resolve 'ifsc.razorpay.com' ([Errno 11001] getaddrinfo failed)"))
2026-01-27 12:40:01,671 - __main__ - ERROR - Error fetching state for TJSB0000130: HTTPSConnectionPool(host='ifsc.razorpay.com', port=443): Max retries exceeded with url: /TJSB0000130 (Caused by NameResolutionError("HTTPSConnection(host='ifsc.razorpay.com', port=443): Failed to resolve 'ifsc.razorpay.com' ([Errno 11001] getaddrinfo failed)"))
2026-01-27 12:40:01,683 - __main__ - ERROR - Error fetching state for HDFC0000432: HTTPSConnectionPool(host='ifsc.razorpay.com', port=443): Max retries exceeded with url: /HDFC0000432 (Caused by NameResolutionError("HTTPSConnection(host='ifsc.razorpay.com', port=443): Failed to resolve 'ifsc.razorpay.com' ([Errno 11001] getaddrinfo failed)"))
2026-01-27 12:40:01,684 - __main__ - ERROR - Error fetching state for PSIB0000802: HTTPSConnectionPool(host='ifsc.razorpay.com', port=443): Max retries exceeded with url: /PSIB0000802 (Caused by NameResolutionError("HTTPSConnection(host='ifsc.razorpay.com', port=443): Failed to resolve 'ifsc.razorpay.com' ([Errno 11001] getaddrinfo failed)"))
2026-01-27 12:40:01,696 - __main__ - ERROR - Error fetching state for BARB0NAWAXX: HTTPSConnectionPool(host='ifsc.razorpay.com', port=443): Max retries exceeded with url: /BARB0NAWAXX (Caused by NameResolutionError("HTTPSConnection(host='ifsc.razorpay.com', port=443): Failed to resolve 'ifsc.razorpay.com' ([Errno 11001] getaddrinfo failed)"))
2026-01-27 12:40:01,699 - __main__ - ERROR - Error fetching state for UBIN0559083: HTTPSConnectionPool(host='ifsc.razorpay.com', port=443): Max retries exceeded with url: /UBIN0559083 (Caused by NameResolutionError("HTTPSConnection(host='ifsc.razorpay.com', port=443): Failed to resolve 'ifsc.razorpay.com' ([Errno 11001] getaddrinfo failed)"))
2026-01-27 12:40:01,702 - __main__ - ERROR - Error fetching state for PSIB0021389: HTTPSConnectionPool(host='ifsc.razorpay.com', port=443): Max retries exceeded with url: /PSIB0021389 (Caused by NameResolutionError("HTTPSConnection(host='ifsc.razorpay.com', port=443): Failed to resolve 'ifsc.razorpay.com' ([Errno 11001] getaddrinfo failed)"))
2026-01-27 12:40:01,703 - __main__ - ERROR - Error fetching state for KARB0000810: HTTPSConnectionPool(host='ifsc.razorpay.com', port=443): Max retries exceeded with url: /KARB0000810 (Caused by NameResolutionError("HTTPSConnection(host='ifsc.razorpay.com', port=443): Failed to resolve 'ifsc.razorpay.com' ([Errno 11001] getaddrinfo failed)"))
2026-01-27 12:40:01,705 - __main__ - ERROR - Error fetching state for PUNB0419800: HTTPSConnectionPool(host='ifsc.razorpay.com', port=443): Max retries exceeded with url: /PUNB0419800 (Caused by NameResolutionError("HTTPSConnection(host='ifsc.razorpay.com', port=443): Failed to resolve 'ifsc.razorpay.com' ([Errno 11001] getaddrinfo failed)"))
2026-01-27 12:40:01,712 - __main__ - ERROR - Error fetching state for BARB0NIPANY: HTTPSConnectionPool(host='ifsc.razorpay.com', port=443): Max retries exceeded with url: /BARB0NIPANY (Caused by NameResolutionError("HTTPSConnection(host='ifsc.razorpay.com', port=443): Failed to resolve 'ifsc.razorpay.com' ([Errno 11001] getaddrinfo failed)"))
2026-01-27 12:40:01,724 - __main__ - ERROR - Error fetching state for YESB0000167: HTTPSConnectionPool(host='ifsc.razorpay.com', port=443): Max retries exceeded with url: /YESB0000167 (Caused by NameResolutionError("HTTPSConnection(host='ifsc.razorpay.com', port=443): Failed to resolve 'ifsc.razorpay.com' ([Errno 11001] getaddrinfo failed)"))
2026-01-27 12:40:01,735 - __main__ - ERROR - Error fetching state for UTKS0001562: HTTPSConnectionPool(host='ifsc.razorpay.com', port=443): Max retries exceeded with url: /UTKS0001562 (Caused by NameResolutionError("HTTPSConnection(host='ifsc.razorpay.com', port=443): Failed to resolve 'ifsc.razorpay.com' ([Errno 11001] getaddrinfo failed)"))
2026-01-27 12:40:01,737 - __main__ - ERROR - Error fetching state for PUNB0756500: HTTPSConnectionPool(host='ifsc.razorpay.com', port=443): Max retries exceeded with url: /PUNB0756500 (Caused by NameResolutionError("HTTPSConnection(host='ifsc.razorpay.com', port=443): Failed to resolve 'ifsc.razorpay.com' ([Errno 11001] getaddrinfo failed)"))
2026-01-27 12:40:01,737 - __main__ - ERROR - Error fetching state for PSIB0021389: HTTPSConnectionPool(host='ifsc.razorpay.com', port=443): Max retries exceeded with url: /PSIB0021389 (Caused by NameResolutionError("HTTPSConnection(host='ifsc.razorpay.com', port=443): Failed to resolve 'ifsc.razorpay.com' ([Errno 11001] getaddrinfo failed)"))
2026-01-27 12:40:01,738 - __main__ - ERROR - Error fetching state for CNRB0002897: HTTPSConnectionPool(host='ifsc.razorpay.com', port=443): Max retries exceeded with url: /CNRB0002897 (Caused by NameResolutionError("HTTPSConnection(host='ifsc.razorpay.com', port=443): Failed to resolve 'ifsc.razorpay.com' ([Errno 11001] getaddrinfo failed)"))
2026-01-27 12:40:01,748 - __main__ - ERROR - Error fetching state for UBIN0559083: HTTPSConnectionPool(host='ifsc.razorpay.com', port=443): Max retries exceeded with url: /UBIN0559083 (Caused by NameResolutionError("HTTPSConnection(host='ifsc.razorpay.com', port=443): Failed to resolve 'ifsc.razorpay.com' ([Errno 11001] getaddrinfo failed)"))
2026-01-27 12:40:01,753 - __main__ - ERROR - Error fetching state for RBIS0NDPA01: HTTPSConnectionPool(host='ifsc.razorpay.com', port=443): Max retries exceeded with url: /RBIS0NDPA01 (Caused by NameResolutionError("HTTPSConnection(host='ifsc.razorpay.com', port=443): Failed to resolve 'ifsc.razorpay.com' ([Errno 11001] getaddrinfo failed)"))
2026-01-27 12:40:01,768 - __main__ - ERROR - Error fetching state for KARB0000810: HTTPSConnectionPool(host='ifsc.razorpay.com', port=443): Max retries exceeded with url: /KARB0000810 (Caused by NameResolutionError("HTTPSConnection(host='ifsc.razorpay.com', port=443): Failed to resolve 'ifsc.razorpay.com' ([Errno 11001] getaddrinfo failed)"))
2026-01-27 12:40:01,772 - __main__ - ERROR - Error fetching state for SBIN0000266: HTTPSConnectionPool(host='ifsc.razorpay.com', port=443): Max retries exceeded with url: /SBIN0000266 (Caused by NameResolutionError("HTTPSConnection(host='ifsc.razorpay.com', port=443): Failed to resolve 'ifsc.razorpay.com' ([Errno 11001] getaddrinfo failed)"))
2026-01-27 12:40:01,772 - __main__ - ERROR - Error fetching state for HDFC0003933: HTTPSConnectionPool(host='ifsc.razorpay.com', port=443): Max retries exceeded with url: /HDFC0003933 (Caused by NameResolutionError("HTTPSConnection(host='ifsc.razorpay.com', port=443): Failed to resolve 'ifsc.razorpay.com' ([Errno 11001] getaddrinfo failed)"))
2026-01-27 12:40:01,775 - __main__ - ERROR - Error fetching state for UBIN0823619: HTTPSConnectionPool(host='ifsc.razorpay.com', port=443): Max retries exceeded with url: /UBIN0823619 (Caused by NameResolutionError("HTTPSConnection(host='ifsc.razorpay.com', port=443): Failed to resolve 'ifsc.razorpay.com' ([Errno 11001] getaddrinfo failed)"))
2026-01-27 12:40:01,788 - __main__ - ERROR - Error fetching state for YESB0000167: HTTPSConnectionPool(host='ifsc.razorpay.com', port=443): Max retries exceeded with url: /YESB0000167 (Caused by NameResolutionError("HTTPSConnection(host='ifsc.razorpay.com', port=443): Failed to resolve 'ifsc.razorpay.com' ([Errno 11001] getaddrinfo failed)"))
2026-01-27 12:40:01,791 - __main__ - ERROR - Error fetching state for CNRB0002897: HTTPSConnectionPool(host='ifsc.razorpay.com', port=443): Max retries exceeded with url: /CNRB0002897 (Caused by NameResolutionError("HTTPSConnection(host='ifsc.razorpay.com', port=443): Failed to resolve 'ifsc.razorpay.com' ([Errno 11001] getaddrinfo failed)"))
2026-01-27 12:40:01,803 - __main__ - ERROR - Error fetching state for PUNB0756500: HTTPSConnectionPool(host='ifsc.razorpay.com', port=443): Max retries exceeded with url: /PUNB0756500 (Caused by NameResolutionError("HTTPSConnection(host='ifsc.razorpay.com', port=443): Failed to resolve 'ifsc.razorpay.com' ([Errno 11001] getaddrinfo failed)"))
2026-01-27 12:40:01,804 - __main__ - ERROR - Error fetching state for RBIS0NDPA01: HTTPSConnectionPool(host='ifsc.razorpay.com', port=443): Max retries exceeded with url: /RBIS0NDPA01 (Caused by NameResolutionError("HTTPSConnection(host='ifsc.razorpay.com', port=443): Failed to resolve 'ifsc.razorpay.com' ([Errno 11001] getaddrinfo failed)"))
2026-01-27 12:40:01,807 - __main__ - ERROR - Error fetching state for KARB0000764: HTTPSConnectionPool(host='ifsc.razorpay.com', port=443): Max retries exceeded with url: /KARB0000764 (Caused by NameResolutionError("HTTPSConnection(host='ifsc.razorpay.com', port=443): Failed to resolve 'ifsc.razorpay.com' ([Errno 11001] getaddrinfo failed)"))
2026-01-27 12:40:01,818 - __main__ - ERROR - Error fetching state for SBIN0016247: HTTPSConnectionPool(host='ifsc.razorpay.com', port=443): Max retries exceeded with url: /SBIN0016247 (Caused by NameResolutionError("HTTPSConnection(host='ifsc.razorpay.com', port=443): Failed to resolve 'ifsc.razorpay.com' ([Errno 11001] getaddrinfo failed)"))
2026-01-27 12:40:01,821 - __main__ - ERROR - Error fetching state for CIUB0000302: HTTPSConnectionPool(host='ifsc.razorpay.com', port=443): Max retries exceeded with url: /CIUB0000302 (Caused by NameResolutionError("HTTPSConnection(host='ifsc.razorpay.com', port=443): Failed to resolve 'ifsc.razorpay.com' ([Errno 11001] getaddrinfo failed)"))
2026-01-27 12:40:01,828 - __main__ - ERROR - Error fetching state for HDFC0003933: HTTPSConnectionPool(host='ifsc.razorpay.com', port=443): Max retries exceeded with url: /HDFC0003933 (Caused by NameResolutionError("HTTPSConnection(host='ifsc.razorpay.com', port=443): Failed to resolve 'ifsc.razorpay.com' ([Errno 11001] getaddrinfo failed)"))
2026-01-27 12:40:01,835 - __main__ - ERROR - Error fetching state for SBIN0016429: HTTPSConnectionPool(host='ifsc.razorpay.com', port=443): Max retries exceeded with url: /SBIN0016429 (Caused by NameResolutionError("HTTPSConnection(host='ifsc.razorpay.com', port=443): Failed to resolve 'ifsc.razorpay.com' ([Errno 11001] getaddrinfo failed)"))
2026-01-27 12:40:01,836 - __main__ - ERROR - Error fetching state for UBIN0823619: HTTPSConnectionPool(host='ifsc.razorpay.com', port=443): Max retries exceeded with url: /UBIN0823619 (Caused by NameResolutionError("HTTPSConnection(host='ifsc.razorpay.com', port=443): Failed to resolve 'ifsc.razorpay.com' ([Errno 11001] getaddrinfo failed)"))
2026-01-27 12:40:01,842 - __main__ - ERROR - Error fetching state for SBIN0000266: HTTPSConnectionPool(host='ifsc.razorpay.com', port=443): Max retries exceeded with url: /SBIN0000266 (Caused by NameResolutionError("HTTPSConnection(host='ifsc.razorpay.com', port=443): Failed to resolve 'ifsc.razorpay.com' ([Errno 11001] getaddrinfo failed)"))
2026-01-27 12:40:01,857 - __main__ - ERROR - Error fetching state for BARB0BOINPA: HTTPSConnectionPool(host='ifsc.razorpay.com', port=443): Max retries exceeded with url: /BARB0BOINPA (Caused by NameResolutionError("HTTPSConnection(host='ifsc.razorpay.com', port=443): Failed to resolve 'ifsc.razorpay.com' ([Errno 11001] getaddrinfo failed)"))
2026-01-27 12:40:01,857 - __main__ - ERROR - Error fetching state for SBIN0016247: HTTPSConnectionPool(host='ifsc.razorpay.com', port=443): Max retries exceeded with url: /SBIN0016247 (Caused by NameResolutionError("HTTPSConnection(host='ifsc.razorpay.com', port=443): Failed to resolve 'ifsc.razorpay.com' ([Errno 11001] getaddrinfo failed)"))
2026-01-27 12:40:01,870 - __main__ - ERROR - Error fetching state for SBIN0006989: HTTPSConnectionPool(host='ifsc.razorpay.com', port=443): Max retries exceeded with url: /SBIN0006989 (Caused by NameResolutionError("HTTPSConnection(host='ifsc.razorpay.com', port=443): Failed to resolve 'ifsc.razorpay.com' ([Errno 11001] getaddrinfo failed)"))
2026-01-27 12:40:01,872 - __main__ - ERROR - Error fetching state for KARB0000764: HTTPSConnectionPool(host='ifsc.razorpay.com', port=443): Max retries exceeded with url: /KARB0000764 (Caused by NameResolutionError("HTTPSConnection(host='ifsc.razorpay.com', port=443): Failed to resolve 'ifsc.razorpay.com' ([Errno 11001] getaddrinfo failed)"))
2026-01-27 12:40:01,886 - __main__ - ERROR - Error fetching state for CIUB0000302: HTTPSConnectionPool(host='ifsc.razorpay.com', port=443): Max retries exceeded with url: /CIUB0000302 (Caused by NameResolutionError("HTTPSConnection(host='ifsc.razorpay.com', port=443): Failed to resolve 'ifsc.razorpay.com' ([Errno 11001] getaddrinfo failed)"))
2026-01-27 12:40:01,887 - __main__ - ERROR - Error fetching state for JAKA0GOWHAR: HTTPSConnectionPool(host='ifsc.razorpay.com', port=443): Max retries exceeded with url: /JAKA0GOWHAR (Caused by NameResolutionError("HTTPSConnection(host='ifsc.razorpay.com', port=443): Failed to resolve 'ifsc.razorpay.com' ([Errno 11001] getaddrinfo failed)"))
2026-01-27 12:40:01,895 - __main__ - ERROR - Error fetching state for YESB0MGSUPI: HTTPSConnectionPool(host='ifsc.razorpay.com', port=443): Max retries exceeded with url: /YESB0MGSUPI (Caused by NameResolutionError("HTTPSConnection(host='ifsc.razorpay.com', port=443): Failed to resolve 'ifsc.razorpay.com' ([Errno 11001] getaddrinfo failed)"))
2026-01-27 12:40:01,897 - __main__ - ERROR - Error fetching state for SBIN0016429: HTTPSConnectionPool(host='ifsc.razorpay.com', port=443): Max retries exceeded with url: /SBIN0016429 (Caused by NameResolutionError("HTTPSConnection(host='ifsc.razorpay.com', port=443): Failed to resolve 'ifsc.razorpay.com' ([Errno 11001] getaddrinfo failed)"))
2026-01-27 12:40:01,902 - __main__ - ERROR - Error fetching state for SBIN0001993: HTTPSConnectionPool(host='ifsc.razorpay.com', port=443): Max retries exceeded with url: /SBIN0001993 (Caused by NameResolutionError("HTTPSConnection(host='ifsc.razorpay.com', port=443): Failed to resolve 'ifsc.razorpay.com' ([Errno 11001] getaddrinfo failed)"))
2026-01-27 12:40:01,906 - __main__ - ERROR - Error fetching state for CNRB0001718: HTTPSConnectionPool(host='ifsc.razorpay.com', port=443): Max retries exceeded with url: /CNRB0001718 (Caused by NameResolutionError("HTTPSConnection(host='ifsc.razorpay.com', port=443): Failed to resolve 'ifsc.razorpay.com' ([Errno 11001] getaddrinfo failed)"))
2026-01-27 12:40:01,916 - __main__ - ERROR - Error fetching state for BARB0BOINPA: HTTPSConnectionPool(host='ifsc.razorpay.com', port=443): Max retries exceeded with url: /BARB0BOINPA (Caused by NameResolutionError("HTTPSConnection(host='ifsc.razorpay.com', port=443): Failed to resolve 'ifsc.razorpay.com' ([Errno 11001] getaddrinfo failed)"))
2026-01-27 12:40:01,918 - __main__ - ERROR - Error fetching state for SBIN0006989: HTTPSConnectionPool(host='ifsc.razorpay.com', port=443): Max retries exceeded with url: /SBIN0006989 (Caused by NameResolutionError("HTTPSConnection(host='ifsc.razorpay.com', port=443): Failed to resolve 'ifsc.razorpay.com' ([Errno 11001] getaddrinfo failed)"))
2026-01-27 12:40:01,933 - __main__ - ERROR - Error fetching state for YESB0MGSUPI: HTTPSConnectionPool(host='ifsc.razorpay.com', port=443): Max retries exceeded with url: /YESB0MGSUPI (Caused by NameResolutionError("HTTPSConnection(host='ifsc.razorpay.com', port=443): Failed to resolve 'ifsc.razorpay.com' ([Errno 11001] getaddrinfo failed)"))
2026-01-27 12:40:01,937 - __main__ - ERROR - Error fetching state for INDB0000001: HTTPSConnectionPool(host='ifsc.razorpay.com', port=443): Max retries exceeded with url: /INDB0000001 (Caused by NameResolutionError("HTTPSConnection(host='ifsc.razorpay.com', port=443): Failed to resolve 'ifsc.razorpay.com' ([Errno 11001] getaddrinfo failed)"))
2026-01-27 12:40:01,944 - __main__ - ERROR - Error fetching state for BKID0009004: HTTPSConnectionPool(host='ifsc.razorpay.com', port=443): Max retries exceeded with url: /BKID0009004 (Caused by NameResolutionError("HTTPSConnection(host='ifsc.razorpay.com', port=443): Failed to resolve 'ifsc.razorpay.com' ([Errno 11001] getaddrinfo failed)"))
2026-01-27 12:40:01,946 - __main__ - ERROR - Error fetching state for SBIN0012838: HTTPSConnectionPool(host='ifsc.razorpay.com', port=443): Max retries exceeded with url: /SBIN0012838 (Caused by NameResolutionError("HTTPSConnection(host='ifsc.razorpay.com', port=443): Failed to resolve 'ifsc.razorpay.com' ([Errno 11001] getaddrinfo failed)"))
2026-01-27 12:40:01,950 - __main__ - ERROR - Error fetching state for JAKA0GOWHAR: HTTPSConnectionPool(host='ifsc.razorpay.com', port=443): Max retries exceeded with url: /JAKA0GOWHAR (Caused by NameResolutionError("HTTPSConnection(host='ifsc.razorpay.com', port=443): Failed to resolve 'ifsc.razorpay.com' ([Errno 11001] getaddrinfo failed)"))
2026-01-27 12:40:01,967 - __main__ - ERROR - Error fetching state for BKID0008836: HTTPSConnectionPool(host='ifsc.razorpay.com', port=443): Max retries exceeded with url: /BKID0008836 (Caused by NameResolutionError("HTTPSConnection(host='ifsc.razorpay.com', port=443): Failed to resolve 'ifsc.razorpay.com' ([Errno 11001] getaddrinfo failed)"))
2026-01-27 12:40:01,970 - __main__ - ERROR - Error fetching state for SBIN0001993: HTTPSConnectionPool(host='ifsc.razorpay.com', port=443): Max retries exceeded with url: /SBIN0001993 (Caused by NameResolutionError("HTTPSConnection(host='ifsc.razorpay.com', port=443): Failed to resolve 'ifsc.razorpay.com' ([Errno 11001] getaddrinfo failed)"))
2026-01-27 12:40:01,977 - __main__ - ERROR - Error fetching state for CNRB0001718: HTTPSConnectionPool(host='ifsc.razorpay.com', port=443): Max retries exceeded with url: /CNRB0001718 (Caused by NameResolutionError("HTTPSConnection(host='ifsc.razorpay.com', port=443): Failed to resolve 'ifsc.razorpay.com' ([Errno 11001] getaddrinfo failed)"))
2026-01-27 12:40:01,985 - __main__ - ERROR - Error fetching state for CBIN0282137: HTTPSConnectionPool(host='ifsc.razorpay.com', port=443): Max retries exceeded with url: /CBIN0282137 (Caused by NameResolutionError("HTTPSConnection(host='ifsc.razorpay.com', port=443): Failed to resolve 'ifsc.razorpay.com' ([Errno 11001] getaddrinfo failed)"))
2026-01-27 12:40:02,003 - __main__ - ERROR - Error fetching state for SBIN0012838: HTTPSConnectionPool(host='ifsc.razorpay.com', port=443): Max retries exceeded with url: /SBIN0012838 (Caused by NameResolutionError("HTTPSConnection(host='ifsc.razorpay.com', port=443): Failed to resolve 'ifsc.razorpay.com' ([Errno 11001] getaddrinfo failed)"))
2026-01-27 12:40:02,016 - __main__ - ERROR - Error fetching state for UTIB0AXLUPI: HTTPSConnectionPool(host='ifsc.razorpay.com', port=443): Max retries exceeded with url: /UTIB0AXLUPI (Caused by NameResolutionError("HTTPSConnection(host='ifsc.razorpay.com', port=443): Failed to resolve 'ifsc.razorpay.com' ([Errno 11001] getaddrinfo failed)"))
2026-01-27 12:40:02,018 - __main__ - ERROR - Error fetching state for BKID0009004: HTTPSConnectionPool(host='ifsc.razorpay.com', port=443): Max retries exceeded with url: /BKID0009004 (Caused by NameResolutionError("HTTPSConnection(host='ifsc.razorpay.com', port=443): Failed to resolve 'ifsc.razorpay.com' ([Errno 11001] getaddrinfo failed)"))
2026-01-27 12:40:02,019 - __main__ - ERROR - Error fetching state for INDB0000001: HTTPSConnectionPool(host='ifsc.razorpay.com', port=443): Max retries exceeded with url: /INDB0000001 (Caused by NameResolutionError("HTTPSConnection(host='ifsc.razorpay.com', port=443): Failed to resolve 'ifsc.razorpay.com' ([Errno 11001] getaddrinfo failed)"))
2026-01-27 12:40:02,023 - __main__ - ERROR - Error fetching state for SBIN0012603: HTTPSConnectionPool(host='ifsc.razorpay.com', port=443): Max retries exceeded with url: /SBIN0012603 (Caused by NameResolutionError("HTTPSConnection(host='ifsc.razorpay.com', port=443): Failed to resolve 'ifsc.razorpay.com' ([Errno 11001] getaddrinfo failed)"))
2026-01-27 12:40:02,035 - __main__ - ERROR - Error fetching state for KARB0000022: HTTPSConnectionPool(host='ifsc.razorpay.com', port=443): Max retries exceeded with url: /KARB0000022 (Caused by NameResolutionError("HTTPSConnection(host='ifsc.razorpay.com', port=443): Failed to resolve 'ifsc.razorpay.com' ([Errno 11001] getaddrinfo failed)"))
2026-01-27 12:40:02,038 - __main__ - ERROR - Error fetching state for BKID0008836: HTTPSConnectionPool(host='ifsc.razorpay.com', port=443): Max retries exceeded with url: /BKID0008836 (Caused by NameResolutionError("HTTPSConnection(host='ifsc.razorpay.com', port=443): Failed to resolve 'ifsc.razorpay.com' ([Errno 11001] getaddrinfo failed)"))
2026-01-27 12:40:02,045 - __main__ - ERROR - Error fetching state for DLXB0000041: HTTPSConnectionPool(host='ifsc.razorpay.com', port=443): Max retries exceeded with url: /DLXB0000041 (Caused by NameResolutionError("HTTPSConnection(host='ifsc.razorpay.com', port=443): Failed to resolve 'ifsc.razorpay.com' ([Errno 11001] getaddrinfo failed)"))
2026-01-27 12:40:02,052 - __main__ - ERROR - Error fetching state for SBIN0002101: HTTPSConnectionPool(host='ifsc.razorpay.com', port=443): Max retries exceeded with url: /SBIN0002101 (Caused by NameResolutionError("HTTPSConnection(host='ifsc.razorpay.com', port=443): Failed to resolve 'ifsc.razorpay.com' ([Errno 11001] getaddrinfo failed)"))
2026-01-27 12:40:02,061 - __main__ - ERROR - Error fetching state for CBIN0282137: HTTPSConnectionPool(host='ifsc.razorpay.com', port=443): Max retries exceeded with url: /CBIN0282137 (Caused by NameResolutionError("HTTPSConnection(host='ifsc.razorpay.com', port=443): Failed to resolve 'ifsc.razorpay.com' ([Errno 11001] getaddrinfo failed)"))
2026-01-27 12:40:02,088 - __main__ - ERROR - Error fetching state for UTIB0AXLUPI: HTTPSConnectionPool(host='ifsc.razorpay.com', port=443): Max retries exceeded with url: /UTIB0AXLUPI (Caused by NameResolutionError("HTTPSConnection(host='ifsc.razorpay.com', port=443): Failed to resolve 'ifsc.razorpay.com' ([Errno 11001] getaddrinfo failed)"))
2026-01-27 12:40:02,089 - __main__ - ERROR - Error fetching state for SBIN0012603: HTTPSConnectionPool(host='ifsc.razorpay.com', port=443): Max retries exceeded with url: /SBIN0012603 (Caused by NameResolutionError("HTTPSConnection(host='ifsc.razorpay.com', port=443): Failed to resolve 'ifsc.razorpay.com' ([Errno 11001] getaddrinfo failed)"))
2026-01-27 12:40:02,090 - __main__ - ERROR - Error fetching state for MAHB0001794: HTTPSConnectionPool(host='ifsc.razorpay.com', port=443): Max retries exceeded with url: /MAHB0001794 (Caused by NameResolutionError("HTTPSConnection(host='ifsc.razorpay.com', port=443): Failed to resolve 'ifsc.razorpay.com' ([Errno 11001] getaddrinfo failed)"))
2026-01-27 12:40:02,099 - __main__ - ERROR - Error fetching state for MAHB0002052: HTTPSConnectionPool(host='ifsc.razorpay.com', port=443): Max retries exceeded with url: /MAHB0002052 (Caused by NameResolutionError("HTTPSConnection(host='ifsc.razorpay.com', port=443): Failed to resolve 'ifsc.razorpay.com' ([Errno 11001] getaddrinfo failed)"))
2026-01-27 12:40:02,104 - __main__ - ERROR - Error fetching state for SBIN0010504: HTTPSConnectionPool(host='ifsc.razorpay.com', port=443): Max retries exceeded with url: /SBIN0010504 (Caused by NameResolutionError("HTTPSConnection(host='ifsc.razorpay.com', port=443): Failed to resolve 'ifsc.razorpay.com' ([Errno 11001] getaddrinfo failed)"))
2026-01-27 12:40:02,111 - __main__ - ERROR - Error fetching state for KARB0000022: HTTPSConnectionPool(host='ifsc.razorpay.com', port=443): Max retries exceeded with url: /KARB0000022 (Caused by NameResolutionError("HTTPSConnection(host='ifsc.razorpay.com', port=443): Failed to resolve 'ifsc.razorpay.com' ([Errno 11001] getaddrinfo failed)"))
2026-01-27 12:40:02,123 - __main__ - ERROR - Error fetching state for RMGB0000049: HTTPSConnectionPool(host='ifsc.razorpay.com', port=443): Max retries exceeded with url: /RMGB0000049 (Caused by NameResolutionError("HTTPSConnection(host='ifsc.razorpay.com', port=443): Failed to resolve 'ifsc.razorpay.com' ([Errno 11001] getaddrinfo failed)"))
2026-01-27 12:40:02,132 - __main__ - ERROR - Error fetching state for DLXB0000041: HTTPSConnectionPool(host='ifsc.razorpay.com', port=443): Max retries exceeded with url: /DLXB0000041 (Caused by NameResolutionError("HTTPSConnection(host='ifsc.razorpay.com', port=443): Failed to resolve 'ifsc.razorpay.com' ([Errno 11001] getaddrinfo failed)"))
2026-01-27 12:40:02,135 - __main__ - ERROR - Error fetching state for SBIN0002101: HTTPSConnectionPool(host='ifsc.razorpay.com', port=443): Max retries exceeded with url: /SBIN0002101 (Caused by NameResolutionError("HTTPSConnection(host='ifsc.razorpay.com', port=443): Failed to resolve 'ifsc.razorpay.com' ([Errno 11001] getaddrinfo failed)"))
2026-01-27 12:40:02,153 - __main__ - ERROR - Error fetching state for BARB0KHERLI: HTTPSConnectionPool(host='ifsc.razorpay.com', port=443): Max retries exceeded with url: /BARB0KHERLI (Caused by NameResolutionError("HTTPSConnection(host='ifsc.razorpay.com', port=443): Failed to resolve 'ifsc.razorpay.com' ([Errno 11001] getaddrinfo failed)"))
2026-01-27 12:40:02,153 - __main__ - ERROR - Error fetching state for MAHB0001794: HTTPSConnectionPool(host='ifsc.razorpay.com', port=443): Max retries exceeded with url: /MAHB0001794 (Caused by NameResolutionError("HTTPSConnection(host='ifsc.razorpay.com', port=443): Failed to resolve 'ifsc.razorpay.com' ([Errno 11001] getaddrinfo failed)"))
2026-01-27 12:40:02,162 - __main__ - ERROR - Error fetching state for INDB0000865: HTTPSConnectionPool(host='ifsc.razorpay.com', port=443): Max retries exceeded with url: /INDB0000865 (Caused by NameResolutionError("HTTPSConnection(host='ifsc.razorpay.com', port=443): Failed to resolve 'ifsc.razorpay.com' ([Errno 11001] getaddrinfo failed)"))
2026-01-27 12:40:02,163 - __main__ - ERROR - Error fetching state for MAHB0002052: HTTPSConnectionPool(host='ifsc.razorpay.com', port=443): Max retries exceeded with url: /MAHB0002052 (Caused by NameResolutionError("HTTPSConnection(host='ifsc.razorpay.com', port=443): Failed to resolve 'ifsc.razorpay.com' ([Errno 11001] getaddrinfo failed)"))
2026-01-27 12:40:02,172 - __main__ - ERROR - Error fetching state for SBIN0010504: HTTPSConnectionPool(host='ifsc.razorpay.com', port=443): Max retries exceeded with url: /SBIN0010504 (Caused by NameResolutionError("HTTPSConnection(host='ifsc.razorpay.com', port=443): Failed to resolve 'ifsc.razorpay.com' ([Errno 11001] getaddrinfo failed)"))
2026-01-27 12:40:02,193 - __main__ - ERROR - Error fetching state for HDFC0006452: HTTPSConnectionPool(host='ifsc.razorpay.com', port=443): Max retries exceeded with url: /HDFC0006452 (Caused by NameResolutionError("HTTPSConnection(host='ifsc.razorpay.com', port=443): Failed to resolve 'ifsc.razorpay.com' ([Errno 11001] getaddrinfo failed)"))
2026-01-27 12:40:02,198 - __main__ - ERROR - Error fetching state for SBIN0008924: HTTPSConnectionPool(host='ifsc.razorpay.com', port=443): Max retries exceeded with url: /SBIN0008924 (Caused by NameResolutionError("HTTPSConnection(host='ifsc.razorpay.com', port=443): Failed to resolve 'ifsc.razorpay.com' ([Errno 11001] getaddrinfo failed)"))
2026-01-27 12:40:02,199 - __main__ - ERROR - Error fetching state for RMGB0000049: HTTPSConnectionPool(host='ifsc.razorpay.com', port=443): Max retries exceeded with url: /RMGB0000049 (Caused by NameResolutionError("HTTPSConnection(host='ifsc.razorpay.com', port=443): Failed to resolve 'ifsc.razorpay.com' ([Errno 11001] getaddrinfo failed)"))
2026-01-27 12:40:02,224 - __main__ - ERROR - Error fetching state for SBIN0003874: HTTPSConnectionPool(host='ifsc.razorpay.com', port=443): Max retries exceeded with url: /SBIN0003874 (Caused by NameResolutionError("HTTPSConnection(host='ifsc.razorpay.com', port=443): Failed to resolve 'ifsc.razorpay.com' ([Errno 11001] getaddrinfo failed)"))
2026-01-27 12:40:02,229 - __main__ - ERROR - Error fetching state for UBIN0539287: HTTPSConnectionPool(host='ifsc.razorpay.com', port=443): Max retries exceeded with url: /UBIN0539287 (Caused by NameResolutionError("HTTPSConnection(host='ifsc.razorpay.com', port=443): Failed to resolve 'ifsc.razorpay.com' ([Errno 11001] getaddrinfo failed)"))
2026-01-27 12:40:02,231 - __main__ - ERROR - Error fetching state for BARB0KHERLI: HTTPSConnectionPool(host='ifsc.razorpay.com', port=443): Max retries exceeded with url: /BARB0KHERLI (Caused by NameResolutionError("HTTPSConnection(host='ifsc.razorpay.com', port=443): Failed to resolve 'ifsc.razorpay.com' ([Errno 11001] getaddrinfo failed)"))
2026-01-27 12:40:02,243 - __main__ - ERROR - Error fetching state for INDB0000865: HTTPSConnectionPool(host='ifsc.razorpay.com', port=443): Max retries exceeded with url: /INDB0000865 (Caused by NameResolutionError("HTTPSConnection(host='ifsc.razorpay.com', port=443): Failed to resolve 'ifsc.razorpay.com' ([Errno 11001] getaddrinfo failed)"))
2026-01-27 12:40:02,246 - __main__ - ERROR - Error fetching state for HDFC0006452: HTTPSConnectionPool(host='ifsc.razorpay.com', port=443): Max retries exceeded with url: /HDFC0006452 (Caused by NameResolutionError("HTTPSConnection(host='ifsc.razorpay.com', port=443): Failed to resolve 'ifsc.razorpay.com' ([Errno 11001] getaddrinfo failed)"))
2026-01-27 12:40:02,247 - __main__ - ERROR - Error fetching state for SBIN0061283: HTTPSConnectionPool(host='ifsc.razorpay.com', port=443): Max retries exceeded with url: /SBIN0061283 (Caused by NameResolutionError("HTTPSConnection(host='ifsc.razorpay.com', port=443): Failed to resolve 'ifsc.razorpay.com' ([Errno 11001] getaddrinfo failed)"))
2026-01-27 12:40:02,270 - __main__ - ERROR - Error fetching state for CNRB0001421: HTTPSConnectionPool(host='ifsc.razorpay.com', port=443): Max retries exceeded with url: /CNRB0001421 (Caused by NameResolutionError("HTTPSConnection(host='ifsc.razorpay.com', port=443): Failed to resolve 'ifsc.razorpay.com' ([Errno 11001] getaddrinfo failed)"))
2026-01-27 12:40:02,271 - __main__ - ERROR - Error fetching state for UTIB0001423: HTTPSConnectionPool(host='ifsc.razorpay.com', port=443): Max retries exceeded with url: /UTIB0001423 (Caused by NameResolutionError("HTTPSConnection(host='ifsc.razorpay.com', port=443): Failed to resolve 'ifsc.razorpay.com' ([Errno 11001] getaddrinfo failed)"))
2026-01-27 12:40:02,289 - __main__ - ERROR - Error fetching state for SBIN0008924: HTTPSConnectionPool(host='ifsc.razorpay.com', port=443): Max retries exceeded with url: /SBIN0008924 (Caused by NameResolutionError("HTTPSConnection(host='ifsc.razorpay.com', port=443): Failed to resolve 'ifsc.razorpay.com' ([Errno 11001] getaddrinfo failed)"))
2026-01-27 12:40:02,304 - __main__ - ERROR - Error fetching state for UTIB0001506: HTTPSConnectionPool(host='ifsc.razorpay.com', port=443): Max retries exceeded with url: /UTIB0001506 (Caused by NameResolutionError("HTTPSConnection(host='ifsc.razorpay.com', port=443): Failed to resolve 'ifsc.razorpay.com' ([Errno 11001] getaddrinfo failed)"))
2026-01-27 12:40:02,330 - __main__ - ERROR - Error fetching state for SBIN0003874: HTTPSConnectionPool(host='ifsc.razorpay.com', port=443): Max retries exceeded with url: /SBIN0003874 (Caused by NameResolutionError("HTTPSConnection(host='ifsc.razorpay.com', port=443): Failed to resolve 'ifsc.razorpay.com' ([Errno 11001] getaddrinfo failed)"))
2026-01-27 12:40:02,331 - __main__ - ERROR - Error fetching state for UBIN0539287: HTTPSConnectionPool(host='ifsc.razorpay.com', port=443): Max retries exceeded with url: /UBIN0539287 (Caused by NameResolutionError("HTTPSConnection(host='ifsc.razorpay.com', port=443): Failed to resolve 'ifsc.razorpay.com' ([Errno 11001] getaddrinfo failed)"))
2026-01-27 12:40:02,416 - __main__ - ERROR - Error fetching state for BARB0DBHINA: HTTPSConnectionPool(host='ifsc.razorpay.com', port=443): Max retries exceeded with url: /BARB0DBHINA (Caused by NameResolutionError("HTTPSConnection(host='ifsc.razorpay.com', port=443): Failed to resolve 'ifsc.razorpay.com' ([Errno 11001] getaddrinfo failed)"))
2026-01-27 12:40:02,419 - __main__ - ERROR - Error fetching state for SBIN0061283: HTTPSConnectionPool(host='ifsc.razorpay.com', port=443): Max retries exceeded with url: /SBIN0061283 (Caused by NameResolutionError("HTTPSConnection(host='ifsc.razorpay.com', port=443): Failed to resolve 'ifsc.razorpay.com' ([Errno 11001] getaddrinfo failed)"))
2026-01-27 12:40:02,466 - __main__ - ERROR - Error fetching state for SBIN0031297: HTTPSConnectionPool(host='ifsc.razorpay.com', port=443): Max retries exceeded with url: /SBIN0031297 (Caused by NameResolutionError("HTTPSConnection(host='ifsc.razorpay.com', port=443): Failed to resolve 'ifsc.razorpay.com' ([Errno 11001] getaddrinfo failed)"))
2026-01-27 12:40:02,515 - __main__ - ERROR - Error fetching state for CNRB0001421: HTTPSConnectionPool(host='ifsc.razorpay.com', port=443): Max retries exceeded with url: /CNRB0001421 (Caused by NameResolutionError("HTTPSConnection(host='ifsc.razorpay.com', port=443): Failed to resolve 'ifsc.razorpay.com' ([Errno 11001] getaddrinfo failed)"))
2026-01-27 12:40:02,517 - __main__ - ERROR - Error fetching state for UTIB0001423: HTTPSConnectionPool(host='ifsc.razorpay.com', port=443): Max retries exceeded with url: /UTIB0001423 (Caused by NameResolutionError("HTTPSConnection(host='ifsc.razorpay.com', port=443): Failed to resolve 'ifsc.razorpay.com' ([Errno 11001] getaddrinfo failed)"))
2026-01-27 12:40:02,674 - __main__ - ERROR - Error fetching state for UTKS0001435: HTTPSConnectionPool(host='ifsc.razorpay.com', port=443): Max retries exceeded with url: /UTKS0001435 (Caused by NameResolutionError("HTTPSConnection(host='ifsc.razorpay.com', port=443): Failed to resolve 'ifsc.razorpay.com' ([Errno 11001] getaddrinfo failed)"))
2026-01-27 12:40:14,465 - __main__ - ERROR - Error fetching state for UTIB0001506: HTTPSConnectionPool(host='ifsc.razorpay.com', port=443): Max retries exceeded with url: /UTIB0001506 (Caused by NameResolutionError("HTTPSConnection(host='ifsc.razorpay.com', port=443): Failed to resolve 'ifsc.razorpay.com' ([Errno 11001] getaddrinfo failed)"))
2026-01-27 12:40:14,465 - __main__ - ERROR - Error fetching state for KKBK0000666: HTTPSConnectionPool(host='ifsc.razorpay.com', port=443): Max retries exceeded with url: /KKBK0000666 (Caused by NameResolutionError("HTTPSConnection(host='ifsc.razorpay.com', port=443): Failed to resolve 'ifsc.razorpay.com' ([Errno 11001] getaddrinfo failed)"))
2026-01-27 12:40:14,466 - __main__ - ERROR - Error fetching state for ESFB0001001: HTTPSConnectionPool(host='ifsc.razorpay.com', port=443): Max retries exceeded with url: /ESFB0001001 (Caused by NameResolutionError("HTTPSConnection(host='ifsc.razorpay.com', port=443): Failed to resolve 'ifsc.razorpay.com' ([Errno 11001] getaddrinfo failed)"))
2026-01-27 12:40:14,466 - __main__ - ERROR - Error fetching state for SBIN0002330: HTTPSConnectionPool(host='ifsc.razorpay.com', port=443): Max retries exceeded with url: /SBIN0002330 (Caused by NameResolutionError("HTTPSConnection(host='ifsc.razorpay.com', port=443): Failed to resolve 'ifsc.razorpay.com' ([Errno 11001] getaddrinfo failed)"))
2026-01-27 12:40:14,467 - __main__ - ERROR - Error fetching state for BARB0DBHINA: HTTPSConnectionPool(host='ifsc.razorpay.com', port=443): Max retries exceeded with url: /BARB0DBHINA (Caused by NameResolutionError("HTTPSConnection(host='ifsc.razorpay.com', port=443): Failed to resolve 'ifsc.razorpay.com' ([Errno 11001] getaddrinfo failed)"))
2026-01-27 12:40:14,467 - __main__ - ERROR - Error fetching state for SBIN0031297: HTTPSConnectionPool(host='ifsc.razorpay.com', port=443): Max retries exceeded with url: /SBIN0031297 (Caused by NameResolutionError("HTTPSConnection(host='ifsc.razorpay.com', port=443): Failed to resolve 'ifsc.razorpay.com' ([Errno 11001] getaddrinfo failed)"))
2026-01-27 12:40:14,467 - __main__ - ERROR - Error fetching state for UTIB0001298: HTTPSConnectionPool(host='ifsc.razorpay.com', port=443): Max retries exceeded with url: /UTIB0001298 (Caused by NameResolutionError("HTTPSConnection(host='ifsc.razorpay.com', port=443): Failed to resolve 'ifsc.razorpay.com' ([Errno 11001] getaddrinfo failed)"))
2026-01-27 12:40:14,468 - __main__ - ERROR - Error fetching state for UBIN0542342: HTTPSConnectionPool(host='ifsc.razorpay.com', port=443): Max retries exceeded with url: /UBIN0542342 (Caused by NameResolutionError("HTTPSConnection(host='ifsc.razorpay.com', port=443): Failed to resolve 'ifsc.razorpay.com' ([Errno 11001] getaddrinfo failed)"))
2026-01-27 12:40:14,468 - __main__ - ERROR - Error fetching state for UTIB0001298: HTTPSConnectionPool(host='ifsc.razorpay.com', port=443): Max retries exceeded with url: /UTIB0001298 (Caused by NameResolutionError("HTTPSConnection(host='ifsc.razorpay.com', port=443): Failed to resolve 'ifsc.razorpay.com' ([Errno 11001] getaddrinfo failed)"))
2026-01-27 12:40:14,469 - __main__ - ERROR - Error fetching state for UBIN0542342: HTTPSConnectionPool(host='ifsc.razorpay.com', port=443): Max retries exceeded with url: /UBIN0542342 (Caused by NameResolutionError("HTTPSConnection(host='ifsc.razorpay.com', port=443): Failed to resolve 'ifsc.razorpay.com' ([Errno 11001] getaddrinfo failed)"))
2026-01-27 12:40:14,469 - __main__ - ERROR - Error fetching state for UBIN0577341: HTTPSConnectionPool(host='ifsc.razorpay.com', port=443): Max retries exceeded with url: /UBIN0577341 (Caused by NameResolutionError("HTTPSConnection(host='ifsc.razorpay.com', port=443): Failed to resolve 'ifsc.razorpay.com' ([Errno 11001] getaddrinfo failed)"))
2026-01-27 12:40:14,470 - __main__ - ERROR - Error fetching state for ESFB0001001: HTTPSConnectionPool(host='ifsc.razorpay.com', port=443): Max retries exceeded with url: /ESFB0001001 (Caused by NameResolutionError("HTTPSConnection(host='ifsc.razorpay.com', port=443): Failed to resolve 'ifsc.razorpay.com' ([Errno 11001] getaddrinfo failed)"))
2026-01-27 12:40:14,470 - __main__ - ERROR - Error fetching state for SBIN0002330: HTTPSConnectionPool(host='ifsc.razorpay.com', port=443): Max retries exceeded with url: /SBIN0002330 (Caused by NameResolutionError("HTTPSConnection(host='ifsc.razorpay.com', port=443): Failed to resolve 'ifsc.razorpay.com' ([Errno 11001] getaddrinfo failed)"))
2026-01-27 12:40:14,470 - __main__ - ERROR - Error fetching state for KVBL0004862: HTTPSConnectionPool(host='ifsc.razorpay.com', port=443): Max retries exceeded with url: /KVBL0004862 (Caused by NameResolutionError("HTTPSConnection(host='ifsc.razorpay.com', port=443): Failed to resolve 'ifsc.razorpay.com' ([Errno 11001] getaddrinfo failed)"))
2026-01-27 12:40:14,471 - __main__ - ERROR - Error fetching state for FDRL0001414: HTTPSConnectionPool(host='ifsc.razorpay.com', port=443): Max retries exceeded with url: /FDRL0001414 (Caused by NameResolutionError("HTTPSConnection(host='ifsc.razorpay.com', port=443): Failed to resolve 'ifsc.razorpay.com' ([Errno 11001] getaddrinfo failed)"))
2026-01-27 12:40:14,471 - __main__ - ERROR - Error fetching state for UTKS0001435: HTTPSConnectionPool(host='ifsc.razorpay.com', port=443): Max retries exceeded with url: /UTKS0001435 (Caused by NameResolutionError("HTTPSConnection(host='ifsc.razorpay.com', port=443): Failed to resolve 'ifsc.razorpay.com' ([Errno 11001] getaddrinfo failed)"))
2026-01-27 12:40:14,472 - __main__ - ERROR - Error fetching state for KKBK0000666: HTTPSConnectionPool(host='ifsc.razorpay.com', port=443): Max retries exceeded with url: /KKBK0000666 (Caused by NameResolutionError("HTTPSConnection(host='ifsc.razorpay.com', port=443): Failed to resolve 'ifsc.razorpay.com' ([Errno 11001] getaddrinfo failed)"))
2026-01-27 12:40:14,472 - __main__ - ERROR - Error fetching state for SBIN0030362: HTTPSConnectionPool(host='ifsc.razorpay.com', port=443): Max retries exceeded with url: /SBIN0030362 (Caused by NameResolutionError("HTTPSConnection(host='ifsc.razorpay.com', port=443): Failed to resolve 'ifsc.razorpay.com' ([Errno 11001] getaddrinfo failed)"))
2026-01-27 12:40:14,472 - __main__ - ERROR - Error fetching state for SBIN0010735: HTTPSConnectionPool(host='ifsc.razorpay.com', port=443): Max retries exceeded with url: /SBIN0010735 (Caused by NameResolutionError("HTTPSConnection(host='ifsc.razorpay.com', port=443): Failed to resolve 'ifsc.razorpay.com' ([Errno 11001] getaddrinfo failed)"))
2026-01-27 12:40:14,476 - __main__ - ERROR - Error fetching state for SBIN0030362: HTTPSConnectionPool(host='ifsc.razorpay.com', port=443): Max retries exceeded with url: /SBIN0030362 (Caused by NameResolutionError("HTTPSConnection(host='ifsc.razorpay.com', port=443): Failed to resolve 'ifsc.razorpay.com' ([Errno 11001] getaddrinfo failed)"))
2026-01-27 12:40:25,622 - __main__ - ERROR - Error fetching state for UBIN0577341: HTTPSConnectionPool(host='ifsc.razorpay.com', port=443): Max retries exceeded with url: /UBIN0577341 (Caused by NameResolutionError("HTTPSConnection(host='ifsc.razorpay.com', port=443): Failed to resolve 'ifsc.razorpay.com' ([Errno 11001] getaddrinfo failed)"))
2026-01-27 12:40:25,623 - __main__ - ERROR - Error fetching state for UBIN0904791: HTTPSConnectionPool(host='ifsc.razorpay.com', port=443): Max retries exceeded with url: /UBIN0904791 (Caused by NameResolutionError("HTTPSConnection(host='ifsc.razorpay.com', port=443): Failed to resolve 'ifsc.razorpay.com' ([Errno 11001] getaddrinfo failed)"))
2026-01-27 12:40:25,623 - __main__ - ERROR - Error fetching state for BARB0HILSAX: HTTPSConnectionPool(host='ifsc.razorpay.com', port=443): Max retries exceeded with url: /BARB0HILSAX (Caused by NameResolutionError("HTTPSConnection(host='ifsc.razorpay.com', port=443): Failed to resolve 'ifsc.razorpay.com' ([Errno 11001] getaddrinfo failed)"))
2026-01-27 12:40:25,623 - __main__ - ERROR - Error fetching state for KVBL0004862: HTTPSConnectionPool(host='ifsc.razorpay.com', port=443): Max retries exceeded with url: /KVBL0004862 (Caused by NameResolutionError("HTTPSConnection(host='ifsc.razorpay.com', port=443): Failed to resolve 'ifsc.razorpay.com' ([Errno 11001] getaddrinfo failed)"))
2026-01-27 12:40:25,625 - __main__ - ERROR - Error fetching state for BARB0HILSAX: HTTPSConnectionPool(host='ifsc.razorpay.com', port=443): Max retries exceeded with url: /BARB0HILSAX (Caused by NameResolutionError("HTTPSConnection(host='ifsc.razorpay.com', port=443): Failed to resolve 'ifsc.razorpay.com' ([Errno 11001] getaddrinfo failed)"))
2026-01-27 12:40:25,625 - __main__ - ERROR - Error fetching state for SBIN0010735: HTTPSConnectionPool(host='ifsc.razorpay.com', port=443): Max retries exceeded with url: /SBIN0010735 (Caused by NameResolutionError("HTTPSConnection(host='ifsc.razorpay.com', port=443): Failed to resolve 'ifsc.razorpay.com' ([Errno 11001] getaddrinfo failed)"))
2026-01-27 12:40:25,626 - __main__ - ERROR - Error fetching state for SBIN0011954: HTTPSConnectionPool(host='ifsc.razorpay.com', port=443): Max retries exceeded with url: /SBIN0011954 (Caused by NameResolutionError("HTTPSConnection(host='ifsc.razorpay.com', port=443): Failed to resolve 'ifsc.razorpay.com' ([Errno 11001] getaddrinfo failed)"))
2026-01-27 12:40:25,626 - __main__ - ERROR - Error fetching state for CBIN0284810: HTTPSConnectionPool(host='ifsc.razorpay.com', port=443): Max retries exceeded with url: /CBIN0284810 (Caused by NameResolutionError("HTTPSConnection(host='ifsc.razorpay.com', port=443): Failed to resolve 'ifsc.razorpay.com' ([Errno 11001] getaddrinfo failed)"))
2026-01-27 12:40:25,626 - __main__ - ERROR - Error fetching state for FDRL0001949: HTTPSConnectionPool(host='ifsc.razorpay.com', port=443): Max retries exceeded with url: /FDRL0001949 (Caused by NameResolutionError("HTTPSConnection(host='ifsc.razorpay.com', port=443): Failed to resolve 'ifsc.razorpay.com' ([Errno 11001] getaddrinfo failed)"))
2026-01-27 12:40:25,627 - __main__ - ERROR - Error fetching state for UBIN0904791: HTTPSConnectionPool(host='ifsc.razorpay.com', port=443): Max retries exceeded with url: /UBIN0904791 (Caused by NameResolutionError("HTTPSConnection(host='ifsc.razorpay.com', port=443): Failed to resolve 'ifsc.razorpay.com' ([Errno 11001] getaddrinfo failed)"))
2026-01-27 12:40:25,627 - __main__ - ERROR - Error fetching state for INDB0000004: HTTPSConnectionPool(host='ifsc.razorpay.com', port=443): Max retries exceeded with url: /INDB0000004 (Caused by NameResolutionError("HTTPSConnection(host='ifsc.razorpay.com', port=443): Failed to resolve 'ifsc.razorpay.com' ([Errno 11001] getaddrinfo failed)"))
2026-01-27 12:40:25,628 - __main__ - ERROR - Error fetching state for FDRL0001949: HTTPSConnectionPool(host='ifsc.razorpay.com', port=443): Max retries exceeded with url: /FDRL0001949 (Caused by NameResolutionError("HTTPSConnection(host='ifsc.razorpay.com', port=443): Failed to resolve 'ifsc.razorpay.com' ([Errno 11001] getaddrinfo failed)"))
2026-01-27 12:40:25,628 - __main__ - ERROR - Error fetching state for CBIN0284810: HTTPSConnectionPool(host='ifsc.razorpay.com', port=443): Max retries exceeded with url: /CBIN0284810 (Caused by NameResolutionError("HTTPSConnection(host='ifsc.razorpay.com', port=443): Failed to resolve 'ifsc.razorpay.com' ([Errno 11001] getaddrinfo failed)"))
2026-01-27 12:40:25,628 - __main__ - ERROR - Error fetching state for IOBA0002216: HTTPSConnectionPool(host='ifsc.razorpay.com', port=443): Max retries exceeded with url: /IOBA0002216 (Caused by NameResolutionError("HTTPSConnection(host='ifsc.razorpay.com', port=443): Failed to resolve 'ifsc.razorpay.com' ([Errno 11001] getaddrinfo failed)"))
2026-01-27 12:40:25,629 - __main__ - ERROR - Error fetching state for SBIN0016246: HTTPSConnectionPool(host='ifsc.razorpay.com', port=443): Max retries exceeded with url: /SBIN0016246 (Caused by NameResolutionError("HTTPSConnection(host='ifsc.razorpay.com', port=443): Failed to resolve 'ifsc.razorpay.com' ([Errno 11001] getaddrinfo failed)"))
2026-01-27 12:40:25,629 - __main__ - ERROR - Error fetching state for SBIN0011954: HTTPSConnectionPool(host='ifsc.razorpay.com', port=443): Max retries exceeded with url: /SBIN0011954 (Caused by NameResolutionError("HTTPSConnection(host='ifsc.razorpay.com', port=443): Failed to resolve 'ifsc.razorpay.com' ([Errno 11001] getaddrinfo failed)"))
2026-01-27 12:40:25,630 - __main__ - ERROR - Error fetching state for INDB0000004: HTTPSConnectionPool(host='ifsc.razorpay.com', port=443): Max retries exceeded with url: /INDB0000004 (Caused by NameResolutionError("HTTPSConnection(host='ifsc.razorpay.com', port=443): Failed to resolve 'ifsc.razorpay.com' ([Errno 11001] getaddrinfo failed)"))
2026-01-27 12:40:25,630 - __main__ - ERROR - Error fetching state for SBIN0060114: HTTPSConnectionPool(host='ifsc.razorpay.com', port=443): Max retries exceeded with url: /SBIN0060114 (Caused by NameResolutionError("HTTPSConnection(host='ifsc.razorpay.com', port=443): Failed to resolve 'ifsc.razorpay.com' ([Errno 11001] getaddrinfo failed)"))
2026-01-27 12:40:25,630 - __main__ - ERROR - Error fetching state for PUNB0034810: HTTPSConnectionPool(host='ifsc.razorpay.com', port=443): Max retries exceeded with url: /PUNB0034810 (Caused by NameResolutionError("HTTPSConnection(host='ifsc.razorpay.com', port=443): Failed to resolve 'ifsc.razorpay.com' ([Errno 11001] getaddrinfo failed)"))
2026-01-27 12:40:25,631 - __main__ - ERROR - Error fetching state for FDRL0001414: HTTPSConnectionPool(host='ifsc.razorpay.com', port=443): Max retries exceeded with url: /FDRL0001414 (Caused by NameResolutionError("HTTPSConnection(host='ifsc.razorpay.com', port=443): Failed to resolve 'ifsc.razorpay.com' ([Errno 11001] getaddrinfo failed)"))
2026-01-27 12:40:36,768 - __main__ - ERROR - Error fetching state for IOBA0001576: HTTPSConnectionPool(host='ifsc.razorpay.com', port=443): Max retries exceeded with url: /IOBA0001576 (Caused by NameResolutionError("HTTPSConnection(host='ifsc.razorpay.com', port=443): Failed to resolve 'ifsc.razorpay.com' ([Errno 11001] getaddrinfo failed)"))
2026-01-27 12:40:36,769 - __main__ - ERROR - Error fetching state for IOBA0002216: HTTPSConnectionPool(host='ifsc.razorpay.com', port=443): Max retries exceeded with url: /IOBA0002216 (Caused by NameResolutionError("HTTPSConnection(host='ifsc.razorpay.com', port=443): Failed to resolve 'ifsc.razorpay.com' ([Errno 11001] getaddrinfo failed)"))
2026-01-27 12:40:36,769 - __main__ - ERROR - Error fetching state for IBKL0000050: HTTPSConnectionPool(host='ifsc.razorpay.com', port=443): Max retries exceeded with url: /IBKL0000050 (Caused by NameResolutionError("HTTPSConnection(host='ifsc.razorpay.com', port=443): Failed to resolve 'ifsc.razorpay.com' ([Errno 11001] getaddrinfo failed)"))
2026-01-27 12:40:36,771 - __main__ - ERROR - Error fetching state for PUNB0034810: HTTPSConnectionPool(host='ifsc.razorpay.com', port=443): Max retries exceeded with url: /PUNB0034810 (Caused by NameResolutionError("HTTPSConnection(host='ifsc.razorpay.com', port=443): Failed to resolve 'ifsc.razorpay.com' ([Errno 11001] getaddrinfo failed)"))
2026-01-27 12:40:36,772 - __main__ - ERROR - Error fetching state for IOBA0001576: HTTPSConnectionPool(host='ifsc.razorpay.com', port=443): Max retries exceeded with url: /IOBA0001576 (Caused by NameResolutionError("HTTPSConnection(host='ifsc.razorpay.com', port=443): Failed to resolve 'ifsc.razorpay.com' ([Errno 11001] getaddrinfo failed)"))
2026-01-27 12:40:36,773 - __main__ - ERROR - Error fetching state for CNRB0000831: HTTPSConnectionPool(host='ifsc.razorpay.com', port=443): Max retries exceeded with url: /CNRB0000831 (Caused by NameResolutionError("HTTPSConnection(host='ifsc.razorpay.com', port=443): Failed to resolve 'ifsc.razorpay.com' ([Errno 11001] getaddrinfo failed)"))
2026-01-27 12:40:36,773 - __main__ - ERROR - Error fetching state for SBIN0060114: HTTPSConnectionPool(host='ifsc.razorpay.com', port=443): Max retries exceeded with url: /SBIN0060114 (Caused by NameResolutionError("HTTPSConnection(host='ifsc.razorpay.com', port=443): Failed to resolve 'ifsc.razorpay.com' ([Errno 11001] getaddrinfo failed)"))
2026-01-27 12:40:36,773 - __main__ - ERROR - Error fetching state for IBKL0000050: HTTPSConnectionPool(host='ifsc.razorpay.com', port=443): Max retries exceeded with url: /IBKL0000050 (Caused by NameResolutionError("HTTPSConnection(host='ifsc.razorpay.com', port=443): Failed to resolve 'ifsc.razorpay.com' ([Errno 11001] getaddrinfo failed)"))
2026-01-27 12:40:36,774 - __main__ - ERROR - Error fetching state for SBIN0016246: HTTPSConnectionPool(host='ifsc.razorpay.com', port=443): Max retries exceeded with url: /SBIN0016246 (Caused by NameResolutionError("HTTPSConnection(host='ifsc.razorpay.com', port=443): Failed to resolve 'ifsc.razorpay.com' ([Errno 11001] getaddrinfo failed)"))
2026-01-27 12:40:36,775 - __main__ - ERROR - Error fetching state for CBIN0285048: HTTPSConnectionPool(host='ifsc.razorpay.com', port=443): Max retries exceeded with url: /CBIN0285048 (Caused by NameResolutionError("HTTPSConnection(host='ifsc.razorpay.com', port=443): Failed to resolve 'ifsc.razorpay.com' ([Errno 11001] getaddrinfo failed)"))
2026-01-27 12:40:36,775 - __main__ - ERROR - Error fetching state for CNRB0000831: HTTPSConnectionPool(host='ifsc.razorpay.com', port=443): Max retries exceeded with url: /CNRB0000831 (Caused by NameResolutionError("HTTPSConnection(host='ifsc.razorpay.com', port=443): Failed to resolve 'ifsc.razorpay.com' ([Errno 11001] getaddrinfo failed)"))
2026-01-27 12:40:36,776 - __main__ - ERROR - Error fetching state for INDB0001364: HTTPSConnectionPool(host='ifsc.razorpay.com', port=443): Max retries exceeded with url: /INDB0001364 (Caused by NameResolutionError("HTTPSConnection(host='ifsc.razorpay.com', port=443): Failed to resolve 'ifsc.razorpay.com' ([Errno 11001] getaddrinfo failed)"))
2026-01-27 12:40:36,776 - __main__ - ERROR - Error fetching state for TMBL0000059: HTTPSConnectionPool(host='ifsc.razorpay.com', port=443): Max retries exceeded with url: /TMBL0000059 (Caused by NameResolutionError("HTTPSConnection(host='ifsc.razorpay.com', port=443): Failed to resolve 'ifsc.razorpay.com' ([Errno 11001] getaddrinfo failed)"))
2026-01-27 12:40:36,777 - __main__ - ERROR - Error fetching state for INDB0001567: HTTPSConnectionPool(host='ifsc.razorpay.com', port=443): Max retries exceeded with url: /INDB0001567 (Caused by NameResolutionError("HTTPSConnection(host='ifsc.razorpay.com', port=443): Failed to resolve 'ifsc.razorpay.com' ([Errno 11001] getaddrinfo failed)"))
2026-01-27 12:40:36,777 - __main__ - ERROR - Error fetching state for CNRB0017897: HTTPSConnectionPool(host='ifsc.razorpay.com', port=443): Max retries exceeded with url: /CNRB0017897 (Caused by NameResolutionError("HTTPSConnection(host='ifsc.razorpay.com', port=443): Failed to resolve 'ifsc.razorpay.com' ([Errno 11001] getaddrinfo failed)"))
2026-01-27 12:40:36,777 - __main__ - ERROR - Error fetching state for CIUB0000332: HTTPSConnectionPool(host='ifsc.razorpay.com', port=443): Max retries exceeded with url: /CIUB0000332 (Caused by NameResolutionError("HTTPSConnection(host='ifsc.razorpay.com', port=443): Failed to resolve 'ifsc.razorpay.com' ([Errno 11001] getaddrinfo failed)"))
2026-01-27 12:40:36,778 - __main__ - ERROR - Error fetching state for BARB0PIPRAL: HTTPSConnectionPool(host='ifsc.razorpay.com', port=443): Max retries exceeded with url: /BARB0PIPRAL (Caused by NameResolutionError("HTTPSConnection(host='ifsc.razorpay.com', port=443): Failed to resolve 'ifsc.razorpay.com' ([Errno 11001] getaddrinfo failed)"))
2026-01-27 12:40:36,778 - __main__ - ERROR - Error fetching state for INDB0001364: HTTPSConnectionPool(host='ifsc.razorpay.com', port=443): Max retries exceeded with url: /INDB0001364 (Caused by NameResolutionError("HTTPSConnection(host='ifsc.razorpay.com', port=443): Failed to resolve 'ifsc.razorpay.com' ([Errno 11001] getaddrinfo failed)"))
2026-01-27 12:40:36,779 - __main__ - ERROR - Error fetching state for CBIN0285048: HTTPSConnectionPool(host='ifsc.razorpay.com', port=443): Max retries exceeded with url: /CBIN0285048 (Caused by NameResolutionError("HTTPSConnection(host='ifsc.razorpay.com', port=443): Failed to resolve 'ifsc.razorpay.com' ([Errno 11001] getaddrinfo failed)"))
2026-01-27 12:40:36,779 - __main__ - ERROR - Error fetching state for TMBL0000059: HTTPSConnectionPool(host='ifsc.razorpay.com', port=443): Max retries exceeded with url: /TMBL0000059 (Caused by NameResolutionError("HTTPSConnection(host='ifsc.razorpay.com', port=443): Failed to resolve 'ifsc.razorpay.com' ([Errno 11001] getaddrinfo failed)"))
2026-01-27 12:40:47,939 - __main__ - ERROR - Error fetching state for INDB0001567: HTTPSConnectionPool(host='ifsc.razorpay.com', port=443): Max retries exceeded with url: /INDB0001567 (Caused by NameResolutionError("HTTPSConnection(host='ifsc.razorpay.com', port=443): Failed to resolve 'ifsc.razorpay.com' ([Errno 11001] getaddrinfo failed)"))
2026-01-27 12:40:47,940 - __main__ - ERROR - Error fetching state for BARB0BRGBXX: HTTPSConnectionPool(host='ifsc.razorpay.com', port=443): Max retries exceeded with url: /BARB0BRGBXX (Caused by NameResolutionError("HTTPSConnection(host='ifsc.razorpay.com', port=443): Failed to resolve 'ifsc.razorpay.com' ([Errno 11001] getaddrinfo failed)"))
2026-01-27 12:40:47,941 - __main__ - ERROR - Error fetching state for CNRB0017897: HTTPSConnectionPool(host='ifsc.razorpay.com', port=443): Max retries exceeded with url: /CNRB0017897 (Caused by NameResolutionError("HTTPSConnection(host='ifsc.razorpay.com', port=443): Failed to resolve 'ifsc.razorpay.com' ([Errno 11001] getaddrinfo failed)"))
2026-01-27 12:40:47,941 - __main__ - ERROR - Error fetching state for BARB0PIPRAL: HTTPSConnectionPool(host='ifsc.razorpay.com', port=443): Max retries exceeded with url: /BARB0PIPRAL (Caused by NameResolutionError("HTTPSConnection(host='ifsc.razorpay.com', port=443): Failed to resolve 'ifsc.razorpay.com' ([Errno 11001] getaddrinfo failed)"))
2026-01-27 12:40:47,942 - __main__ - ERROR - Error fetching state for FDRL0001670: HTTPSConnectionPool(host='ifsc.razorpay.com', port=443): Max retries exceeded with url: /FDRL0001670 (Caused by NameResolutionError("HTTPSConnection(host='ifsc.razorpay.com', port=443): Failed to resolve 'ifsc.razorpay.com' ([Errno 11001] getaddrinfo failed)"))
2026-01-27 12:40:47,943 - __main__ - ERROR - Error fetching state for IDIB000M008: HTTPSConnectionPool(host='ifsc.razorpay.com', port=443): Max retries exceeded with url: /IDIB000M008 (Caused by NameResolutionError("HTTPSConnection(host='ifsc.razorpay.com', port=443): Failed to resolve 'ifsc.razorpay.com' ([Errno 11001] getaddrinfo failed)"))
2026-01-27 12:40:47,943 - __main__ - ERROR - Error fetching state for FDRL0001670: HTTPSConnectionPool(host='ifsc.razorpay.com', port=443): Max retries exceeded with url: /FDRL0001670 (Caused by NameResolutionError("HTTPSConnection(host='ifsc.razorpay.com', port=443): Failed to resolve 'ifsc.razorpay.com' ([Errno 11001] getaddrinfo failed)"))
2026-01-27 12:40:47,944 - __main__ - ERROR - Error fetching state for SBIN0004557: HTTPSConnectionPool(host='ifsc.razorpay.com', port=443): Max retries exceeded with url: /SBIN0004557 (Caused by NameResolutionError("HTTPSConnection(host='ifsc.razorpay.com', port=443): Failed to resolve 'ifsc.razorpay.com' ([Errno 11001] getaddrinfo failed)"))
2026-01-27 12:40:47,944 - __main__ - ERROR - Error fetching state for BARB0PURANP: HTTPSConnectionPool(host='ifsc.razorpay.com', port=443): Max retries exceeded with url: /BARB0PURANP (Caused by NameResolutionError("HTTPSConnection(host='ifsc.razorpay.com', port=443): Failed to resolve 'ifsc.razorpay.com' ([Errno 11001] getaddrinfo failed)"))
2026-01-27 12:40:47,944 - __main__ - ERROR - Error fetching state for CIUB0000332: HTTPSConnectionPool(host='ifsc.razorpay.com', port=443): Max retries exceeded with url: /CIUB0000332 (Caused by NameResolutionError("HTTPSConnection(host='ifsc.razorpay.com', port=443): Failed to resolve 'ifsc.razorpay.com' ([Errno 11001] getaddrinfo failed)"))
2026-01-27 12:40:47,945 - __main__ - ERROR - Error fetching state for BARB0BRGBXX: HTTPSConnectionPool(host='ifsc.razorpay.com', port=443): Max retries exceeded with url: /BARB0BRGBXX (Caused by NameResolutionError("HTTPSConnection(host='ifsc.razorpay.com', port=443): Failed to resolve 'ifsc.razorpay.com' ([Errno 11001] getaddrinfo failed)"))
2026-01-27 12:40:47,945 - __main__ - ERROR - Error fetching state for PUNB0742200: HTTPSConnectionPool(host='ifsc.razorpay.com', port=443): Max retries exceeded with url: /PUNB0742200 (Caused by NameResolutionError("HTTPSConnection(host='ifsc.razorpay.com', port=443): Failed to resolve 'ifsc.razorpay.com' ([Errno 11001] getaddrinfo failed)"))
2026-01-27 12:40:47,945 - __main__ - ERROR - Error fetching state for PUNB0254400: HTTPSConnectionPool(host='ifsc.razorpay.com', port=443): Max retries exceeded with url: /PUNB0254400 (Caused by NameResolutionError("HTTPSConnection(host='ifsc.razorpay.com', port=443): Failed to resolve 'ifsc.razorpay.com' ([Errno 11001] getaddrinfo failed)"))
2026-01-27 12:40:47,946 - __main__ - ERROR - Error fetching state for IBKL0002183: HTTPSConnectionPool(host='ifsc.razorpay.com', port=443): Max retries exceeded with url: /IBKL0002183 (Caused by NameResolutionError("HTTPSConnection(host='ifsc.razorpay.com', port=443): Failed to resolve 'ifsc.razorpay.com' ([Errno 11001] getaddrinfo failed)"))
2026-01-27 12:40:47,946 - __main__ - ERROR - Error fetching state for IBKL0002183: HTTPSConnectionPool(host='ifsc.razorpay.com', port=443): Max retries exceeded with url: /IBKL0002183 (Caused by NameResolutionError("HTTPSConnection(host='ifsc.razorpay.com', port=443): Failed to resolve 'ifsc.razorpay.com' ([Errno 11001] getaddrinfo failed)"))
2026-01-27 12:40:47,946 - __main__ - ERROR - Error fetching state for CBIN0281762: HTTPSConnectionPool(host='ifsc.razorpay.com', port=443): Max retries exceeded with url: /CBIN0281762 (Caused by NameResolutionError("HTTPSConnection(host='ifsc.razorpay.com', port=443): Failed to resolve 'ifsc.razorpay.com' ([Errno 11001] getaddrinfo failed)"))
2026-01-27 12:40:47,946 - __main__ - ERROR - Error fetching state for IDIB000M008: HTTPSConnectionPool(host='ifsc.razorpay.com', port=443): Max retries exceeded with url: /IDIB000M008 (Caused by NameResolutionError("HTTPSConnection(host='ifsc.razorpay.com', port=443): Failed to resolve 'ifsc.razorpay.com' ([Errno 11001] getaddrinfo failed)"))
2026-01-27 12:40:47,947 - __main__ - ERROR - Error fetching state for JAKA0KANGAN: HTTPSConnectionPool(host='ifsc.razorpay.com', port=443): Max retries exceeded with url: /JAKA0KANGAN (Caused by NameResolutionError("HTTPSConnection(host='ifsc.razorpay.com', port=443): Failed to resolve 'ifsc.razorpay.com' ([Errno 11001] getaddrinfo failed)"))
2026-01-27 12:40:47,947 - __main__ - ERROR - Error fetching state for BARB0PURANP: HTTPSConnectionPool(host='ifsc.razorpay.com', port=443): Max retries exceeded with url: /BARB0PURANP (Caused by NameResolutionError("HTTPSConnection(host='ifsc.razorpay.com', port=443): Failed to resolve 'ifsc.razorpay.com' ([Errno 11001] getaddrinfo failed)"))
2026-01-27 12:40:47,948 - __main__ - ERROR - Error fetching state for SBIN0004557: HTTPSConnectionPool(host='ifsc.razorpay.com', port=443): Max retries exceeded with url: /SBIN0004557 (Caused by NameResolutionError("HTTPSConnection(host='ifsc.razorpay.com', port=443): Failed to resolve 'ifsc.razorpay.com' ([Errno 11001] getaddrinfo failed)"))
2026-01-27 12:40:59,050 - __main__ - ERROR - Error fetching state for PUNB0742200: HTTPSConnectionPool(host='ifsc.razorpay.com', port=443): Max retries exceeded with url: /PUNB0742200 (Caused by NameResolutionError("HTTPSConnection(host='ifsc.razorpay.com', port=443): Failed to resolve 'ifsc.razorpay.com' ([Errno 11001] getaddrinfo failed)"))
2026-01-27 12:40:59,051 - __main__ - ERROR - Error fetching state for IDIB000R575: HTTPSConnectionPool(host='ifsc.razorpay.com', port=443): Max retries exceeded with url: /IDIB000R575 (Caused by NameResolutionError("HTTPSConnection(host='ifsc.razorpay.com', port=443): Failed to resolve 'ifsc.razorpay.com' ([Errno 11001] getaddrinfo failed)"))
2026-01-27 12:40:59,051 - __main__ - ERROR - Error fetching state for CBIN0281762: HTTPSConnectionPool(host='ifsc.razorpay.com', port=443): Max retries exceeded with url: /CBIN0281762 (Caused by NameResolutionError("HTTPSConnection(host='ifsc.razorpay.com', port=443): Failed to resolve 'ifsc.razorpay.com' ([Errno 11001] getaddrinfo failed)"))
2026-01-27 12:40:59,052 - __main__ - ERROR - Error fetching state for JAKA0KANGAN: HTTPSConnectionPool(host='ifsc.razorpay.com', port=443): Max retries exceeded with url: /JAKA0KANGAN (Caused by NameResolutionError("HTTPSConnection(host='ifsc.razorpay.com', port=443): Failed to resolve 'ifsc.razorpay.com' ([Errno 11001] getaddrinfo failed)"))
2026-01-27 12:40:59,052 - __main__ - ERROR - Error fetching state for UTIB0001563: HTTPSConnectionPool(host='ifsc.razorpay.com', port=443): Max retries exceeded with url: /UTIB0001563 (Caused by NameResolutionError("HTTPSConnection(host='ifsc.razorpay.com', port=443): Failed to resolve 'ifsc.razorpay.com' ([Errno 11001] getaddrinfo failed)"))
2026-01-27 12:40:59,053 - __main__ - ERROR - Error fetching state for BARB0PAYAGI: HTTPSConnectionPool(host='ifsc.razorpay.com', port=443): Max retries exceeded with url: /BARB0PAYAGI (Caused by NameResolutionError("HTTPSConnection(host='ifsc.razorpay.com', port=443): Failed to resolve 'ifsc.razorpay.com' ([Errno 11001] getaddrinfo failed)"))
2026-01-27 12:40:59,053 - __main__ - ERROR - Error fetching state for BKID0008684: HTTPSConnectionPool(host='ifsc.razorpay.com', port=443): Max retries exceeded with url: /BKID0008684 (Caused by NameResolutionError("HTTPSConnection(host='ifsc.razorpay.com', port=443): Failed to resolve 'ifsc.razorpay.com' ([Errno 11001] getaddrinfo failed)"))
2026-01-27 12:40:59,053 - __main__ - ERROR - Error fetching state for PUNB0254400: HTTPSConnectionPool(host='ifsc.razorpay.com', port=443): Max retries exceeded with url: /PUNB0254400 (Caused by NameResolutionError("HTTPSConnection(host='ifsc.razorpay.com', port=443): Failed to resolve 'ifsc.razorpay.com' ([Errno 11001] getaddrinfo failed)"))
2026-01-27 12:40:59,054 - __main__ - ERROR - Error fetching state for UTIB0001563: HTTPSConnectionPool(host='ifsc.razorpay.com', port=443): Max retries exceeded with url: /UTIB0001563 (Caused by NameResolutionError("HTTPSConnection(host='ifsc.razorpay.com', port=443): Failed to resolve 'ifsc.razorpay.com' ([Errno 11001] getaddrinfo failed)"))
2026-01-27 12:40:59,054 - __main__ - ERROR - Error fetching state for SBIN0000098: HTTPSConnectionPool(host='ifsc.razorpay.com', port=443): Max retries exceeded with url: /SBIN0000098 (Caused by NameResolutionError("HTTPSConnection(host='ifsc.razorpay.com', port=443): Failed to resolve 'ifsc.razorpay.com' ([Errno 11001] getaddrinfo failed)"))
2026-01-27 12:40:59,054 - __main__ - ERROR - Error fetching state for HDFC0000881: HTTPSConnectionPool(host='ifsc.razorpay.com', port=443): Max retries exceeded with url: /HDFC0000881 (Caused by NameResolutionError("HTTPSConnection(host='ifsc.razorpay.com', port=443): Failed to resolve 'ifsc.razorpay.com' ([Errno 11001] getaddrinfo failed)"))
2026-01-27 12:40:59,055 - __main__ - ERROR - Error fetching state for BARB0MUMAMM: HTTPSConnectionPool(host='ifsc.razorpay.com', port=443): Max retries exceeded with url: /BARB0MUMAMM (Caused by NameResolutionError("HTTPSConnection(host='ifsc.razorpay.com', port=443): Failed to resolve 'ifsc.razorpay.com' ([Errno 11001] getaddrinfo failed)"))
2026-01-27 12:40:59,056 - __main__ - ERROR - Error fetching state for SBIN0001502: HTTPSConnectionPool(host='ifsc.razorpay.com', port=443): Max retries exceeded with url: /SBIN0001502 (Caused by NameResolutionError("HTTPSConnection(host='ifsc.razorpay.com', port=443): Failed to resolve 'ifsc.razorpay.com' ([Errno 11001] getaddrinfo failed)"))
2026-01-27 12:40:59,056 - __main__ - ERROR - Error fetching state for IDIB000R575: HTTPSConnectionPool(host='ifsc.razorpay.com', port=443): Max retries exceeded with url: /IDIB000R575 (Caused by NameResolutionError("HTTPSConnection(host='ifsc.razorpay.com', port=443): Failed to resolve 'ifsc.razorpay.com' ([Errno 11001] getaddrinfo failed)"))
2026-01-27 12:40:59,056 - __main__ - ERROR - Error fetching state for BARB0GANGAS: HTTPSConnectionPool(host='ifsc.razorpay.com', port=443): Max retries exceeded with url: /BARB0GANGAS (Caused by NameResolutionError("HTTPSConnection(host='ifsc.razorpay.com', port=443): Failed to resolve 'ifsc.razorpay.com' ([Errno 11001] getaddrinfo failed)"))
2026-01-27 12:40:59,056 - __main__ - ERROR - Error fetching state for CNRB0000507: HTTPSConnectionPool(host='ifsc.razorpay.com', port=443): Max retries exceeded with url: /CNRB0000507 (Caused by NameResolutionError("HTTPSConnection(host='ifsc.razorpay.com', port=443): Failed to resolve 'ifsc.razorpay.com' ([Errno 11001] getaddrinfo failed)"))
2026-01-27 12:40:59,056 - __main__ - ERROR - Error fetching state for BKID0008684: HTTPSConnectionPool(host='ifsc.razorpay.com', port=443): Max retries exceeded with url: /BKID0008684 (Caused by NameResolutionError("HTTPSConnection(host='ifsc.razorpay.com', port=443): Failed to resolve 'ifsc.razorpay.com' ([Errno 11001] getaddrinfo failed)"))
2026-01-27 12:40:59,057 - __main__ - ERROR - Error fetching state for HDFC0000881: HTTPSConnectionPool(host='ifsc.razorpay.com', port=443): Max retries exceeded with url: /HDFC0000881 (Caused by NameResolutionError("HTTPSConnection(host='ifsc.razorpay.com', port=443): Failed to resolve 'ifsc.razorpay.com' ([Errno 11001] getaddrinfo failed)"))
2026-01-27 12:40:59,057 - __main__ - ERROR - Error fetching state for BARB0MUMAMM: HTTPSConnectionPool(host='ifsc.razorpay.com', port=443): Max retries exceeded with url: /BARB0MUMAMM (Caused by NameResolutionError("HTTPSConnection(host='ifsc.razorpay.com', port=443): Failed to resolve 'ifsc.razorpay.com' ([Errno 11001] getaddrinfo failed)"))
2026-01-27 12:40:59,058 - __main__ - ERROR - Error fetching state for SBIN0000098: HTTPSConnectionPool(host='ifsc.razorpay.com', port=443): Max retries exceeded with url: /SBIN0000098 (Caused by NameResolutionError("HTTPSConnection(host='ifsc.razorpay.com', port=443): Failed to resolve 'ifsc.razorpay.com' ([Errno 11001] getaddrinfo failed)"))
2026-01-27 12:41:10,155 - __main__ - ERROR - Error fetching state for SBIN0001502: HTTPSConnectionPool(host='ifsc.razorpay.com', port=443): Max retries exceeded with url: /SBIN0001502 (Caused by NameResolutionError("HTTPSConnection(host='ifsc.razorpay.com', port=443): Failed to resolve 'ifsc.razorpay.com' ([Errno 11001] getaddrinfo failed)"))
2026-01-27 12:41:10,170 - __main__ - ERROR - Error fetching state for BDBL0002602: HTTPSConnectionPool(host='ifsc.razorpay.com', port=443): Max retries exceeded with url: /BDBL0002602 (Caused by NameResolutionError("HTTPSConnection(host='ifsc.razorpay.com', port=443): Failed to resolve 'ifsc.razorpay.com' ([Errno 11001] getaddrinfo failed)"))
2026-01-27 12:41:10,172 - __main__ - ERROR - Error fetching state for BARB0GANGAS: HTTPSConnectionPool(host='ifsc.razorpay.com', port=443): Max retries exceeded with url: /BARB0GANGAS (Caused by NameResolutionError("HTTPSConnection(host='ifsc.razorpay.com', port=443): Failed to resolve 'ifsc.razorpay.com' ([Errno 11001] getaddrinfo failed)"))
2026-01-27 12:41:10,173 - __main__ - ERROR - Error fetching state for CNRB0000507: HTTPSConnectionPool(host='ifsc.razorpay.com', port=443): Max retries exceeded with url: /CNRB0000507 (Caused by NameResolutionError("HTTPSConnection(host='ifsc.razorpay.com', port=443): Failed to resolve 'ifsc.razorpay.com' ([Errno 11001] getaddrinfo failed)"))
2026-01-27 12:41:10,174 - __main__ - ERROR - Error fetching state for BARB0CHURUX: HTTPSConnectionPool(host='ifsc.razorpay.com', port=443): Max retries exceeded with url: /BARB0CHURUX (Caused by NameResolutionError("HTTPSConnection(host='ifsc.razorpay.com', port=443): Failed to resolve 'ifsc.razorpay.com' ([Errno 11001] getaddrinfo failed)"))
2026-01-27 12:41:10,176 - __main__ - ERROR - Error fetching state for CNRB0001182: HTTPSConnectionPool(host='ifsc.razorpay.com', port=443): Max retries exceeded with url: /CNRB0001182 (Caused by NameResolutionError("HTTPSConnection(host='ifsc.razorpay.com', port=443): Failed to resolve 'ifsc.razorpay.com' ([Errno 11001] getaddrinfo failed)"))
2026-01-27 12:41:10,176 - __main__ - ERROR - Error fetching state for BARB0MARDIX: HTTPSConnectionPool(host='ifsc.razorpay.com', port=443): Max retries exceeded with url: /BARB0MARDIX (Caused by NameResolutionError("HTTPSConnection(host='ifsc.razorpay.com', port=443): Failed to resolve 'ifsc.razorpay.com' ([Errno 11001] getaddrinfo failed)"))
2026-01-27 12:41:10,177 - __main__ - ERROR - Error fetching state for BDBL0002602: HTTPSConnectionPool(host='ifsc.razorpay.com', port=443): Max retries exceeded with url: /BDBL0002602 (Caused by NameResolutionError("HTTPSConnection(host='ifsc.razorpay.com', port=443): Failed to resolve 'ifsc.razorpay.com' ([Errno 11001] getaddrinfo failed)"))
2026-01-27 12:41:10,177 - __main__ - ERROR - Error fetching state for BARB0PAYAGI: HTTPSConnectionPool(host='ifsc.razorpay.com', port=443): Max retries exceeded with url: /BARB0PAYAGI (Caused by NameResolutionError("HTTPSConnection(host='ifsc.razorpay.com', port=443): Failed to resolve 'ifsc.razorpay.com' ([Errno 11001] getaddrinfo failed)"))
2026-01-27 12:41:10,178 - __main__ - ERROR - Error fetching state for PUNB0225600: HTTPSConnectionPool(host='ifsc.razorpay.com', port=443): Max retries exceeded with url: /PUNB0225600 (Caused by NameResolutionError("HTTPSConnection(host='ifsc.razorpay.com', port=443): Failed to resolve 'ifsc.razorpay.com' ([Errno 11001] getaddrinfo failed)"))
2026-01-27 12:41:10,178 - __main__ - ERROR - Error fetching state for JAKA0SAFAPO: HTTPSConnectionPool(host='ifsc.razorpay.com', port=443): Max retries exceeded with url: /JAKA0SAFAPO (Caused by NameResolutionError("HTTPSConnection(host='ifsc.razorpay.com', port=443): Failed to resolve 'ifsc.razorpay.com' ([Errno 11001] getaddrinfo failed)"))
2026-01-27 12:41:10,227 - __main__ - ERROR - Error fetching state for IOBA0003820: HTTPSConnectionPool(host='ifsc.razorpay.com', port=443): Max retries exceeded with url: /IOBA0003820 (Caused by NameResolutionError("HTTPSConnection(host='ifsc.razorpay.com', port=443): Failed to resolve 'ifsc.razorpay.com' ([Errno 11001] getaddrinfo failed)"))
2026-01-27 12:41:10,227 - __main__ - ERROR - Error fetching state for KARB0000664: HTTPSConnectionPool(host='ifsc.razorpay.com', port=443): Max retries exceeded with url: /KARB0000664 (Caused by NameResolutionError("HTTPSConnection(host='ifsc.razorpay.com', port=443): Failed to resolve 'ifsc.razorpay.com' ([Errno 11001] getaddrinfo failed)"))
2026-01-27 12:41:10,228 - __main__ - ERROR - Error fetching state for CNRB0001182: HTTPSConnectionPool(host='ifsc.razorpay.com', port=443): Max retries exceeded with url: /CNRB0001182 (Caused by NameResolutionError("HTTPSConnection(host='ifsc.razorpay.com', port=443): Failed to resolve 'ifsc.razorpay.com' ([Errno 11001] getaddrinfo failed)"))
2026-01-27 12:41:10,229 - __main__ - ERROR - Error fetching state for SBIN0018264: HTTPSConnectionPool(host='ifsc.razorpay.com', port=443): Max retries exceeded with url: /SBIN0018264 (Caused by NameResolutionError("HTTPSConnection(host='ifsc.razorpay.com', port=443): Failed to resolve 'ifsc.razorpay.com' ([Errno 11001] getaddrinfo failed)"))
2026-01-27 12:41:10,229 - __main__ - ERROR - Error fetching state for PUNB0225600: HTTPSConnectionPool(host='ifsc.razorpay.com', port=443): Max retries exceeded with url: /PUNB0225600 (Caused by NameResolutionError("HTTPSConnection(host='ifsc.razorpay.com', port=443): Failed to resolve 'ifsc.razorpay.com' ([Errno 11001] getaddrinfo failed)"))
2026-01-27 12:41:10,230 - __main__ - ERROR - Error fetching state for BARB0MARDIX: HTTPSConnectionPool(host='ifsc.razorpay.com', port=443): Max retries exceeded with url: /BARB0MARDIX (Caused by NameResolutionError("HTTPSConnection(host='ifsc.razorpay.com', port=443): Failed to resolve 'ifsc.razorpay.com' ([Errno 11001] getaddrinfo failed)"))
2026-01-27 12:41:10,230 - __main__ - ERROR - Error fetching state for BARB0CHURUX: HTTPSConnectionPool(host='ifsc.razorpay.com', port=443): Max retries exceeded with url: /BARB0CHURUX (Caused by NameResolutionError("HTTPSConnection(host='ifsc.razorpay.com', port=443): Failed to resolve 'ifsc.razorpay.com' ([Errno 11001] getaddrinfo failed)"))
2026-01-27 12:41:10,230 - __main__ - ERROR - Error fetching state for RATN0000467: HTTPSConnectionPool(host='ifsc.razorpay.com', port=443): Max retries exceeded with url: /RATN0000467 (Caused by NameResolutionError("HTTPSConnection(host='ifsc.razorpay.com', port=443): Failed to resolve 'ifsc.razorpay.com' ([Errno 11001] getaddrinfo failed)"))
2026-01-27 12:41:10,231 - __main__ - ERROR - Error fetching state for SBIN0018264: HTTPSConnectionPool(host='ifsc.razorpay.com', port=443): Max retries exceeded with url: /SBIN0018264 (Caused by NameResolutionError("HTTPSConnection(host='ifsc.razorpay.com', port=443): Failed to resolve 'ifsc.razorpay.com' ([Errno 11001] getaddrinfo failed)"))
2026-01-27 12:41:11,203 - __main__ - ERROR - Error fetching state for PUNB0051220: HTTPSConnectionPool(host='ifsc.razorpay.com', port=443): Max retries exceeded with url: /PUNB0051220 (Caused by NameResolutionError("HTTPSConnection(host='ifsc.razorpay.com', port=443): Failed to resolve 'ifsc.razorpay.com' ([Errno 11001] getaddrinfo failed)"))
2026-01-27 12:53:42,626 - __main__ - ERROR - Error fetching state for SBIN0000229: ('Connection aborted.', ConnectionResetError(10054, 'An existing connection was forcibly closed by the remote host', None, 10054, None))
2026-01-27 12:53:42,626 - __main__ - ERROR - Error fetching state for PUNB0995600: ('Connection aborted.', ConnectionResetError(10054, 'An existing connection was forcibly closed by the remote host', None, 10054, None))
2026-01-27 12:53:42,627 - __main__ - ERROR - Error fetching state for SBIN0002679: ('Connection aborted.', ConnectionResetError(10054, 'An existing connection was forcibly closed by the remote host', None, 10054, None))
2026-01-27 12:53:42,628 - __main__ - ERROR - Error fetching state for SBIN0005906: ('Connection aborted.', ConnectionResetError(10054, 'An existing connection was forcibly closed by the remote host', None, 10054, None))
2026-01-27 12:53:42,630 - __main__ - ERROR - Error fetching state for SBIN0007082: ('Connection aborted.', ConnectionResetError(10054, 'An existing connection was forcibly closed by the remote host', None, 10054, None))
2026-01-27 12:53:42,631 - __main__ - ERROR - Error fetching state for SBIN0002679: ('Connection aborted.', ConnectionResetError(10054, 'An existing connection was forcibly closed by the remote host', None, 10054, None))
2026-01-27 12:53:42,631 - __main__ - ERROR - Error fetching state for JAKA0EBSHAL: ('Connection aborted.', ConnectionResetError(10054, 'An existing connection was forcibly closed by the remote host', None, 10054, None))
2026-01-27 12:53:42,632 - __main__ - ERROR - Error fetching state for PUNB0003120: ('Connection aborted.', ConnectionResetError(10054, 'An existing connection was forcibly closed by the remote host', None, 10054, None))
2026-01-27 12:53:42,632 - __main__ - ERROR - Error fetching state for ICIC0001633: ('Connection aborted.', ConnectionResetError(10054, 'An existing connection was forcibly closed by the remote host', None, 10054, None))
2026-01-27 12:53:42,633 - __main__ - ERROR - Error fetching state for JAKA0EBSHAL: ('Connection aborted.', ConnectionResetError(10054, 'An existing connection was forcibly closed by the remote host', None, 10054, None))
2026-01-27 12:53:42,633 - __main__ - ERROR - Error fetching state for IDIB000N082: ('Connection aborted.', ConnectionResetError(10054, 'An existing connection was forcibly closed by the remote host', None, 10054, None))
2026-01-27 12:53:42,636 - __main__ - ERROR - Error fetching state for IDFB0042361: HTTPSConnectionPool(host='ifsc.razorpay.com', port=443): Max retries exceeded with url: /IDFB0042361 (Caused by NewConnectionError("HTTPSConnection(host='ifsc.razorpay.com', port=443): Failed to establish a new connection: [WinError 10051] A socket operation was attempted to an unreachable network"))
2026-01-27 12:53:42,637 - __main__ - ERROR - Error fetching state for BDBL0001910: HTTPSConnectionPool(host='ifsc.razorpay.com', port=443): Max retries exceeded with url: /BDBL0001910 (Caused by NewConnectionError("HTTPSConnection(host='ifsc.razorpay.com', port=443): Failed to establish a new connection: [WinError 10051] A socket operation was attempted to an unreachable network"))
2026-01-27 12:53:43,018 - __main__ - ERROR - Error fetching state for ICIC0001319: ('Connection aborted.', ConnectionResetError(10054, 'An existing connection was forcibly closed by the remote host', None, 10054, None))
2026-01-27 12:53:46,400 - __main__ - ERROR - Error fetching state for HDFC0002974: ('Connection aborted.', ConnectionResetError(10054, 'An existing connection was forcibly closed by the remote host', None, 10054, None))
2026-01-27 12:53:47,143 - __main__ - ERROR - Error fetching state for CNRB0003118: ('Connection aborted.', ConnectionResetError(10054, 'An existing connection was forcibly closed by the remote host', None, 10054, None))
2026-01-27 12:53:47,758 - __main__ - ERROR - Error fetching state for HDFC0003347: ('Connection aborted.', ConnectionResetError(10054, 'An existing connection was forcibly closed by the remote host', None, 10054, None))
2026-01-27 12:53:48,690 - __main__ - ERROR - Error fetching state for TMBL0000211: ('Connection aborted.', ConnectionResetError(10054, 'An existing connection was forcibly closed by the remote host', None, 10054, None))
2026-01-27 12:53:49,045 - __main__ - ERROR - Error fetching state for PUNB0003120: ('Connection aborted.', ConnectionResetError(10054, 'An existing connection was forcibly closed by the remote host', None, 10054, None))
2026-01-27 12:53:50,973 - __main__ - ERROR - Error fetching state for YESB0000620: ('Connection aborted.', ConnectionResetError(10054, 'An existing connection was forcibly closed by the remote host', None, 10054, None))
2026-01-27 12:53:51,094 - __main__ - ERROR - Error fetching state for UTIB0SBPP02: ('Connection aborted.', ConnectionResetError(10054, 'An existing connection was forcibly closed by the remote host', None, 10054, None))
2026-01-27 12:53:51,265 - __main__ - ERROR - Error fetching state for ICIC0001633: ('Connection aborted.', ConnectionResetError(10054, 'An existing connection was forcibly closed by the remote host', None, 10054, None))
2026-01-27 12:53:54,103 - __main__ - ERROR - Error fetching state for ICIC0001319: ('Connection aborted.', ConnectionResetError(10054, 'An existing connection was forcibly closed by the remote host', None, 10054, None))
2026-01-27 12:53:54,181 - __main__ - ERROR - Error fetching state for CNRB0003118: ('Connection aborted.', ConnectionResetError(10054, 'An existing connection was forcibly closed by the remote host', None, 10054, None))
2026-01-27 12:53:54,256 - __main__ - ERROR - Error fetching state for RATN0000164: HTTPSConnectionPool(host='ifsc.razorpay.com', port=443): Max retries exceeded with url: /RATN0000164 (Caused by NameResolutionError("HTTPSConnection(host='ifsc.razorpay.com', port=443): Failed to resolve 'ifsc.razorpay.com' ([Errno 11001] getaddrinfo failed)"))
2026-01-27 12:53:54,258 - __main__ - ERROR - Error fetching state for SBIN0010098: HTTPSConnectionPool(host='ifsc.razorpay.com', port=443): Max retries exceeded with url: /SBIN0010098 (Caused by NameResolutionError("HTTPSConnection(host='ifsc.razorpay.com', port=443): Failed to resolve 'ifsc.razorpay.com' ([Errno 11001] getaddrinfo failed)"))
2026-01-27 12:53:54,259 - __main__ - ERROR - Error fetching state for SBIN0010098: HTTPSConnectionPool(host='ifsc.razorpay.com', port=443): Max retries exceeded with url: /SBIN0010098 (Caused by NameResolutionError("HTTPSConnection(host='ifsc.razorpay.com', port=443): Failed to resolve 'ifsc.razorpay.com' ([Errno 11001] getaddrinfo failed)"))
2026-01-27 12:53:54,257 - __main__ - ERROR - Error fetching state for MAHB0002558: HTTPSConnectionPool(host='ifsc.razorpay.com', port=443): Max retries exceeded with url: /MAHB0002558 (Caused by NameResolutionError("HTTPSConnection(host='ifsc.razorpay.com', port=443): Failed to resolve 'ifsc.razorpay.com' ([Errno 11001] getaddrinfo failed)"))
2026-01-27 12:53:54,259 - __main__ - ERROR - Error fetching state for CITI0RTGSMI: HTTPSConnectionPool(host='ifsc.razorpay.com', port=443): Max retries exceeded with url: /CITI0RTGSMI (Caused by NameResolutionError("HTTPSConnection(host='ifsc.razorpay.com', port=443): Failed to resolve 'ifsc.razorpay.com' ([Errno 11001] getaddrinfo failed)"))
2026-01-27 12:53:54,260 - __main__ - ERROR - Error fetching state for CNRB0018065: HTTPSConnectionPool(host='ifsc.razorpay.com', port=443): Max retries exceeded with url: /CNRB0018065 (Caused by NameResolutionError("HTTPSConnection(host='ifsc.razorpay.com', port=443): Failed to resolve 'ifsc.razorpay.com' ([Errno 11001] getaddrinfo failed)"))
2026-01-27 12:53:54,261 - __main__ - ERROR - Error fetching state for HDFC0002594: HTTPSConnectionPool(host='ifsc.razorpay.com', port=443): Max retries exceeded with url: /HDFC0002594 (Caused by NameResolutionError("HTTPSConnection(host='ifsc.razorpay.com', port=443): Failed to resolve 'ifsc.razorpay.com' ([Errno 11001] getaddrinfo failed)"))
2026-01-27 12:53:54,261 - __main__ - ERROR - Error fetching state for KKBK0007509: HTTPSConnectionPool(host='ifsc.razorpay.com', port=443): Max retries exceeded with url: /KKBK0007509 (Caused by NameResolutionError("HTTPSConnection(host='ifsc.razorpay.com', port=443): Failed to resolve 'ifsc.razorpay.com' ([Errno 11001] getaddrinfo failed)"))
2026-01-27 12:53:54,262 - __main__ - ERROR - Error fetching state for INDB0001631: HTTPSConnectionPool(host='ifsc.razorpay.com', port=443): Max retries exceeded with url: /INDB0001631 (Caused by NameResolutionError("HTTPSConnection(host='ifsc.razorpay.com', port=443): Failed to resolve 'ifsc.razorpay.com' ([Errno 11001] getaddrinfo failed)"))
2026-01-27 12:53:54,262 - __main__ - ERROR - Error fetching state for PUNB0215010: HTTPSConnectionPool(host='ifsc.razorpay.com', port=443): Max retries exceeded with url: /PUNB0215010 (Caused by NameResolutionError("HTTPSConnection(host='ifsc.razorpay.com', port=443): Failed to resolve 'ifsc.razorpay.com' ([Errno 11001] getaddrinfo failed)"))
2026-01-27 12:53:54,277 - __main__ - ERROR - Error fetching state for CNRB0018065: HTTPSConnectionPool(host='ifsc.razorpay.com', port=443): Max retries exceeded with url: /CNRB0018065 (Caused by NameResolutionError("HTTPSConnection(host='ifsc.razorpay.com', port=443): Failed to resolve 'ifsc.razorpay.com' ([Errno 11001] getaddrinfo failed)"))
2026-01-27 12:53:54,278 - __main__ - ERROR - Error fetching state for PUNB0215010: HTTPSConnectionPool(host='ifsc.razorpay.com', port=443): Max retries exceeded with url: /PUNB0215010 (Caused by NameResolutionError("HTTPSConnection(host='ifsc.razorpay.com', port=443): Failed to resolve 'ifsc.razorpay.com' ([Errno 11001] getaddrinfo failed)"))
2026-01-27 12:53:54,279 - __main__ - ERROR - Error fetching state for CNRB0000000: HTTPSConnectionPool(host='ifsc.razorpay.com', port=443): Max retries exceeded with url: /CNRB0000000 (Caused by NameResolutionError("HTTPSConnection(host='ifsc.razorpay.com', port=443): Failed to resolve 'ifsc.razorpay.com' ([Errno 11001] getaddrinfo failed)"))
2026-01-27 12:53:54,326 - __main__ - ERROR - Error fetching state for SBIN0004787: HTTPSConnectionPool(host='ifsc.razorpay.com', port=443): Max retries exceeded with url: /SBIN0004787 (Caused by NameResolutionError("HTTPSConnection(host='ifsc.razorpay.com', port=443): Failed to resolve 'ifsc.razorpay.com' ([Errno 11001] getaddrinfo failed)"))
2026-01-27 12:53:54,949 - __main__ - ERROR - Error fetching state for BDBL0001910: ('Connection aborted.', ConnectionResetError(10054, 'An existing connection was forcibly closed by the remote host', None, 10054, None))
2026-01-27 12:53:56,560 - __main__ - ERROR - Error fetching state for HDFC0003347: ('Connection aborted.', ConnectionResetError(10054, 'An existing connection was forcibly closed by the remote host', None, 10054, None))
2026-01-27 12:54:07,066 - __main__ - ERROR - Error fetching state for UTIB0001838: ('Connection aborted.', ConnectionResetError(10054, 'An existing connection was forcibly closed by the remote host', None, 10054, None))
2026-01-27 12:54:08,994 - __main__ - ERROR - Error fetching state for SIBL0000445: ('Connection aborted.', ConnectionResetError(10054, 'An existing connection was forcibly closed by the remote host', None, 10054, None))
2026-01-27 12:54:09,167 - __main__ - ERROR - Error fetching state for MAHB0002558: ('Connection aborted.', ConnectionResetError(10054, 'An existing connection was forcibly closed by the remote host', None, 10054, None))
2026-01-27 12:54:10,790 - __main__ - ERROR - Error fetching state for YESB0000620: ('Connection aborted.', ConnectionResetError(10054, 'An existing connection was forcibly closed by the remote host', None, 10054, None))
2026-01-27 12:55:23,301 - __main__ - INFO - User initialization complete.
2026-01-27 12:55:28,841 - __main__ - INFO - User initialization complete.
2026-01-27 12:55:46,325 - __main__ - INFO - Fetching graph data for ACK: 22912250105209
2026-01-27 12:55:46,464 - __main__ - INFO - Found 196 transactions for ACK 22912250105209
2026-01-27 12:55:46,474 - __main__ - INFO - Restored persistent POH details for 2 transactions
2026-01-27 12:55:46,506 - __main__ - INFO - Restored persistent KYC details for 1 transactions
2026-01-27 12:55:46,521 - __main__ - INFO - Built hierarchy with 1 root children
2026-01-27 12:56:05,166 - __main__ - INFO - Fetching graph data for ACK: 22903250021752
2026-01-27 12:56:05,552 - __main__ - INFO - Found 3756 transactions for ACK 22903250021752
2026-01-27 12:56:05,621 - __main__ - INFO - Restored persistent KYC details for 0 transactions
2026-01-27 12:56:07,740 - __main__ - INFO - Built hierarchy with 3 root children
2026-01-27 12:56:49,134 - __main__ - INFO - Saved 1506 entries to IFSC cache.
2026-01-27 13:04:09,341 - __main__ - INFO - Loaded 1506 entries from IFSC cache.
2026-01-27 13:04:09,870 - __main__ - INFO - User initialization complete.
2026-01-27 13:08:04,937 - __main__ - INFO - Fetching graph data for ACK: 22903250021752
2026-01-27 13:08:05,467 - __main__ - INFO - Found 3756 transactions for ACK 22903250021752
2026-01-27 13:08:05,531 - __main__ - INFO - Restored persistent KYC details for 0 transactions
2026-01-27 13:08:07,359 - __main__ - INFO - Built hierarchy with 3 root children
2026-01-27 13:09:21,897 - __main__ - INFO - Loaded 1506 entries from IFSC cache.
2026-01-27 13:09:22,517 - __main__ - INFO - User initialization complete.
2026-01-27 13:12:45,954 - __main__ - INFO - Loaded 1506 entries from IFSC cache.
2026-01-27 13:12:46,418 - __main__ - INFO - User initialization complete.
2026-01-27 13:13:07,252 - __main__ - INFO - Fetching graph data for ACK: 22903250021752
2026-01-27 13:13:07,757 - __main__ - INFO - Found 3756 transactions for ACK 22903250021752
2026-01-27 13:13:07,830 - __main__ - INFO - Restored persistent KYC details for 0 transactions
2026-01-27 13:13:09,755 - __main__ - INFO - Built hierarchy with 3 root children
2026-01-28 11:47:53,484 - __main__ - INFO - Loaded 1506 entries from IFSC cache.
2026-01-28 11:47:58,379 - __main__ - INFO - User initialization complete.
2026-01-28 11:48:47,962 - __main__ - INFO - Loaded 1506 entries from IFSC cache.
2026-01-28 11:48:49,670 - __main__ - INFO - User initialization complete.
2026-01-28 12:04:46,793 - __main__ - INFO - Loaded 1506 entries from IFSC cache.
2026-01-28 12:04:47,456 - __main__ - INFO - User initialization complete.
2026-01-28 12:07:13,136 - __main__ - INFO - Fetching graph data for ACK: 22912250105209
2026-01-28 12:07:13,277 - __main__ - INFO - Found 196 transactions for ACK 22912250105209
2026-01-28 12:07:13,290 - __main__ - INFO - Restored persistent POH details for 2 transactions
2026-01-28 12:07:13,323 - __main__ - INFO - Restored persistent KYC details for 1 transactions
2026-01-28 12:07:13,338 - __main__ - INFO - Built hierarchy with 1 root children
2026-01-28 12:07:57,457 - __main__ - INFO - Generating letter for ack_no=22912250105209, account=925020036850040, is_poh=True
2026-01-28 12:07:57,475 - __main__ - INFO - Found 2 POH transactions
2026-01-28 12:07:57,541 - __main__ - INFO - Replacements prepared: {'<Bank Name>': 'Axis Bank', '<amount lost>': '2,182.60', '<total amount>': '2,182.60', '(corresponding layer)': '2', '<transaction date - 6 months>': '21-06-2025', '<from date>': '18/12/2025 12:00:00 AM', '<Rank>': 'ADGP', '<Name>': 'varshini', '<Phno>': '8976452367', '<email id>': 'varshini@gmail.com', '<Cr.No>': '12', '<Acknowledgement no>': '22912250105209', '<Account No>': '925020036850040', '<To Date>': '28-01-2026', '<current date>': '28-01-2026'}
2026-01-28 12:13:38,490 - __main__ - INFO - Loaded 1506 entries from IFSC cache.
2026-01-28 12:13:39,051 - __main__ - INFO - User initialization complete.
2026-01-28 12:14:21,514 - __main__ - INFO - Loaded 1506 entries from IFSC cache.
2026-01-28 12:14:21,975 - __main__ - INFO - User initialization complete.
2026-01-28 12:15:02,765 - __main__ - INFO - Loaded 1506 entries from IFSC cache.
2026-01-28 12:15:03,229 - __main__ - INFO - User initialization complete.
2026-01-28 12:18:45,899 - __main__ - INFO - Loaded 1506 entries from IFSC cache.
2026-01-28 12:18:46,576 - __main__ - INFO - User initialization complete.
2026-01-28 12:18:50,488 - __main__ - INFO - Loaded 1506 entries from IFSC cache.
2026-01-28 12:18:50,964 - __main__ - INFO - User initialization complete.
2026-01-28 12:19:26,312 - __main__ - INFO - Loaded 1506 entries from IFSC cache.
2026-01-28 12:19:26,737 - __main__ - INFO - User initialization complete.
2026-01-28 12:35:44,890 - __main__ - INFO - Loaded 1506 entries from IFSC cache.
2026-01-28 12:35:46,084 - __main__ - INFO - User initialization complete.
2026-01-28 12:35:51,867 - __main__ - INFO - Loaded 1506 entries from IFSC cache.
2026-01-28 12:35:52,551 - __main__ - INFO - User initialization complete.
2026-01-28 12:36:19,404 - __main__ - INFO - Fetching graph data for ACK: 22912250105209
2026-01-28 12:36:19,512 - __main__ - INFO - Found 196 transactions for ACK 22912250105209
2026-01-28 12:36:19,531 - __main__ - INFO - Restored persistent POH details for 2 transactions
2026-01-28 12:36:19,621 - __main__ - INFO - Restored persistent KYC details for 1 transactions
2026-01-28 12:36:19,677 - __main__ - INFO - Built hierarchy with 1 root children
2026-01-28 12:36:39,636 - __main__ - INFO - Generating letter for ack_no=22912250105209, account=925020036850040, is_poh=True
2026-01-28 12:36:39,650 - __main__ - INFO - Found 2 POH transactions
2026-01-28 12:36:39,732 - __main__ - INFO - Replacements prepared: {'<Bank Name>': 'Axis Bank', '<amount lost>': '2,182.60', '<total amount>': '2,300,000.00', '(corresponding layer)': '2nd Layer', '<transaction date - 6 months>': '21-06-2025', '<from date>': '18/12/2025 12:00:00 AM', '<Rank>': 'ADGP', '<Name>': 'varshini', '<Phno>': '8976452367', '<email id>': 'varshini@gmail.com', '<Cr.No>': '12', '<Acknowledgement no>': '22912250105209', '<Account No>': '925020036850040', '<To Date>': '28-01-2026', '<current date>': '28-01-2026'}
2026-01-28 12:39:25,908 - __main__ - INFO - Loaded 1506 entries from IFSC cache.
2026-01-28 12:39:26,596 - __main__ - INFO - User initialization complete.
2026-01-28 12:42:33,491 - __main__ - INFO - Loaded 1506 entries from IFSC cache.
2026-01-28 12:42:34,589 - __main__ - INFO - User initialization complete.
2026-01-28 12:43:37,523 - __main__ - INFO - Fetching graph data for ACK: 22912250105209
2026-01-28 12:43:37,674 - __main__ - INFO - Found 196 transactions for ACK 22912250105209
2026-01-28 12:43:37,682 - __main__ - INFO - Restored persistent POH details for 2 transactions
2026-01-28 12:43:37,710 - __main__ - INFO - Restored persistent KYC details for 1 transactions
2026-01-28 12:43:37,726 - __main__ - INFO - Built hierarchy with 1 root children
2026-01-28 12:43:40,148 - __main__ - INFO - Fetching graph data for ACK: 22912250105209
2026-01-28 12:43:40,188 - __main__ - INFO - Found 196 transactions for ACK 22912250105209
2026-01-28 12:43:40,195 - __main__ - INFO - Restored persistent POH details for 2 transactions
2026-01-28 12:43:40,213 - __main__ - INFO - Restored persistent KYC details for 1 transactions
2026-01-28 12:43:40,220 - __main__ - INFO - Built hierarchy with 1 root children
2026-01-28 12:43:59,122 - __main__ - INFO - Generating letter for ack_no=22912250105209, account=155501000008140, is_poh=True
2026-01-28 12:43:59,134 - __main__ - INFO - Found 1 POH transactions
2026-01-28 12:43:59,173 - __main__ - INFO - Replacements prepared: {'<Bank Name>': 'Indian Overseas Bank', '<amount lost>': '40,100.00', '<total amount>': '40,100.00', '(corresponding layer)': '3rd layer', '<transaction date - 6 months>': '21-06-2025', '<from date>': '18/12/2025 12:00:00 AM', '<Rank>': 'ADGP', '<Name>': 'varshini', '<Phno>': '8976452367', '<email id>': 'varshini@gmail.com', '<Cr.No>': '12', '<Acknowledgement no>': '22912250105209', '<Account No>': '155501000008140', '<To Date>': '28-01-2026', '<current date>': '28-01-2026'}
2026-01-28 12:46:07,150 - __main__ - INFO - Loaded 1506 entries from IFSC cache.
2026-01-28 12:46:07,651 - __main__ - INFO - User initialization complete.
2026-01-28 12:50:01,841 - __main__ - INFO - Loaded 1506 entries from IFSC cache.
2026-01-28 12:50:02,252 - __main__ - INFO - User initialization complete.
2026-01-28 12:54:43,035 - __main__ - INFO - Loaded 1506 entries from IFSC cache.
2026-01-28 12:54:43,488 - __main__ - INFO - User initialization complete.
2026-01-28 12:54:48,635 - __main__ - INFO - Loaded 1506 entries from IFSC cache.
2026-01-28 12:54:49,086 - __main__ - INFO - User initialization complete.
2026-01-28 12:54:57,506 - __main__ - INFO - Fetching graph data for ACK: 22912250105209
2026-01-28 12:54:57,929 - __main__ - INFO - Found 196 transactions for ACK 22912250105209
2026-01-28 12:54:57,959 - __main__ - INFO - Restored persistent POH details for 2 transactions
2026-01-28 12:54:58,042 - __main__ - INFO - Restored persistent KYC details for 1 transactions
2026-01-28 12:54:58,075 - __main__ - INFO - Built hierarchy with 1 root children
2026-01-28 12:55:11,120 - __main__ - INFO - Generating letter for ack_no=22912250105209, account=120032890213, is_poh=True
2026-01-28 12:55:11,137 - __main__ - INFO - Found 2 POH transactions
2026-01-28 12:55:11,187 - __main__ - INFO - Replacements prepared: {'<Bank Name>': 'Canara Bank', '<amount lost>': '400,000.00', '<total amount>': '400,000.00', '(corresponding layer)': '3', '<transaction date - 6 months>': '21-06-2025', '<from date>': '18/12/2025 07:28:55 PM', '<Rank>': 'ADGP', '<Name>': 'varshini', '<Phno>': '8976452367', '<email id>': 'varshini@gmail.com', '<Cr.No>': '12', '<Acknowledgement no>': '22912250105209', '<Account No>': '120032890213', '<To Date>': '28-01-2026', '<current date>': '28-01-2026'}
2026-01-28 13:06:50,016 - __main__ - INFO - Fetching graph data for ACK: 22901260004608
2026-01-28 13:06:50,033 - __main__ - INFO - Found 44 transactions for ACK 22901260004608
2026-01-28 13:06:50,037 - __main__ - INFO - Restored persistent KYC details for 0 transactions
2026-01-28 13:06:50,046 - __main__ - INFO - Built hierarchy with 2 root children
2026-01-28 13:14:25,061 - __main__ - INFO - Loaded 1506 entries from IFSC cache.
2026-01-28 13:14:25,725 - __main__ - INFO - User initialization complete.
2026-01-28 13:14:40,630 - __main__ - INFO - Loaded 1506 entries from IFSC cache.
2026-01-28 13:14:41,068 - __main__ - INFO - User initialization complete.
2026-01-28 13:14:44,978 - __main__ - INFO - Loaded 1506 entries from IFSC cache.
2026-01-28 13:14:45,460 - __main__ - INFO - User initialization complete.
2026-01-28 13:15:11,228 - __main__ - INFO - Fetching graph data for ACK: 22912250105209
2026-01-28 13:15:11,384 - __main__ - INFO - Found 196 transactions for ACK 22912250105209
2026-01-28 13:15:11,395 - __main__ - INFO - Restored persistent POH details for 2 transactions
2026-01-28 13:15:11,434 - __main__ - INFO - Restored persistent KYC details for 1 transactions
2026-01-28 13:15:11,446 - __main__ - INFO - Built hierarchy with 1 root children
2026-01-28 13:15:24,421 - __main__ - INFO - Generating letter for ack_no=22912250105209, account=120032890213, is_poh=True
2026-01-28 13:15:24,440 - __main__ - INFO - Found 2 POH transactions
2026-01-28 13:15:24,539 - __main__ - INFO - Replacements prepared: {'<Bank Name>': 'Canara Bank', '<amount lost>': '400,000.00', '<total amount>': '400,000.00', '(corresponding layer)': '3', '<transaction date - 6 months>': '21-06-2025', '<from date>': '18/12/2025 07:28:55 PM', '<Rank>': 'ADGP', '<Name>': 'varshini', '<Phno>': '8976452367', '<email id>': 'varshini@gmail.com', '<Cr.No>': '12', '<Acknowledgement no>': '22912250105209', '<Account No>': '120032890213', '<To Date>': '28-01-2026', '<current date>': '28-01-2026'}
2026-01-28 13:17:16,805 - __main__ - INFO - Loaded 1506 entries from IFSC cache.
2026-01-28 13:17:17,258 - __main__ - INFO - User initialization complete.
2026-01-28 13:17:48,833 - __main__ - INFO - Fetching graph data for ACK: 22912250105209
2026-01-28 13:17:48,962 - __main__ - INFO - Found 196 transactions for ACK 22912250105209
2026-01-28 13:17:48,971 - __main__ - INFO - Restored persistent POH details for 2 transactions
2026-01-28 13:17:49,000 - __main__ - INFO - Restored persistent KYC details for 1 transactions
2026-01-28 13:17:49,015 - __main__ - INFO - Built hierarchy with 1 root children
2026-01-28 13:18:05,100 - __main__ - INFO - Generating letter for ack_no=22912250105209, account=120032890213, is_poh=True
2026-01-28 13:18:05,116 - __main__ - INFO - Found 2 POH transactions
2026-01-28 13:18:05,148 - __main__ - INFO - Replacements prepared: {'<Bank Name>': 'Canara Bank', '<amount lost>': '400,000.00', '<total amount>': '400,000.00', '(corresponding layer)': '3', '<transaction date - 6 months>': '21-06-2025', '<from date>': '18/12/2025 07:28:55 PM', '<Rank>': 'ADGP', '<Name>': 'varshini', '<Phno>': '8976452367', '<email id>': 'varshini@gmail.com', '<Cr.No>': '12', '<Acknowledgement no>': '22912250105209', '<Account No>': '120032890213', '<To Date>': '28-01-2026', '<current date>': '28-01-2026'}
2026-01-28 13:20:28,591 - __main__ - INFO - Loaded 1506 entries from IFSC cache.
2026-01-28 13:20:29,031 - __main__ - INFO - User initialization complete.
2026-01-28 13:20:55,209 - __main__ - INFO - Loaded 1506 entries from IFSC cache.
2026-01-28 13:20:55,592 - __main__ - INFO - User initialization complete.
2026-01-28 13:21:09,021 - __main__ - INFO - Loaded 1506 entries from IFSC cache.
2026-01-28 13:21:09,423 - __main__ - INFO - User initialization complete.
2026-01-28 13:22:34,390 - __main__ - INFO - Fetching graph data for ACK: 22912250105209
2026-01-28 13:22:34,618 - __main__ - INFO - Found 196 transactions for ACK 22912250105209
2026-01-28 13:22:34,648 - __main__ - INFO - Restored persistent POH details for 2 transactions
2026-01-28 13:22:34,723 - __main__ - INFO - Restored persistent KYC details for 1 transactions
2026-01-28 13:22:34,746 - __main__ - INFO - Built hierarchy with 1 root children
2026-01-28 13:22:45,165 - __main__ - INFO - Generating letter for ack_no=22912250105209, account=41778466754, is_poh=True
2026-01-28 13:22:45,180 - __main__ - INFO - Found 1 POH transactions
2026-01-28 13:22:45,235 - __main__ - INFO - Replacements prepared: {'<Bank Name>': 'State Bank of India', '<amount lost>': '679.00', '<total amount>': '679.00', '(corresponding layer)': '3rd layer', '<layer>': '3rd layer', '<transaction date - 6 months>': '21-06-2025', '<from date>': '18/12/2025 11:45:41 AM', '<Rank>': 'ADGP', '<Name>': 'varshini', '<Phno>': '8976452367', '<email id>': 'varshini@gmail.com', '<Cr.No>': '12', '<Acknowledgement no>': '22912250105209', '<Account No>': '41778466754', '<To Date>': '28-01-2026', '<current date>': '28-01-2026'}
2026-01-28 13:25:07,097 - __main__ - INFO - Loaded 1506 entries from IFSC cache.
2026-01-28 13:25:07,562 - __main__ - INFO - User initialization complete.
2026-01-28 13:25:37,172 - __main__ - INFO - Loaded 1506 entries from IFSC cache.
2026-01-28 13:25:37,588 - __main__ - INFO - User initialization complete.
2026-01-28 13:25:42,945 - __main__ - INFO - Loaded 1506 entries from IFSC cache.
2026-01-28 13:25:43,507 - __main__ - INFO - User initialization complete.
2026-01-28 13:26:11,332 - __main__ - INFO - Fetching graph data for ACK: 22912250105209
2026-01-28 13:26:11,479 - __main__ - INFO - Found 196 transactions for ACK 22912250105209
2026-01-28 13:26:11,489 - __main__ - INFO - Restored persistent POH details for 2 transactions
2026-01-28 13:26:11,515 - __main__ - INFO - Restored persistent KYC details for 1 transactions
2026-01-28 13:26:11,530 - __main__ - INFO - Built hierarchy with 1 root children
2026-01-28 13:26:23,098 - __main__ - INFO - Generating letter for ack_no=22912250105209, account=260710100076046, is_poh=True
2026-01-28 13:26:23,113 - __main__ - INFO - Found 2 POH transactions
2026-01-28 13:26:23,211 - __main__ - INFO - Replacements prepared: {'<Bank Name>': 'Union Bank of India', '<amount lost>': '1,940.00', '<total amount>': '1,940.00', '(corresponding layer)': '3rd layer', '<layer>': '3rd layer', '< Layer >': '3rd layer', '<Layer>': '3rd layer', '< layer >': '3rd layer', '<transaction date - 6 months>': '21-06-2025', '<from date>': '18/12/2025 07:29:38 PM', '<Rank>': 'ADGP', '<Name>': 'varshini', '<Phno>': '8976452367', '<email id>': 'varshini@gmail.com', '<Cr.No>': '12', '<Acknowledgement no>': '22912250105209', '<Account No>': '260710100076046', '<To Date>': '28-01-2026', '<current date>': '28-01-2026'}
2026-01-28 13:29:14,003 - __main__ - INFO - Loaded 1506 entries from IFSC cache.
2026-01-28 13:29:14,470 - __main__ - INFO - User initialization complete.
2026-01-28 13:30:01,615 - __main__ - INFO - Fetching graph data for ACK: 22912250105209
2026-01-28 13:30:01,763 - __main__ - INFO - Found 196 transactions for ACK 22912250105209
2026-01-28 13:30:01,772 - __main__ - INFO - Restored persistent POH details for 2 transactions
2026-01-28 13:30:01,799 - __main__ - INFO - Restored persistent KYC details for 1 transactions
2026-01-28 13:30:01,807 - __main__ - INFO - Built hierarchy with 1 root children
2026-01-28 13:30:12,187 - __main__ - INFO - Generating letter for ack_no=22912250105209, account=260710100076046, is_poh=True
2026-01-28 13:30:12,204 - __main__ - INFO - Found 2 POH transactions
2026-01-28 13:30:12,241 - __main__ - INFO - Replacements prepared: {'<Bank Name>': 'Union Bank of India', '<amount lost>': '1,940.00', '<total amount>': '1,940.00', '(corresponding layer)': '3rd layer', '<layer>': '3rd layer', '< Layer >': '3rd layer', '<Layer>': '3rd layer', '< layer >': '3rd layer', '<transaction date - 6 months>': '21-06-2025', '<from date>': '18/12/2025 07:29:38 PM', '<Rank>': 'ADGP', '<Name>': 'varshini', '<Phno>': '8976452367', '<email id>': 'varshini@gmail.com', '<Cr.No>': '12', '<Acknowledgement no>': '22912250105209', '<Account No>': '260710100076046', '<To Date>': '28-01-2026', '<current date>': '28-01-2026'}
2026-01-28 13:37:33,486 - __main__ - INFO - Loaded 1506 entries from IFSC cache.
2026-01-28 13:37:33,890 - __main__ - INFO - User initialization complete.
2026-01-28 13:37:47,001 - __main__ - INFO - Loaded 1506 entries from IFSC cache.
2026-01-28 13:37:47,409 - __main__ - INFO - User initialization complete.
2026-01-28 13:38:38,571 - __main__ - INFO - Loaded 1506 entries from IFSC cache.
2026-01-28 13:38:39,220 - __main__ - INFO - User initialization complete.
2026-01-28 13:38:54,043 - __main__ - INFO - Loaded 1506 entries from IFSC cache.
2026-01-28 13:38:54,508 - __main__ - INFO - User initialization complete.
2026-01-28 13:39:05,223 - __main__ - INFO - Loaded 1506 entries from IFSC cache.
2026-01-28 13:39:05,671 - __main__ - INFO - User initialization complete.
2026-01-28 13:40:28,530 - __main__ - INFO - Loaded 1506 entries from IFSC cache.
2026-01-28 13:40:29,034 - __main__ - INFO - User initialization complete.
2026-01-28 13:41:20,722 - __main__ - INFO - Loaded 1506 entries from IFSC cache.
2026-01-28 13:41:21,185 - __main__ - INFO - User initialization complete.
2026-01-28 13:41:50,101 - __main__ - INFO - Fetching graph data for ACK: 22912250105209
2026-01-28 13:41:50,218 - __main__ - INFO - Found 196 transactions for ACK 22912250105209
2026-01-28 13:41:50,225 - __main__ - INFO - Restored persistent POH details for 2 transactions
2026-01-28 13:41:50,249 - __main__ - INFO - Restored persistent KYC details for 1 transactions
2026-01-28 13:41:50,256 - __main__ - INFO - Built hierarchy with 1 root children
2026-01-28 13:42:01,186 - __main__ - INFO - Generating letter for ack_no=22912250105209, account=41778466754, is_poh=True
2026-01-28 13:42:01,203 - __main__ - INFO - Found 1 POH transactions
2026-01-28 13:44:35,164 - __main__ - INFO - Generating letter for ack_no=22912250105209, account=120032890213, is_poh=True
2026-01-28 13:44:35,178 - __main__ - INFO - Found 2 POH transactions
2026-01-28 13:48:09,511 - __main__ - INFO - Loaded 1506 entries from IFSC cache.
2026-01-28 13:48:10,072 - __main__ - INFO - User initialization complete.
